split,province,cluster_id,year,week,y_true,y_hat
fit_2015_2019,01 Distrito Nacional,4,2015,5,0.011588252149522305,0.010853513143956661
fit_2015_2019,01 Distrito Nacional,4,2015,6,0.011588252149522305,0.012397083453834057
fit_2015_2019,01 Distrito Nacional,4,2015,7,0.01351962797343731,0.011108831502497196
fit_2015_2019,01 Distrito Nacional,4,2015,8,0.0096568763256073,0.014442252926528454
fit_2015_2019,01 Distrito Nacional,4,2015,9,0.02510787919163704,0.011354787275195122
fit_2015_2019,01 Distrito Nacional,4,2015,10,0.00772550143301487,0.020433055236935616
fit_2015_2019,01 Distrito Nacional,4,2015,11,0.00772550143301487,0.011246046982705593
fit_2015_2019,01 Distrito Nacional,4,2015,12,0.00772550143301487,0.009389940649271011
fit_2015_2019,01 Distrito Nacional,4,2015,13,0.011588252149522305,0.009351902641355991
fit_2015_2019,01 Distrito Nacional,4,2015,14,0.01545100286602974,0.012093164958059788
fit_2015_2019,01 Distrito Nacional,4,2015,15,0.0193137526512146,0.015778496861457825
fit_2015_2019,01 Distrito Nacional,4,2015,16,0.03669613227248192,0.01953999139368534
fit_2015_2019,01 Distrito Nacional,4,2015,17,0.0193137526512146,0.032654400914907455
fit_2015_2019,01 Distrito Nacional,4,2015,18,0.03283338248729706,0.024136347696185112
fit_2015_2019,01 Distrito Nacional,4,2015,19,0.03090200573205948,0.032166738063097
fit_2015_2019,01 Distrito Nacional,4,2015,20,0.03476475551724434,0.03367656469345093
fit_2015_2019,01 Distrito Nacional,4,2015,21,0.04635300859808922,0.03648615628480911
fit_2015_2019,01 Distrito Nacional,4,2015,22,0.0386275053024292,0.045406170189380646
fit_2015_2019,01 Distrito Nacional,4,2015,23,0.04442163184285164,0.04382140189409256
fit_2015_2019,01 Distrito Nacional,4,2015,24,0.05987263470888138,0.04730742797255516
fit_2015_2019,01 Distrito Nacional,4,2015,25,0.02703925408422947,0.058888990432024
fit_2015_2019,01 Distrito Nacional,4,2015,26,0.0482843816280365,0.0401480495929718
fit_2015_2019,01 Distrito Nacional,4,2015,27,0.05407850816845894,0.049884431064128876
fit_2015_2019,01 Distrito Nacional,4,2015,28,0.0482843816280365,0.0571136400103569
fit_2015_2019,01 Distrito Nacional,4,2015,29,0.06180401146411896,0.05588642507791519
fit_2015_2019,01 Distrito Nacional,4,2015,30,0.06566675752401352,0.06403204053640366
fit_2015_2019,01 Distrito Nacional,4,2015,31,0.077255018055439,0.07058990746736526
fit_2015_2019,01 Distrito Nacional,4,2015,32,0.0675981342792511,0.08126255124807358
fit_2015_2019,01 Distrito Nacional,4,2015,33,0.0675981342792511,0.07742725312709808
fit_2015_2019,01 Distrito Nacional,4,2015,34,0.07918638736009598,0.07648632675409317
fit_2015_2019,01 Distrito Nacional,4,2015,35,0.13326489925384521,0.08428842574357986
fit_2015_2019,01 Distrito Nacional,4,2015,36,0.1545100212097168,0.12442434579133987
fit_2015_2019,01 Distrito Nacional,4,2015,37,0.12747077643871307,0.15072061121463776
fit_2015_2019,01 Distrito Nacional,4,2015,38,0.17961791157722473,0.14406761527061462
fit_2015_2019,01 Distrito Nacional,4,2015,39,0.19700028002262115,0.17215228080749512
fit_2015_2019,01 Distrito Nacional,4,2015,40,0.22597092390060425,0.192953422665596
fit_2015_2019,01 Distrito Nacional,4,2015,41,0.18734337389469147,0.21902115643024445
fit_2015_2019,01 Distrito Nacional,4,2015,42,0.268461138010025,0.19730015099048615
fit_2015_2019,01 Distrito Nacional,4,2015,43,0.2027943879365921,0.24277548491954803
fit_2015_2019,01 Distrito Nacional,4,2015,44,0.1834806501865387,0.20508921146392822
fit_2015_2019,01 Distrito Nacional,4,2015,45,0.19506891071796417,0.18178676068782806
fit_2015_2019,01 Distrito Nacional,4,2015,46,0.18734337389469147,0.1708144247531891
fit_2015_2019,01 Distrito Nacional,4,2015,47,0.12747077643871307,0.16215327382087708
fit_2015_2019,01 Distrito Nacional,4,2015,48,0.1351962685585022,0.11919274181127548
fit_2015_2019,01 Distrito Nacional,4,2015,49,0.1255393922328949,0.11486975848674774
fit_2015_2019,01 Distrito Nacional,4,2015,50,0.14292177557945251,0.10545168817043304
fit_2015_2019,01 Distrito Nacional,4,2015,51,0.08498051762580872,0.11947362124919891
fit_2015_2019,01 Distrito Nacional,4,2015,52,0.11974526941776276,0.08511505275964737
fit_2015_2019,01 Distrito Nacional,4,2016,1,0.07287511974573135,0.10068374872207642
fit_2015_2019,01 Distrito Nacional,4,2016,2,0.09205278754234314,0.07161606848239899
fit_2015_2019,01 Distrito Nacional,4,2016,3,0.06712181866168976,0.08015352487564087
fit_2015_2019,01 Distrito Nacional,4,2016,4,0.08821725100278854,0.06572800129652023
fit_2015_2019,01 Distrito Nacional,4,2016,5,0.07479289174079895,0.07869904488325119
fit_2015_2019,01 Distrito Nacional,4,2016,6,0.04794415831565857,0.07157360762357712
fit_2015_2019,01 Distrito Nacional,4,2016,7,0.05753299221396446,0.05140537768602371
fit_2015_2019,01 Distrito Nacional,4,2016,8,0.05945075675845146,0.0540710873901844
fit_2015_2019,01 Distrito Nacional,4,2016,9,0.040273092687129974,0.05542625114321709
fit_2015_2019,01 Distrito Nacional,4,2016,10,0.024930963292717934,0.043223779648542404
fit_2015_2019,01 Distrito Nacional,4,2016,11,0.015342130325734615,0.02932659722864628
fit_2015_2019,01 Distrito Nacional,4,2016,12,0.038355328142642975,0.01980655826628208
fit_2015_2019,01 Distrito Nacional,4,2016,13,0.015342130325734615,0.03247971460223198
fit_2015_2019,01 Distrito Nacional,4,2016,14,0.026848729699850082,0.02055353857576847
fit_2015_2019,01 Distrito Nacional,4,2016,15,0.015342130325734615,0.0257980078458786
fit_2015_2019,01 Distrito Nacional,4,2016,16,0.011506598442792892,0.018984680995345116
fit_2015_2019,01 Distrito Nacional,4,2016,17,0.007671065162867308,0.0162915401160717
fit_2015_2019,01 Distrito Nacional,4,2016,18,0.023013195022940636,0.013218164443969727
fit_2015_2019,01 Distrito Nacional,4,2016,19,0.015342130325734615,0.021178094670176506
fit_2015_2019,01 Distrito Nacional,4,2016,20,0.024930963292717934,0.019129300490021706
fit_2015_2019,01 Distrito Nacional,4,2016,21,0.011506598442792892,0.023161649703979492
fit_2015_2019,01 Distrito Nacional,4,2016,22,0.026848729699850082,0.016436001285910606
fit_2015_2019,01 Distrito Nacional,4,2016,23,0.03068426065146923,0.02408689260482788
fit_2015_2019,01 Distrito Nacional,4,2016,24,0.042190857231616974,0.030099719762802124
fit_2015_2019,01 Distrito Nacional,4,2016,25,0.04602639377117157,0.03926273435354233
fit_2015_2019,01 Distrito Nacional,4,2016,26,0.03643755987286568,0.04445021599531174
fit_2015_2019,01 Distrito Nacional,4,2016,27,0.026848729699850082,0.04102260619401932
fit_2015_2019,01 Distrito Nacional,4,2016,28,0.019177664071321487,0.033316656947135925
fit_2015_2019,01 Distrito Nacional,4,2016,29,0.007671065162867308,0.025832301005721092
fit_2015_2019,01 Distrito Nacional,4,2016,30,0.015342130325734615,0.013957763090729713
fit_2015_2019,01 Distrito Nacional,4,2016,31,0.015342130325734615,0.016129689291119576
fit_2015_2019,01 Distrito Nacional,4,2016,32,0.005753300152719021,0.017301062121987343
fit_2015_2019,01 Distrito Nacional,4,2016,33,0.005753300152719021,0.010852488689124584
fit_2015_2019,01 Distrito Nacional,4,2016,34,0.005753300152719021,0.007209255825728178
fit_2015_2019,01 Distrito Nacional,4,2016,35,0.009588832035660744,0.0051194531843066216
fit_2015_2019,01 Distrito Nacional,4,2016,36,0.007671065162867308,0.008890676312148571
fit_2015_2019,01 Distrito Nacional,4,2016,37,0.005753300152719021,0.00700933113694191
fit_2015_2019,01 Distrito Nacional,4,2016,38,0.005753300152719021,0.006364068016409874
fit_2015_2019,01 Distrito Nacional,4,2016,39,0.007671065162867308,0.004986568819731474
fit_2015_2019,01 Distrito Nacional,4,2016,40,0.0,0.00625846441835165
fit_2015_2019,01 Distrito Nacional,4,2016,41,0.005753300152719021,0.0016350613441318274
fit_2015_2019,01 Distrito Nacional,4,2016,42,0.009588832035660744,0.004478701390326023
fit_2015_2019,01 Distrito Nacional,4,2016,43,0.0038355346769094467,0.006615651771426201
fit_2015_2019,01 Distrito Nacional,4,2016,44,0.005753300152719021,0.003762241452932358
fit_2015_2019,01 Distrito Nacional,4,2016,45,0.015342130325734615,0.004248592536896467
fit_2015_2019,01 Distrito Nacional,4,2016,46,0.007671065162867308,0.011271551251411438
fit_2015_2019,01 Distrito Nacional,4,2016,47,0.001917768269777298,0.007143291644752026
fit_2015_2019,01 Distrito Nacional,4,2016,48,0.011506598442792892,0.0020042003598064184
fit_2015_2019,01 Distrito Nacional,4,2016,49,0.0,0.00933212973177433
fit_2015_2019,01 Distrito Nacional,4,2016,50,0.0038355346769094467,0.0008444475242868066
fit_2015_2019,01 Distrito Nacional,4,2016,51,0.0038355346769094467,0.002411623951047659
fit_2015_2019,01 Distrito Nacional,4,2016,52,0.005753300152719021,0.0036399923264980316
fit_2015_2019,01 Distrito Nacional,4,2017,1,0.0,0.005315260961651802
fit_2015_2019,01 Distrito Nacional,4,2017,2,0.003808946581557393,0.0019405848579481244
fit_2015_2019,01 Distrito Nacional,4,2017,3,0.0,0.001418485539034009
fit_2015_2019,01 Distrito Nacional,4,2017,4,0.0,-8.791646905592643e-06
fit_2015_2019,01 Distrito Nacional,4,2017,5,0.0019044734071940184,0.0004058558552060276
fit_2015_2019,01 Distrito Nacional,4,2017,6,0.0019044734071940184,0.0003826120519079268
fit_2015_2019,01 Distrito Nacional,4,2017,7,0.0,0.0005914939101785421
fit_2015_2019,01 Distrito Nacional,4,2017,8,0.0019044734071940184,0.0009428159683011472
fit_2015_2019,01 Distrito Nacional,4,2017,9,0.007617891300469637,0.0008397757774218917
fit_2015_2019,01 Distrito Nacional,4,2017,10,0.0057134167291224,0.005191077943891287
fit_2015_2019,01 Distrito Nacional,4,2017,11,0.0,0.005263400264084339
fit_2015_2019,01 Distrito Nacional,4,2017,12,0.0,0.0004945129621773958
fit_2015_2019,01 Distrito Nacional,4,2017,13,0.003808946581557393,-8.662787149660289e-05
fit_2015_2019,01 Distrito Nacional,4,2017,14,0.003808946581557393,0.001999004278331995
fit_2015_2019,01 Distrito Nacional,4,2017,15,0.0019044734071940184,0.0031031921971589327
fit_2015_2019,01 Distrito Nacional,4,2017,16,0.003808946581557393,0.0028341824654489756
fit_2015_2019,01 Distrito Nacional,4,2017,17,0.0,0.004599961917847395
fit_2015_2019,01 Distrito Nacional,4,2017,18,0.0057134167291224,0.0022882584016770124
fit_2015_2019,01 Distrito Nacional,4,2017,19,0.007617891300469637,0.003798427525907755
fit_2015_2019,01 Distrito Nacional,4,2017,20,0.01142683532088995,0.006444552913308144
fit_2015_2019,01 Distrito Nacional,4,2017,21,0.0057134167291224,0.008813842199742794
fit_2015_2019,01 Distrito Nacional,4,2017,22,0.007617891300469637,0.007063298486173153
fit_2015_2019,01 Distrito Nacional,4,2017,23,0.0057134167291224,0.007666357792913914
fit_2015_2019,01 Distrito Nacional,4,2017,24,0.0,0.007256562355905771
fit_2015_2019,01 Distrito Nacional,4,2017,25,0.0057134167291224,0.0025476727169007063
fit_2015_2019,01 Distrito Nacional,4,2017,26,0.003808946581557393,0.006020514294505119
fit_2015_2019,01 Distrito Nacional,4,2017,27,0.0019044734071940184,0.005291131790727377
fit_2015_2019,01 Distrito Nacional,4,2017,28,0.007617891300469637,0.003795129247009754
fit_2015_2019,01 Distrito Nacional,4,2017,29,0.0057134167291224,0.008026264607906342
fit_2015_2019,01 Distrito Nacional,4,2017,30,0.003808946581557393,0.005832214839756489
fit_2015_2019,01 Distrito Nacional,4,2017,31,0.0019044734071940184,0.005235197953879833
fit_2015_2019,01 Distrito Nacional,4,2017,32,0.0019044734071940184,0.003310321131721139
fit_2015_2019,01 Distrito Nacional,4,2017,33,0.003808946581557393,0.003010332118719816
fit_2015_2019,01 Distrito Nacional,4,2017,34,0.0057134167291224,0.003861968172714114
fit_2015_2019,01 Distrito Nacional,4,2017,35,0.0057134167291224,0.0058420561254024506
fit_2015_2019,01 Distrito Nacional,4,2017,36,0.0,0.005685540847480297
fit_2015_2019,01 Distrito Nacional,4,2017,37,0.0,0.0011683257762342691
fit_2015_2019,01 Distrito Nacional,4,2017,38,0.013331308029592037,0.0015288383001461625
fit_2015_2019,01 Distrito Nacional,4,2017,39,0.007617891300469637,0.009401753544807434
fit_2015_2019,01 Distrito Nacional,4,2017,40,0.009522363543510437,0.008030795492231846
fit_2015_2019,01 Distrito Nacional,4,2017,41,0.009522363543510437,0.007692117244005203
fit_2015_2019,01 Distrito Nacional,4,2017,42,0.007617891300469637,0.00780230900272727
fit_2015_2019,01 Distrito Nacional,4,2017,43,0.009522363543510437,0.006673070602118969
fit_2015_2019,01 Distrito Nacional,4,2017,44,0.0057134167291224,0.008077336475253105
fit_2015_2019,01 Distrito Nacional,4,2017,45,0.0057134167291224,0.005215444602072239
fit_2015_2019,01 Distrito Nacional,4,2017,46,0.0057134167291224,0.004383543506264687
fit_2015_2019,01 Distrito Nacional,4,2017,47,0.009522363543510437,0.0038675067480653524
fit_2015_2019,01 Distrito Nacional,4,2017,48,0.013331308029592037,0.006191964726895094
fit_2015_2019,01 Distrito Nacional,4,2017,49,0.003808946581557393,0.008564087562263012
fit_2015_2019,01 Distrito Nacional,4,2017,50,0.0,0.0015005689347162843
fit_2015_2019,01 Distrito Nacional,4,2017,51,0.0019044734071940184,-0.0001943816605489701
fit_2015_2019,01 Distrito Nacional,4,2017,52,0.0,0.0014064842835068703
fit_2015_2019,01 Distrito Nacional,4,2018,1,0.0018908390775322914,0.0007621270488016307
fit_2015_2019,01 Distrito Nacional,4,2018,2,0.0018908390775322914,0.002494535641744733
fit_2015_2019,01 Distrito Nacional,4,2018,3,0.0018908390775322914,0.00015100113523658365
fit_2015_2019,01 Distrito Nacional,4,2018,4,0.00378167862072587,0.0001927911798702553
fit_2015_2019,01 Distrito Nacional,4,2018,5,0.00378167862072587,0.002275940729305148
fit_2015_2019,01 Distrito Nacional,4,2018,6,0.0,0.0021216508466750383
fit_2015_2019,01 Distrito Nacional,4,2018,7,0.0,-0.00021988715161569417
fit_2015_2019,01 Distrito Nacional,4,2018,8,0.0018908390775322914,0.00039657988236285746
fit_2015_2019,01 Distrito Nacional,4,2018,9,0.0,0.0007348748040385544
fit_2015_2019,01 Distrito Nacional,4,2018,10,0.0018908390775322914,-0.00019551391596905887
fit_2015_2019,01 Distrito Nacional,4,2018,11,0.00378167862072587,0.0004715652612503618
fit_2015_2019,01 Distrito Nacional,4,2018,12,0.0056725163012743,0.0017847457202151418
fit_2015_2019,01 Distrito Nacional,4,2018,13,0.00378167862072587,0.004022585228085518
fit_2015_2019,01 Distrito Nacional,4,2018,14,0.013235870748758316,0.002922139363363385
fit_2015_2019,01 Distrito Nacional,4,2018,15,0.0,0.009569934569299221
fit_2015_2019,01 Distrito Nacional,4,2018,16,0.00378167862072587,0.0029019382782280445
fit_2015_2019,01 Distrito Nacional,4,2018,17,0.0018908390775322914,0.003985815215855837
fit_2015_2019,01 Distrito Nacional,4,2018,18,0.0018908390775322914,0.0032126654405146837
fit_2015_2019,01 Distrito Nacional,4,2018,19,0.00378167862072587,0.0016981199150905013
fit_2015_2019,01 Distrito Nacional,4,2018,20,0.0056725163012743,0.004776937887072563
fit_2015_2019,01 Distrito Nacional,4,2018,21,0.00378167862072587,0.0057206833735108376
fit_2015_2019,01 Distrito Nacional,4,2018,22,0.0,0.00461565563455224
fit_2015_2019,01 Distrito Nacional,4,2018,23,0.0018908390775322914,0.0014144974993541837
fit_2015_2019,01 Distrito Nacional,4,2018,24,0.0056725163012743,0.002404696773737669
fit_2015_2019,01 Distrito Nacional,4,2018,25,0.007563353981822729,0.005829391069710255
fit_2015_2019,01 Distrito Nacional,4,2018,26,0.0,0.007933254353702068
fit_2015_2019,01 Distrito Nacional,4,2018,27,0.0018908390775322914,0.00361547339707613
fit_2015_2019,01 Distrito Nacional,4,2018,28,0.00378167862072587,0.003600204363465309
fit_2015_2019,01 Distrito Nacional,4,2018,29,0.0,0.0063273850828409195
fit_2015_2019,01 Distrito Nacional,4,2018,30,0.0056725163012743,0.0016873878194019198
fit_2015_2019,01 Distrito Nacional,4,2018,31,0.00378167862072587,0.005583601072430611
fit_2015_2019,01 Distrito Nacional,4,2018,32,0.00378167862072587,0.0059101819060742855
fit_2015_2019,01 Distrito Nacional,4,2018,33,0.0018908390775322914,0.005927280988544226
fit_2015_2019,01 Distrito Nacional,4,2018,34,0.0018908390775322914,0.00503202248364687
fit_2015_2019,01 Distrito Nacional,4,2018,35,0.0,0.004752948880195618
fit_2015_2019,01 Distrito Nacional,4,2018,36,0.0056725163012743,0.002014472847804427
fit_2015_2019,01 Distrito Nacional,4,2018,37,0.0170175451785326,0.007489206735044718
fit_2015_2019,01 Distrito Nacional,4,2018,38,0.009454192593693733,0.016874028369784355
fit_2015_2019,01 Distrito Nacional,4,2018,39,0.00378167862072587,0.010506870225071907
fit_2015_2019,01 Distrito Nacional,4,2018,40,0.00378167862072587,0.0071140252985060215
fit_2015_2019,01 Distrito Nacional,4,2018,41,0.013235870748758316,0.00582113116979599
fit_2015_2019,01 Distrito Nacional,4,2018,42,0.007563353981822729,0.011911813169717789
fit_2015_2019,01 Distrito Nacional,4,2018,43,0.007563353981822729,0.010647185146808624
fit_2015_2019,01 Distrito Nacional,4,2018,44,0.0056725163012743,0.008802137337625027
fit_2015_2019,01 Distrito Nacional,4,2018,45,0.007563353981822729,0.0052968296222388744
fit_2015_2019,01 Distrito Nacional,4,2018,46,0.01134503073990345,0.008458196185529232
fit_2015_2019,01 Distrito Nacional,4,2018,47,0.013235870748758316,0.011544693261384964
fit_2015_2019,01 Distrito Nacional,4,2018,48,0.013235870748758316,0.013137973845005035
fit_2015_2019,01 Distrito Nacional,4,2018,49,0.009454192593693733,0.01504695788025856
fit_2015_2019,01 Distrito Nacional,4,2018,50,0.015126707032322884,0.011071844957768917
fit_2015_2019,01 Distrito Nacional,4,2018,51,0.01134503073990345,0.014771533198654652
fit_2015_2019,01 Distrito Nacional,4,2018,52,0.0170175451785326,0.013330577872693539
fit_2015_2019,01 Distrito Nacional,4,2019,1,0.00939137302339077,0.017198894172906876
fit_2015_2019,01 Distrito Nacional,4,2019,2,0.013147922232747078,0.013949677348136902
fit_2015_2019,01 Distrito Nacional,4,2019,3,0.022539297118782997,0.01343853771686554
fit_2015_2019,01 Distrito Nacional,4,2019,4,0.01878274604678154,0.021130139008164406
fit_2015_2019,01 Distrito Nacional,4,2019,5,0.02441757172346115,0.02009105309844017
fit_2015_2019,01 Distrito Nacional,4,2019,6,0.020661022514104843,0.022566046565771103
fit_2015_2019,01 Distrito Nacional,4,2019,7,0.00939137302339077,0.020332325249910355
fit_2015_2019,01 Distrito Nacional,4,2019,8,0.016904473304748535,0.014169826172292233
fit_2015_2019,01 Distrito Nacional,4,2019,9,0.022539297118782997,0.016687337309122086
fit_2015_2019,01 Distrito Nacional,4,2019,10,0.022539297118782997,0.021413812413811684
fit_2015_2019,01 Distrito Nacional,4,2019,11,0.035687223076820374,0.02238066866993904
fit_2015_2019,01 Distrito Nacional,4,2019,12,0.026295846328139305,0.030694978311657906
fit_2015_2019,01 Distrito Nacional,4,2019,13,0.020661022514104843,0.0272118728607893
fit_2015_2019,01 Distrito Nacional,4,2019,14,0.03756549581885338,0.02318260632455349
fit_2015_2019,01 Distrito Nacional,4,2019,15,0.022539297118782997,0.0328485444188118
fit_2015_2019,01 Distrito Nacional,4,2019,16,0.03944376856088638,0.02621617540717125
fit_2015_2019,01 Distrito Nacional,4,2019,17,0.02441757172346115,0.03584807738661766
fit_2015_2019,01 Distrito Nacional,4,2019,18,0.020661022514104843,0.02920646220445633
fit_2015_2019,01 Distrito Nacional,4,2019,19,0.03380894288420677,0.023220863193273544
fit_2015_2019,01 Distrito Nacional,4,2019,20,0.046956866979599,0.03291937708854675
fit_2015_2019,01 Distrito Nacional,4,2019,21,0.02817412093281746,0.04445701092481613
fit_2015_2019,01 Distrito Nacional,4,2019,22,0.04320031777024269,0.03424210846424103
fit_2015_2019,01 Distrito Nacional,4,2019,23,0.04320031777024269,0.04249691963195801
fit_2015_2019,01 Distrito Nacional,4,2019,24,0.05822651460766792,0.0446140356361866
fit_2015_2019,01 Distrito Nacional,4,2019,25,0.060104791074991226,0.05666056647896767
fit_2015_2019,01 Distrito Nacional,4,2019,26,0.08076581358909607,0.06293515115976334
fit_2015_2019,01 Distrito Nacional,4,2019,27,0.0976702868938446,0.07905007153749466
fit_2015_2019,01 Distrito Nacional,4,2019,28,0.12396613508462906,0.096992626786232
fit_2015_2019,01 Distrito Nacional,4,2019,29,0.1446271538734436,0.12209422886371613
fit_2015_2019,01 Distrito Nacional,4,2019,30,0.12396613508462906,0.14250409603118896
fit_2015_2019,01 Distrito Nacional,4,2019,31,0.09954856336116791,0.13620004057884216
fit_2015_2019,01 Distrito Nacional,4,2019,32,0.10706166177988052,0.11447656899690628
fit_2015_2019,01 Distrito Nacional,4,2019,33,0.13147923350334167,0.11107266694307327
fit_2015_2019,01 Distrito Nacional,4,2019,34,0.15026196837425232,0.12827619910240173
fit_2015_2019,01 Distrito Nacional,4,2019,35,0.1483837068080902,0.14661140739917755
fit_2015_2019,01 Distrito Nacional,4,2019,36,0.15589679777622223,0.1536741405725479
fit_2015_2019,01 Distrito Nacional,4,2019,37,0.12584441900253296,0.15855807065963745
fit_2015_2019,01 Distrito Nacional,4,2019,38,0.1427488923072815,0.14041517674922943
fit_2015_2019,01 Distrito Nacional,4,2019,39,0.08452235907316208,0.1414337456226349
fit_2015_2019,01 Distrito Nacional,4,2019,40,0.12960095703601837,0.09784119576215744
fit_2015_2019,01 Distrito Nacional,4,2019,41,0.09203546494245529,0.11725563555955887
fit_2015_2019,01 Distrito Nacional,4,2019,42,0.07137443870306015,0.09393905103206635
fit_2015_2019,01 Distrito Nacional,4,2019,43,0.09954856336116791,0.07549522072076797
fit_2015_2019,01 Distrito Nacional,4,2019,44,0.060104791074991226,0.08850401639938354
fit_2015_2019,01 Distrito Nacional,4,2019,45,0.05822651460766792,0.06488251686096191
fit_2015_2019,01 Distrito Nacional,4,2019,46,0.05071341618895531,0.05757506191730499
fit_2015_2019,01 Distrito Nacional,4,2019,47,0.06386134028434753,0.04988298937678337
fit_2015_2019,01 Distrito Nacional,4,2019,48,0.03193067014217377,0.05713317170739174
fit_2015_2019,01 Distrito Nacional,4,2019,49,0.041322045028209686,0.03676459938287735
fit_2015_2019,01 Distrito Nacional,4,2019,50,0.035687223076820374,0.04031546786427498
fit_2015_2019,01 Distrito Nacional,4,2019,51,0.041322045028209686,0.03511480614542961
fit_2015_2019,01 Distrito Nacional,4,2019,52,0.02817412093281746,0.0384221076965332
fit_2015_2019,02 Azua,3,2015,5,0.06216355785727501,0.02189374528825283
fit_2015_2019,02 Azua,3,2015,6,0.03552203252911568,0.0591239407658577
fit_2015_2019,02 Azua,3,2015,7,0.026641525328159332,0.0347481369972229
fit_2015_2019,02 Azua,3,2015,8,0.026641525328159332,0.030372915789484978
fit_2015_2019,02 Azua,3,2015,9,0.04440253973007202,0.028849545866250992
fit_2015_2019,02 Azua,3,2015,10,0.026641525328159332,0.042088184505701065
fit_2015_2019,02 Azua,3,2015,11,0.04440253973007202,0.028557633981108665
fit_2015_2019,02 Azua,3,2015,12,0.053283046931028366,0.04299359396100044
fit_2015_2019,02 Azua,3,2015,13,0.06216355785727501,0.050101593136787415
fit_2015_2019,02 Azua,3,2015,14,0.03552203252911568,0.0585303008556366
fit_2015_2019,02 Azua,3,2015,15,0.026641525328159332,0.037766456604003906
fit_2015_2019,02 Azua,3,2015,16,0.026641525328159332,0.02837778814136982
fit_2015_2019,02 Azua,3,2015,17,0.01776101626455784,0.02854952961206436
fit_2015_2019,02 Azua,3,2015,18,0.04440253973007202,0.019668016582727432
fit_2015_2019,02 Azua,3,2015,19,0.03552203252911568,0.045169610530138016
fit_2015_2019,02 Azua,3,2015,20,0.008880509063601494,0.0395016074180603
fit_2015_2019,02 Azua,3,2015,21,0.026641525328159332,0.014286668039858341
fit_2015_2019,02 Azua,3,2015,22,0.0,0.025798577815294266
fit_2015_2019,02 Azua,3,2015,23,0.008880509063601494,0.00692488718777895
fit_2015_2019,02 Azua,3,2015,24,0.008880509063601494,0.011750463396310806
fit_2015_2019,02 Azua,3,2015,25,0.026641525328159332,0.013140279799699783
fit_2015_2019,02 Azua,3,2015,26,0.0,0.028318243101239204
fit_2015_2019,02 Azua,3,2015,27,0.053283046931028366,0.009788726456463337
fit_2015_2019,02 Azua,3,2015,28,0.07104406505823135,0.05110781267285347
fit_2015_2019,02 Azua,3,2015,29,0.01776101626455784,0.07204967737197876
fit_2015_2019,02 Azua,3,2015,30,0.01776101626455784,0.025237126275897026
fit_2015_2019,02 Azua,3,2015,31,0.026641525328159332,0.022792870178818703
fit_2015_2019,02 Azua,3,2015,32,0.01776101626455784,0.03140038996934891
fit_2015_2019,02 Azua,3,2015,33,0.01776101626455784,0.02522602118551731
fit_2015_2019,02 Azua,3,2015,34,0.03552203252911568,0.025546515360474586
fit_2015_2019,02 Azua,3,2015,35,0.06216355785727501,0.04085160419344902
fit_2015_2019,02 Azua,3,2015,36,0.08880507946014404,0.06545641273260117
fit_2015_2019,02 Azua,3,2015,37,0.08880507946014404,0.09390153735876083
fit_2015_2019,02 Azua,3,2015,38,0.159849151968956,0.10084816813468933
fit_2015_2019,02 Azua,3,2015,39,0.10656610131263733,0.1557128131389618
fit_2015_2019,02 Azua,3,2015,40,0.24865421652793884,0.11863819509744644
fit_2015_2019,02 Azua,3,2015,41,0.20425169169902802,0.23264844715595245
fit_2015_2019,02 Azua,3,2015,42,0.26641523838043213,0.20822858810424805
fit_2015_2019,02 Azua,3,2015,43,0.2220126837491989,0.25713837146759033
fit_2015_2019,02 Azua,3,2015,44,0.2397737056016922,0.21727494895458221
fit_2015_2019,02 Azua,3,2015,45,0.23089320957660675,0.22657227516174316
fit_2015_2019,02 Azua,3,2015,46,0.2220126837491989,0.2126188725233078
fit_2015_2019,02 Azua,3,2015,47,0.1420881301164627,0.19928251206874847
fit_2015_2019,02 Azua,3,2015,48,0.19537118077278137,0.12473727762699127
fit_2015_2019,02 Azua,3,2015,49,0.1420881301164627,0.16676580905914307
fit_2015_2019,02 Azua,3,2015,50,0.12432711571455002,0.12054669111967087
fit_2015_2019,02 Azua,3,2015,51,0.053283046931028366,0.1052950918674469
fit_2015_2019,02 Azua,3,2015,52,0.053283046931028366,0.04943588003516197
fit_2015_2019,02 Azua,3,2016,1,0.07969481498003006,0.05173425003886223
fit_2015_2019,02 Azua,3,2016,2,0.08854980021715164,0.07534383982419968
fit_2015_2019,02 Azua,3,2016,3,0.09740477800369263,0.0804561898112297
fit_2015_2019,02 Azua,3,2016,4,0.04427490010857582,0.0889173373579979
fit_2015_2019,02 Azua,3,2016,5,0.03541991859674454,0.04331761971116066
fit_2015_2019,02 Azua,3,2016,6,0.07083984464406967,0.038739413022994995
fit_2015_2019,02 Azua,3,2016,7,0.06198485940694809,0.07177427411079407
fit_2015_2019,02 Azua,3,2016,8,0.1151147410273552,0.06762530654668808
fit_2015_2019,02 Azua,3,2016,9,0.07083984464406967,0.10873585939407349
fit_2015_2019,02 Azua,3,2016,10,0.008854979649186134,0.07087456434965134
fit_2015_2019,02 Azua,3,2016,11,0.0,0.015701724216341972
fit_2015_2019,02 Azua,3,2016,12,0.026564938947558403,0.0050942315720021725
fit_2015_2019,02 Azua,3,2016,13,0.026564938947558403,0.02957894839346409
fit_2015_2019,02 Azua,3,2016,14,0.053129881620407104,0.02915150485932827
fit_2015_2019,02 Azua,3,2016,15,0.008854979649186134,0.05155956745147705
fit_2015_2019,02 Azua,3,2016,16,0.053129881620407104,0.016316251829266548
fit_2015_2019,02 Azua,3,2016,17,0.017709961161017418,0.05210614949464798
fit_2015_2019,02 Azua,3,2016,18,0.017709961161017418,0.026344165205955505
fit_2015_2019,02 Azua,3,2016,19,0.0,0.019603315740823746
fit_2015_2019,02 Azua,3,2016,20,0.026564938947558403,0.008307289332151413
fit_2015_2019,02 Azua,3,2016,21,0.07969481498003006,0.02917187102138996
fit_2015_2019,02 Azua,3,2016,22,0.017709961161017418,0.07420817017555237
fit_2015_2019,02 Azua,3,2016,23,0.026564938947558403,0.02509590983390808
fit_2015_2019,02 Azua,3,2016,24,0.053129881620407104,0.026945307850837708
fit_2015_2019,02 Azua,3,2016,25,0.017709961161017418,0.051613494753837585
fit_2015_2019,02 Azua,3,2016,26,0.0,0.026003897190093994
fit_2015_2019,02 Azua,3,2016,27,0.017709961161017418,0.006333861034363508
fit_2015_2019,02 Azua,3,2016,28,0.026564938947558403,0.017214123159646988
fit_2015_2019,02 Azua,3,2016,29,0.053129881620407104,0.02609727717936039
fit_2015_2019,02 Azua,3,2016,30,0.008854979649186134,0.04601176455616951
fit_2015_2019,02 Azua,3,2016,31,0.008854979649186134,0.013050622306764126
fit_2015_2019,02 Azua,3,2016,32,0.0,0.00923230405896902
fit_2015_2019,02 Azua,3,2016,33,0.0,0.002205602591857314
fit_2015_2019,02 Azua,3,2016,34,0.017709961161017418,0.0016715399688109756
fit_2015_2019,02 Azua,3,2016,35,0.017709961161017418,0.014468841254711151
fit_2015_2019,02 Azua,3,2016,36,0.008854979649186134,0.019657714292407036
fit_2015_2019,02 Azua,3,2016,37,0.017709961161017418,0.010677864775061607
fit_2015_2019,02 Azua,3,2016,38,0.026564938947558403,0.02056122198700905
fit_2015_2019,02 Azua,3,2016,39,0.008854979649186134,0.02512023225426674
fit_2015_2019,02 Azua,3,2016,40,0.0,0.008413423784077168
fit_2015_2019,02 Azua,3,2016,41,0.0,-0.0013082923833280802
fit_2015_2019,02 Azua,3,2016,42,0.0,0.0018695612670853734
fit_2015_2019,02 Azua,3,2016,43,0.0,-0.0008039965759962797
fit_2015_2019,02 Azua,3,2016,44,0.0,0.002526123309507966
fit_2015_2019,02 Azua,3,2016,45,0.0,0.0016336210537701845
fit_2015_2019,02 Azua,3,2016,46,0.0,0.0010051596909761429
fit_2015_2019,02 Azua,3,2016,47,0.0,0.0017432660097256303
fit_2015_2019,02 Azua,3,2016,48,0.0,0.0014120204141363502
fit_2015_2019,02 Azua,3,2016,49,0.0,0.001700780587270856
fit_2015_2019,02 Azua,3,2016,50,0.0,0.0009098948794417083
fit_2015_2019,02 Azua,3,2016,51,0.0,0.0012996364384889603
fit_2015_2019,02 Azua,3,2016,52,0.008854979649186134,0.0008695924188941717
fit_2015_2019,02 Azua,3,2017,1,0.0,0.010462437756359577
fit_2015_2019,02 Azua,3,2017,2,0.0,-0.0014673275873064995
fit_2015_2019,02 Azua,3,2017,3,0.0,-0.0035476156044751406
fit_2015_2019,02 Azua,3,2017,4,0.0,0.0033192578703165054
fit_2015_2019,02 Azua,3,2017,5,0.0,0.0033939238637685776
fit_2015_2019,02 Azua,3,2017,6,0.0,0.00222269119694829
fit_2015_2019,02 Azua,3,2017,7,0.0,0.001996835460886359
fit_2015_2019,02 Azua,3,2017,8,0.0,0.003945318050682545
fit_2015_2019,02 Azua,3,2017,9,0.0,0.0014393023448064923
fit_2015_2019,02 Azua,3,2017,10,0.008830319158732891,0.0016414307756349444
fit_2015_2019,02 Azua,3,2017,11,0.008830319158732891,0.011176667176187038
fit_2015_2019,02 Azua,3,2017,12,0.0,0.008979295380413532
fit_2015_2019,02 Azua,3,2017,13,0.0,-0.0004515298642218113
fit_2015_2019,02 Azua,3,2017,14,0.01766064018011093,-0.0005668321973644197
fit_2015_2019,02 Azua,3,2017,15,0.01766064018011093,0.016275089234113693
fit_2015_2019,02 Azua,3,2017,16,0.01766064018011093,0.018592022359371185
fit_2015_2019,02 Azua,3,2017,17,0.0,0.017225954681634903
fit_2015_2019,02 Azua,3,2017,18,0.0,0.0016977505292743444
fit_2015_2019,02 Azua,3,2017,19,0.0,0.0005787087138742208
fit_2015_2019,02 Azua,3,2017,20,0.008830319158732891,0.0035655510146170855
fit_2015_2019,02 Azua,3,2017,21,0.0,0.0069964793510735035
fit_2015_2019,02 Azua,3,2017,22,0.01766064018011093,0.006874706130474806
fit_2015_2019,02 Azua,3,2017,23,0.008830319158732891,0.018725521862506866
fit_2015_2019,02 Azua,3,2017,24,0.01766064018011093,0.011344402097165585
fit_2015_2019,02 Azua,3,2017,25,0.026490958407521248,0.017329992726445198
fit_2015_2019,02 Azua,3,2017,26,0.008830319158732891,0.027847321704030037
fit_2015_2019,02 Azua,3,2017,27,0.0,0.01438385434448719
fit_2015_2019,02 Azua,3,2017,28,0.008830319158732891,0.0024981657043099403
fit_2015_2019,02 Azua,3,2017,29,0.0,0.008856666274368763
fit_2015_2019,02 Azua,3,2017,30,0.0,-8.121100108837709e-06
fit_2015_2019,02 Azua,3,2017,31,0.0,0.0010870639234781265
fit_2015_2019,02 Azua,3,2017,32,0.0,0.0022158923093229532
fit_2015_2019,02 Azua,3,2017,33,0.0,0.0011772583238780499
fit_2015_2019,02 Azua,3,2017,34,0.01766064018011093,0.001159840845502913
fit_2015_2019,02 Azua,3,2017,35,0.0,0.017314201220870018
fit_2015_2019,02 Azua,3,2017,36,0.0,0.003056460293009877
fit_2015_2019,02 Azua,3,2017,37,0.0,0.0006778338574804366
fit_2015_2019,02 Azua,3,2017,38,0.0,0.0073050810024142265
fit_2015_2019,02 Azua,3,2017,39,0.008830319158732891,0.0016973549500107765
fit_2015_2019,02 Azua,3,2017,40,0.008830319158732891,0.008757291361689568
fit_2015_2019,02 Azua,3,2017,41,0.0,0.00938052125275135
fit_2015_2019,02 Azua,3,2017,42,0.0,0.0014040968380868435
fit_2015_2019,02 Azua,3,2017,43,0.008830319158732891,0.0008729704422876239
fit_2015_2019,02 Azua,3,2017,44,0.008830319158732891,0.01002620067447424
fit_2015_2019,02 Azua,3,2017,45,0.026490958407521248,0.00911118183284998
fit_2015_2019,02 Azua,3,2017,46,0.008830319158732891,0.0222353283315897
fit_2015_2019,02 Azua,3,2017,47,0.0,0.005918886978179216
fit_2015_2019,02 Azua,3,2017,48,0.0,0.00014791986905038357
fit_2015_2019,02 Azua,3,2017,49,0.0,0.00024563109036535025
fit_2015_2019,02 Azua,3,2017,50,0.0,0.0013320182915776968
fit_2015_2019,02 Azua,3,2017,51,0.0,0.0015225851675495505
fit_2015_2019,02 Azua,3,2017,52,0.0,0.0010222425917163491
fit_2015_2019,02 Azua,3,2018,1,0.0,0.0008843574905768037
fit_2015_2019,02 Azua,3,2018,2,0.0,-0.0026949995663017035
fit_2015_2019,02 Azua,3,2018,3,0.0,-0.005148070398718119
fit_2015_2019,02 Azua,3,2018,4,0.0,-0.0029891852755099535
fit_2015_2019,02 Azua,3,2018,5,0.0088031692430377,-0.0034177140332758427
fit_2015_2019,02 Azua,3,2018,6,0.0,0.007783413399010897
fit_2015_2019,02 Azua,3,2018,7,0.0,-0.0028387915808707476
fit_2015_2019,02 Azua,3,2018,8,0.0,0.0001370777317788452
fit_2015_2019,02 Azua,3,2018,9,0.0088031692430377,0.001279587158933282
fit_2015_2019,02 Azua,3,2018,10,0.0088031692430377,0.008038502186536789
fit_2015_2019,02 Azua,3,2018,11,0.0,0.006575685925781727
fit_2015_2019,02 Azua,3,2018,12,0.0088031692430377,-0.0011408522259443998
fit_2015_2019,02 Azua,3,2018,13,0.017606334760785103,0.006746349390596151
fit_2015_2019,02 Azua,3,2018,14,0.04401583969593048,0.012638699263334274
fit_2015_2019,02 Azua,3,2018,15,0.07042533904314041,0.03630765900015831
fit_2015_2019,02 Azua,3,2018,16,0.06162217631936073,0.06233840063214302
fit_2015_2019,02 Azua,3,2018,17,0.0,0.05548771470785141
fit_2015_2019,02 Azua,3,2018,18,0.0088031692430377,0.00443611666560173
fit_2015_2019,02 Azua,3,2018,19,0.0,0.0028292026836425066
fit_2015_2019,02 Azua,3,2018,20,0.0,0.0024013882502913475
fit_2015_2019,02 Azua,3,2018,21,0.0,0.0014133858494460583
fit_2015_2019,02 Azua,3,2018,22,0.0,-5.052111009717919e-05
fit_2015_2019,02 Azua,3,2018,23,0.0,-0.0017910150345414877
fit_2015_2019,02 Azua,3,2018,24,0.0,-0.0022187058348208666
fit_2015_2019,02 Azua,3,2018,25,0.0,2.0526560547295958e-05
fit_2015_2019,02 Azua,3,2018,26,0.0,-0.0009996435837820172
fit_2015_2019,02 Azua,3,2018,27,0.0,0.0014326692325994372
fit_2015_2019,02 Azua,3,2018,28,0.0088031692430377,-0.00021872884826734662
fit_2015_2019,02 Azua,3,2018,29,0.0,0.008709738031029701
fit_2015_2019,02 Azua,3,2018,30,0.0,-0.0007781449239701033
fit_2015_2019,02 Azua,3,2018,31,0.0,-0.0003022392629645765
fit_2015_2019,02 Azua,3,2018,32,0.0,0.001419996377080679
fit_2015_2019,02 Azua,3,2018,33,0.017606334760785103,0.001597255701199174
fit_2015_2019,02 Azua,3,2018,34,0.017606334760785103,0.01731686294078827
fit_2015_2019,02 Azua,3,2018,35,0.035212669521570206,0.019033459946513176
fit_2015_2019,02 Azua,3,2018,36,0.035212669521570206,0.03545138239860535
fit_2015_2019,02 Azua,3,2018,37,0.0088031692430377,0.03850279003381729
fit_2015_2019,02 Azua,3,2018,38,0.0,0.01619643159210682
fit_2015_2019,02 Azua,3,2018,39,0.017606334760785103,0.0055633909069001675
fit_2015_2019,02 Azua,3,2018,40,0.05281900614500046,0.02208317629992962
fit_2015_2019,02 Azua,3,2018,41,0.0088031692430377,0.0509379580616951
fit_2015_2019,02 Azua,3,2018,42,0.017606334760785103,0.01417386531829834
fit_2015_2019,02 Azua,3,2018,43,0.0088031692430377,0.02008657343685627
fit_2015_2019,02 Azua,3,2018,44,0.0,0.01252721156924963
fit_2015_2019,02 Azua,3,2018,45,0.0,0.005188922863453627
fit_2015_2019,02 Azua,3,2018,46,0.02640950307250023,0.006182018201798201
fit_2015_2019,02 Azua,3,2018,47,0.02640950307250023,0.028391804546117783
fit_2015_2019,02 Azua,3,2018,48,0.017606334760785103,0.02860170602798462
fit_2015_2019,02 Azua,3,2018,49,0.017606334760785103,0.019336434081196785
fit_2015_2019,02 Azua,3,2018,50,0.02640950307250023,0.023425104096531868
fit_2015_2019,02 Azua,3,2018,51,0.017606334760785103,0.02712155133485794
fit_2015_2019,02 Azua,3,2018,52,0.017606334760785103,0.018626010045409203
fit_2015_2019,02 Azua,3,2019,1,0.008780297823250294,0.020910106599330902
fit_2015_2019,02 Azua,3,2019,2,0.04390149191021919,0.014202198013663292
fit_2015_2019,02 Azua,3,2019,3,0.017560597509145737,0.04193417355418205
fit_2015_2019,02 Azua,3,2019,4,0.06146208941936493,0.018231648951768875
fit_2015_2019,02 Azua,3,2019,5,0.026340896263718605,0.05565550550818443
fit_2015_2019,02 Azua,3,2019,6,0.04390149191021919,0.024642078205943108
fit_2015_2019,02 Azua,3,2019,7,0.017560597509145737,0.042490627616643906
fit_2015_2019,02 Azua,3,2019,8,0.05268179252743721,0.022257063537836075
fit_2015_2019,02 Azua,3,2019,9,0.03512119501829147,0.0505862757563591
fit_2015_2019,02 Azua,3,2019,10,0.03512119501829147,0.037626512348651886
fit_2015_2019,02 Azua,3,2019,11,0.07902269065380096,0.035323746502399445
fit_2015_2019,02 Azua,3,2019,12,0.04390149191021919,0.07088258862495422
fit_2015_2019,02 Azua,3,2019,13,0.017560597509145737,0.04389229044318199
fit_2015_2019,02 Azua,3,2019,14,0.04390149191021919,0.019565392285585403
fit_2015_2019,02 Azua,3,2019,15,0.03512119501829147,0.041234903037548065
fit_2015_2019,02 Azua,3,2019,16,0.04390149191021919,0.03691082447767258
fit_2015_2019,02 Azua,3,2019,17,0.07024239003658295,0.044188860803842545
fit_2015_2019,02 Azua,3,2019,18,0.06146208941936493,0.06702696532011032
fit_2015_2019,02 Azua,3,2019,19,0.05268179252743721,0.05829925835132599
fit_2015_2019,02 Azua,3,2019,20,0.07024239003658295,0.0546799972653389
fit_2015_2019,02 Azua,3,2019,21,0.05268179252743721,0.07067625224590302
fit_2015_2019,02 Azua,3,2019,22,0.04390149191021919,0.053238946944475174
fit_2015_2019,02 Azua,3,2019,23,0.08780298382043839,0.04585755243897438
fit_2015_2019,02 Azua,3,2019,24,0.06146208941936493,0.08419660478830338
fit_2015_2019,02 Azua,3,2019,25,0.11414388567209244,0.06986792385578156
fit_2015_2019,02 Azua,3,2019,26,0.07024239003658295,0.11323585361242294
fit_2015_2019,02 Azua,3,2019,27,0.3424316644668579,0.0858825147151947
fit_2015_2019,02 Azua,3,2019,28,0.17560595273971558,0.3053080141544342
fit_2015_2019,02 Azua,3,2019,29,0.2721892297267914,0.2000412940979004
fit_2015_2019,02 Azua,3,2019,30,0.21950745582580566,0.2615097165107727
fit_2015_2019,02 Azua,3,2019,31,0.15804538130760193,0.21105588972568512
fit_2015_2019,02 Azua,3,2019,32,0.1931665539741516,0.16694532334804535
fit_2015_2019,02 Azua,3,2019,33,0.26340895891189575,0.18423768877983093
fit_2015_2019,02 Azua,3,2019,34,0.2721892297267914,0.2479681670665741
fit_2015_2019,02 Azua,3,2019,35,0.13170447945594788,0.2663339078426361
fit_2015_2019,02 Azua,3,2019,36,0.17560595273971558,0.15944060683250427
fit_2015_2019,02 Azua,3,2019,37,0.1931665539741516,0.17364363372325897
fit_2015_2019,02 Azua,3,2019,38,0.1931665539741516,0.19404514133930206
fit_2015_2019,02 Azua,3,2019,39,0.11414388567209244,0.19995668530464172
fit_2015_2019,02 Azua,3,2019,40,0.2282877415418625,0.12947167456150055
fit_2015_2019,02 Azua,3,2019,41,0.12292417883872986,0.21228422224521637
fit_2015_2019,02 Azua,3,2019,42,0.2370680719614029,0.12800715863704681
fit_2015_2019,02 Azua,3,2019,43,0.15804538130760193,0.21478153765201569
fit_2015_2019,02 Azua,3,2019,44,0.0965832844376564,0.1463865488767624
fit_2015_2019,02 Azua,3,2019,45,0.06146208941936493,0.09191270917654037
fit_2015_2019,02 Azua,3,2019,46,0.1404847651720047,0.05417037010192871
fit_2015_2019,02 Azua,3,2019,47,0.13170447945594788,0.1210162490606308
fit_2015_2019,02 Azua,3,2019,48,0.11414388567209244,0.11712808907032013
fit_2015_2019,02 Azua,3,2019,49,0.07024239003658295,0.10143870115280151
fit_2015_2019,02 Azua,3,2019,50,0.06146208941936493,0.06591948866844177
fit_2015_2019,02 Azua,3,2019,51,0.0965832844376564,0.05422351881861687
fit_2015_2019,02 Azua,3,2019,52,0.07902269065380096,0.08449643850326538
fit_2015_2019,04 Barahona,2,2015,5,0.04126674309372902,0.04193214327096939
fit_2015_2019,04 Barahona,2,2015,6,0.06190011277794838,0.04890446364879608
fit_2015_2019,04 Barahona,2,2015,7,0.06190011277794838,0.06258407235145569
fit_2015_2019,04 Barahona,2,2015,8,0.08253348618745804,0.05952252820134163
fit_2015_2019,04 Barahona,2,2015,9,0.1031668558716774,0.08110357820987701
fit_2015_2019,04 Barahona,2,2015,10,0.08253348618745804,0.09769148379564285
fit_2015_2019,04 Barahona,2,2015,11,0.0515834279358387,0.08159302175045013
fit_2015_2019,04 Barahona,2,2015,12,0.07221680134534836,0.052910953760147095
fit_2015_2019,04 Barahona,2,2015,13,0.07221680134534836,0.06953393667936325
fit_2015_2019,04 Barahona,2,2015,14,0.03095005638897419,0.07363154739141464
fit_2015_2019,04 Barahona,2,2015,15,0.06190011277794838,0.03533899411559105
fit_2015_2019,04 Barahona,2,2015,16,0.09285017102956772,0.06338324397802353
fit_2015_2019,04 Barahona,2,2015,17,0.02063337154686451,0.09578737616539001
fit_2015_2019,04 Barahona,2,2015,18,0.08253348618745804,0.03027992881834507
fit_2015_2019,04 Barahona,2,2015,19,0.06190011277794838,0.07870036363601685
fit_2015_2019,04 Barahona,2,2015,20,0.04126674309372902,0.06812632828950882
fit_2015_2019,04 Barahona,2,2015,21,0.04126674309372902,0.043027978390455246
fit_2015_2019,04 Barahona,2,2015,22,0.16506695747375488,0.044514961540699005
fit_2015_2019,04 Barahona,2,2015,23,0.0515834279358387,0.1607486605644226
fit_2015_2019,04 Barahona,2,2015,24,0.1031668558716774,0.06638294458389282
fit_2015_2019,04 Barahona,2,2015,25,0.08253348618745804,0.10205671936273575
fit_2015_2019,04 Barahona,2,2015,26,0.09285017102956772,0.08992066979408264
fit_2015_2019,04 Barahona,2,2015,27,0.02063337154686451,0.09940022975206375
fit_2015_2019,04 Barahona,2,2015,28,0.02063337154686451,0.02882632240653038
fit_2015_2019,04 Barahona,2,2015,29,0.06190011277794838,0.02470182254910469
fit_2015_2019,04 Barahona,2,2015,30,0.02063337154686451,0.06652887910604477
fit_2015_2019,04 Barahona,2,2015,31,0.04126674309372902,0.025775274261832237
fit_2015_2019,04 Barahona,2,2015,32,0.06190011277794838,0.04442807286977768
fit_2015_2019,04 Barahona,2,2015,33,0.010316685773432255,0.06630468368530273
fit_2015_2019,04 Barahona,2,2015,34,0.06190011277794838,0.01892074942588806
fit_2015_2019,04 Barahona,2,2015,35,0.08253348618745804,0.06890717893838882
fit_2015_2019,04 Barahona,2,2015,36,0.17538364231586456,0.09915249049663544
fit_2015_2019,04 Barahona,2,2015,37,0.13411691784858704,0.17208826541900635
fit_2015_2019,04 Barahona,2,2015,38,0.09285017102956772,0.13819773495197296
fit_2015_2019,04 Barahona,2,2015,39,0.19601702690124512,0.11327867209911346
fit_2015_2019,04 Barahona,2,2015,40,0.17538364231586456,0.20202694833278656
fit_2015_2019,04 Barahona,2,2015,41,0.23728376626968384,0.1812058836221695
fit_2015_2019,04 Barahona,2,2015,42,0.2063337117433548,0.24194501340389252
fit_2015_2019,04 Barahona,2,2015,43,0.3095005452632904,0.20508314669132233
fit_2015_2019,04 Barahona,2,2015,44,0.2991839051246643,0.2986305356025696
fit_2015_2019,04 Barahona,2,2015,45,0.2579171359539032,0.2796378433704376
fit_2015_2019,04 Barahona,2,2015,46,0.3610840141773224,0.2436470240354538
fit_2015_2019,04 Barahona,2,2015,47,0.19601702690124512,0.31105607748031616
fit_2015_2019,04 Barahona,2,2015,48,0.11348354816436768,0.15386319160461426
fit_2015_2019,04 Barahona,2,2015,49,0.13411691784858704,0.10218844562768936
fit_2015_2019,04 Barahona,2,2015,50,0.16506695747375488,0.11152902990579605
fit_2015_2019,04 Barahona,2,2015,51,0.06190011277794838,0.1524803191423416
fit_2015_2019,04 Barahona,2,2015,52,0.18570032715797424,0.07230739295482635
fit_2015_2019,04 Barahona,2,2016,1,0.18558821082115173,0.17936773598194122
fit_2015_2019,04 Barahona,2,2016,2,0.12372548878192902,0.16242770850658417
fit_2015_2019,04 Barahona,2,2016,3,0.13403594493865967,0.11883128434419632
fit_2015_2019,04 Barahona,2,2016,4,0.020620914176106453,0.1217055395245552
fit_2015_2019,04 Barahona,2,2016,5,0.12372548878192902,0.01935781165957451
fit_2015_2019,04 Barahona,2,2016,6,0.07217320054769516,0.12471239268779755
fit_2015_2019,04 Barahona,2,2016,7,0.19589869678020477,0.07921022176742554
fit_2015_2019,04 Barahona,2,2016,8,0.05155228450894356,0.18581871688365936
fit_2015_2019,04 Barahona,2,2016,9,0.07217320054769516,0.06129056587815285
fit_2015_2019,04 Barahona,2,2016,10,0.06186274439096451,0.07541989535093307
fit_2015_2019,04 Barahona,2,2016,11,0.05155228450894356,0.06393390893936157
fit_2015_2019,04 Barahona,2,2016,12,0.041241828352212906,0.056721627712249756
fit_2015_2019,04 Barahona,2,2016,13,0.020620914176106453,0.047111574560403824
fit_2015_2019,04 Barahona,2,2016,14,0.0,0.02444031834602356
fit_2015_2019,04 Barahona,2,2016,15,0.020620914176106453,0.0057159047573804855
fit_2015_2019,04 Barahona,2,2016,16,0.010310457088053226,0.024515695869922638
fit_2015_2019,04 Barahona,2,2016,17,0.010310457088053226,0.017896244302392006
fit_2015_2019,04 Barahona,2,2016,18,0.0,0.021440986543893814
fit_2015_2019,04 Barahona,2,2016,19,0.05155228450894356,0.008453941904008389
fit_2015_2019,04 Barahona,2,2016,20,0.030931370332837105,0.044985391199588776
fit_2015_2019,04 Barahona,2,2016,21,0.020620914176106453,0.0380692221224308
fit_2015_2019,04 Barahona,2,2016,22,0.030931370332837105,0.02776806429028511
fit_2015_2019,04 Barahona,2,2016,23,0.12372548878192902,0.03077673725783825
fit_2015_2019,04 Barahona,2,2016,24,0.09279411286115646,0.11809210479259491
fit_2015_2019,04 Barahona,2,2016,25,0.041241828352212906,0.1013558879494667
fit_2015_2019,04 Barahona,2,2016,26,0.0,0.04704748094081879
fit_2015_2019,04 Barahona,2,2016,27,0.020620914176106453,0.004689179360866547
fit_2015_2019,04 Barahona,2,2016,28,0.030931370332837105,0.016903255134820938
fit_2015_2019,04 Barahona,2,2016,29,0.020620914176106453,0.030027378350496292
fit_2015_2019,04 Barahona,2,2016,30,0.010310457088053226,0.02182953804731369
fit_2015_2019,04 Barahona,2,2016,31,0.010310457088053226,0.00963052362203598
fit_2015_2019,04 Barahona,2,2016,32,0.0,0.01039461325854063
fit_2015_2019,04 Barahona,2,2016,33,0.010310457088053226,-0.0003671679587569088
fit_2015_2019,04 Barahona,2,2016,34,0.0,0.007916134782135487
fit_2015_2019,04 Barahona,2,2016,35,0.0,0.004479936324059963
fit_2015_2019,04 Barahona,2,2016,36,0.010310457088053226,0.0019176973728463054
fit_2015_2019,04 Barahona,2,2016,37,0.0,0.009332682937383652
fit_2015_2019,04 Barahona,2,2016,38,0.0,0.0007939583156257868
fit_2015_2019,04 Barahona,2,2016,39,0.0,0.0011224298505112529
fit_2015_2019,04 Barahona,2,2016,40,0.0,0.0015671673463657498
fit_2015_2019,04 Barahona,2,2016,41,0.010310457088053226,0.0048734694719314575
fit_2015_2019,04 Barahona,2,2016,42,0.010310457088053226,0.00857764296233654
fit_2015_2019,04 Barahona,2,2016,43,0.0,0.013128899969160557
fit_2015_2019,04 Barahona,2,2016,44,0.0,0.001830515218898654
fit_2015_2019,04 Barahona,2,2016,45,0.0,0.001399508211761713
fit_2015_2019,04 Barahona,2,2016,46,0.0,0.005733721889555454
fit_2015_2019,04 Barahona,2,2016,47,0.0,0.003258231095969677
fit_2015_2019,04 Barahona,2,2016,48,0.0,0.0023227035999298096
fit_2015_2019,04 Barahona,2,2016,49,0.0,0.0016557893250137568
fit_2015_2019,04 Barahona,2,2016,50,0.0,0.0021308867726475
fit_2015_2019,04 Barahona,2,2016,51,0.0,0.0016783798346295953
fit_2015_2019,04 Barahona,2,2016,52,0.020620914176106453,0.0025397324934601784
fit_2015_2019,04 Barahona,2,2017,1,0.0,0.016104206442832947
fit_2015_2019,04 Barahona,2,2017,2,0.0,-0.0018300969386473298
fit_2015_2019,04 Barahona,2,2017,3,0.0,0.001545217470265925
fit_2015_2019,04 Barahona,2,2017,4,0.0,2.6543046260485426e-05
fit_2015_2019,04 Barahona,2,2017,5,0.0,-0.0011641083983704448
fit_2015_2019,04 Barahona,2,2017,6,0.0,0.004508600104600191
fit_2015_2019,04 Barahona,2,2017,7,0.010304508730769157,0.0005325826350599527
fit_2015_2019,04 Barahona,2,2017,8,0.0,0.007975827902555466
fit_2015_2019,04 Barahona,2,2017,9,0.0,0.00032468195422552526
fit_2015_2019,04 Barahona,2,2017,10,0.010304508730769157,-0.0009091942920349538
fit_2015_2019,04 Barahona,2,2017,11,0.0,0.009522002190351486
fit_2015_2019,04 Barahona,2,2017,12,0.0,0.0006008350756019354
fit_2015_2019,04 Barahona,2,2017,13,0.010304508730769157,-0.002301926491782069
fit_2015_2019,04 Barahona,2,2017,14,0.0,0.0068821292370557785
fit_2015_2019,04 Barahona,2,2017,15,0.0,-0.0006066322093829513
fit_2015_2019,04 Barahona,2,2017,16,0.0,-2.2913998691365123e-05
fit_2015_2019,04 Barahona,2,2017,17,0.0,0.0037372035440057516
fit_2015_2019,04 Barahona,2,2017,18,0.010304508730769157,-0.0032919247169047594
fit_2015_2019,04 Barahona,2,2017,19,0.010304508730769157,0.011725103482604027
fit_2015_2019,04 Barahona,2,2017,20,0.0,0.011768977157771587
fit_2015_2019,04 Barahona,2,2017,21,0.020609017461538315,-0.0002804973628371954
fit_2015_2019,04 Barahona,2,2017,22,0.010304508730769157,0.020566752180457115
fit_2015_2019,04 Barahona,2,2017,23,0.010304508730769157,0.01166016049683094
fit_2015_2019,04 Barahona,2,2017,24,0.0,0.010541606694459915
fit_2015_2019,04 Barahona,2,2017,25,0.020609017461538315,0.0028564296662807465
fit_2015_2019,04 Barahona,2,2017,26,0.020609017461538315,0.020989127457141876
fit_2015_2019,04 Barahona,2,2017,27,0.020609017461538315,0.024092894047498703
fit_2015_2019,04 Barahona,2,2017,28,0.010304508730769157,0.017968472093343735
fit_2015_2019,04 Barahona,2,2017,29,0.0,0.010347314178943634
fit_2015_2019,04 Barahona,2,2017,30,0.0,0.0030930167995393276
fit_2015_2019,04 Barahona,2,2017,31,0.010304508730769157,0.00010692527575884014
fit_2015_2019,04 Barahona,2,2017,32,0.0,0.010486304759979248
fit_2015_2019,04 Barahona,2,2017,33,0.0,0.00042077063699252903
fit_2015_2019,04 Barahona,2,2017,34,0.0,-8.224730117945e-05
fit_2015_2019,04 Barahona,2,2017,35,0.0,0.00032639241544529796
fit_2015_2019,04 Barahona,2,2017,36,0.010304508730769157,0.0068475594744086266
fit_2015_2019,04 Barahona,2,2017,37,0.010304508730769157,0.013441708870232105
fit_2015_2019,04 Barahona,2,2017,38,0.010304508730769157,0.009757276624441147
fit_2015_2019,04 Barahona,2,2017,39,0.020609017461538315,0.012586989440023899
fit_2015_2019,04 Barahona,2,2017,40,0.020609017461538315,0.02211049199104309
fit_2015_2019,04 Barahona,2,2017,41,0.010304508730769157,0.020827913656830788
fit_2015_2019,04 Barahona,2,2017,42,0.0,0.012307762168347836
fit_2015_2019,04 Barahona,2,2017,43,0.04121803492307663,0.0021312078461050987
fit_2015_2019,04 Barahona,2,2017,44,0.030913526192307472,0.04146360233426094
fit_2015_2019,04 Barahona,2,2017,45,0.020609017461538315,0.030177557840943336
fit_2015_2019,04 Barahona,2,2017,46,0.010304508730769157,0.022378217428922653
fit_2015_2019,04 Barahona,2,2017,47,0.020609017461538315,0.011020400561392307
fit_2015_2019,04 Barahona,2,2017,48,0.0,0.015840698033571243
fit_2015_2019,04 Barahona,2,2017,49,0.061827052384614944,0.0014900852693244815
fit_2015_2019,04 Barahona,2,2017,50,0.0,0.0628059133887291
fit_2015_2019,04 Barahona,2,2017,51,0.010304508730769157,0.0008417966309934855
fit_2015_2019,04 Barahona,2,2017,52,0.0,0.009282334707677364
fit_2015_2019,04 Barahona,2,2018,1,0.0,-0.0008472301415167749
fit_2015_2019,04 Barahona,2,2018,2,0.010296279564499855,0.0005406335694715381
fit_2015_2019,04 Barahona,2,2018,3,0.06177767366170883,0.015729501843452454
fit_2015_2019,04 Barahona,2,2018,4,0.0,0.051990482956171036
fit_2015_2019,04 Barahona,2,2018,5,0.0,-0.006237533874809742
fit_2015_2019,04 Barahona,2,2018,6,0.0,0.0043021198362112045
fit_2015_2019,04 Barahona,2,2018,7,0.0,0.001716188620775938
fit_2015_2019,04 Barahona,2,2018,8,0.02059255912899971,-0.0032541921827942133
fit_2015_2019,04 Barahona,2,2018,9,0.0,0.018793122842907906
fit_2015_2019,04 Barahona,2,2018,10,0.0,-0.001443862565793097
fit_2015_2019,04 Barahona,2,2018,11,0.0,-0.0028978611808270216
fit_2015_2019,04 Barahona,2,2018,12,0.02059255912899971,-0.0034321187995374203
fit_2015_2019,04 Barahona,2,2018,13,0.010296279564499855,0.014463000930845737
fit_2015_2019,04 Barahona,2,2018,14,0.010296279564499855,0.005757985170930624
fit_2015_2019,04 Barahona,2,2018,15,0.010296279564499855,0.0046003432944417
fit_2015_2019,04 Barahona,2,2018,16,0.0,0.007921434007585049
fit_2015_2019,04 Barahona,2,2018,17,0.04118511825799942,-0.0015914057148620486
fit_2015_2019,04 Barahona,2,2018,18,0.0,0.03737613558769226
fit_2015_2019,04 Barahona,2,2018,19,0.010296279564499855,0.007522864267230034
fit_2015_2019,04 Barahona,2,2018,20,0.04118511825799942,0.007911130785942078
fit_2015_2019,04 Barahona,2,2018,21,0.0,0.03280075266957283
fit_2015_2019,04 Barahona,2,2018,22,0.010296279564499855,0.003946593031287193
fit_2015_2019,04 Barahona,2,2018,23,0.0,0.01018636953085661
fit_2015_2019,04 Barahona,2,2018,24,0.010296279564499855,-0.0006953964475542307
fit_2015_2019,04 Barahona,2,2018,25,0.0,0.007436235900968313
fit_2015_2019,04 Barahona,2,2018,26,0.0,-0.00045409915037453175
fit_2015_2019,04 Barahona,2,2018,27,0.0,-0.0011003813706338406
fit_2015_2019,04 Barahona,2,2018,28,0.0,-0.005139535292983055
fit_2015_2019,04 Barahona,2,2018,29,0.0,-0.002659778343513608
fit_2015_2019,04 Barahona,2,2018,30,0.010296279564499855,-0.000609766982961446
fit_2015_2019,04 Barahona,2,2018,31,0.051481395959854126,0.007123245391994715
fit_2015_2019,04 Barahona,2,2018,32,0.0,0.04764489457011223
fit_2015_2019,04 Barahona,2,2018,33,0.010296279564499855,0.0006121705519035459
fit_2015_2019,04 Barahona,2,2018,34,0.010296279564499855,0.0107265030965209
fit_2015_2019,04 Barahona,2,2018,35,0.030888838693499565,0.013248741626739502
fit_2015_2019,04 Barahona,2,2018,36,0.0,0.036120448261499405
fit_2015_2019,04 Barahona,2,2018,37,0.02059255912899971,0.005989303812384605
fit_2015_2019,04 Barahona,2,2018,38,0.010296279564499855,0.024660514667630196
fit_2015_2019,04 Barahona,2,2018,39,0.02059255912899971,0.016230395063757896
fit_2015_2019,04 Barahona,2,2018,40,0.02059255912899971,0.02542041800916195
fit_2015_2019,04 Barahona,2,2018,41,0.02059255912899971,0.02558443695306778
fit_2015_2019,04 Barahona,2,2018,42,0.07207395136356354,0.024618716910481453
fit_2015_2019,04 Barahona,2,2018,43,0.030888838693499565,0.07550279796123505
fit_2015_2019,04 Barahona,2,2018,44,0.07207395136356354,0.031960465013980865
fit_2015_2019,04 Barahona,2,2018,45,0.06177767366170883,0.07182081788778305
fit_2015_2019,04 Barahona,2,2018,46,0.09266651421785355,0.06284606456756592
fit_2015_2019,04 Barahona,2,2018,47,0.1956293135881424,0.09190595149993896
fit_2015_2019,04 Barahona,2,2018,48,0.08237023651599884,0.18246188759803772
fit_2015_2019,04 Barahona,2,2018,49,0.10296279191970825,0.0728740319609642
fit_2015_2019,04 Barahona,2,2018,50,0.09266651421785355,0.09678752720355988
fit_2015_2019,04 Barahona,2,2018,51,0.07207395136356354,0.08150751143693924
fit_2015_2019,04 Barahona,2,2018,52,0.10296279191970825,0.07227849215269089
fit_2015_2019,04 Barahona,2,2019,1,0.07204766571521759,0.09402869641780853
fit_2015_2019,04 Barahona,2,2019,2,0.11321775615215302,0.06337957829236984
fit_2015_2019,04 Barahona,2,2019,3,0.11321775615215302,0.1058749184012413
fit_2015_2019,04 Barahona,2,2019,4,0.061755139380693436,0.09849715977907181
fit_2015_2019,04 Barahona,2,2019,5,0.07204766571521759,0.05171968787908554
fit_2015_2019,04 Barahona,2,2019,6,0.0926327109336853,0.06727725267410278
fit_2015_2019,04 Barahona,2,2019,7,0.05146261677145958,0.08814604580402374
fit_2015_2019,04 Barahona,2,2019,8,0.10292523354291916,0.05063105374574661
fit_2015_2019,04 Barahona,2,2019,9,0.13380281627178192,0.09885980933904648
fit_2015_2019,04 Barahona,2,2019,10,0.144095316529274,0.1304185539484024
fit_2015_2019,04 Barahona,2,2019,11,0.144095316529274,0.13905015587806702
fit_2015_2019,04 Barahona,2,2019,12,0.24702055752277374,0.13705971837043762
fit_2015_2019,04 Barahona,2,2019,13,0.17497289180755615,0.22676661610603333
fit_2015_2019,04 Barahona,2,2019,14,0.23672804236412048,0.17590275406837463
fit_2015_2019,04 Barahona,2,2019,15,0.10292523354291916,0.22265513241291046
fit_2015_2019,04 Barahona,2,2019,16,0.13380281627178192,0.1063557118177414
fit_2015_2019,04 Barahona,2,2019,17,0.10292523354291916,0.12859265506267548
fit_2015_2019,04 Barahona,2,2019,18,0.10292523354291916,0.10369942337274551
fit_2015_2019,04 Barahona,2,2019,19,0.1646803617477417,0.10545574128627777
fit_2015_2019,04 Barahona,2,2019,20,0.1852654218673706,0.160834401845932
fit_2015_2019,04 Barahona,2,2019,21,0.10292523354291916,0.1893504410982132
fit_2015_2019,04 Barahona,2,2019,22,0.13380281627178192,0.11082866787910461
fit_2015_2019,04 Barahona,2,2019,23,0.08234018832445145,0.134152352809906
fit_2015_2019,04 Barahona,2,2019,24,0.12351027876138687,0.08544083684682846
fit_2015_2019,04 Barahona,2,2019,25,0.19555795192718506,0.12212708592414856
fit_2015_2019,04 Barahona,2,2019,26,0.4014084041118622,0.20470161736011505
fit_2015_2019,04 Barahona,2,2019,27,0.48374858498573303,0.3941861689090729
fit_2015_2019,04 Barahona,2,2019,28,0.48374858498573303,0.49239233136177063
fit_2015_2019,04 Barahona,2,2019,29,0.2778981328010559,0.47959357500076294
fit_2015_2019,04 Barahona,2,2019,30,0.4940411150455475,0.2864381670951843
fit_2015_2019,04 Barahona,2,2019,31,0.28819066286087036,0.42002323269844055
fit_2015_2019,04 Barahona,2,2019,32,0.3911159038543701,0.25214678049087524
fit_2015_2019,04 Barahona,2,2019,33,0.23672804236412048,0.3633972704410553
fit_2015_2019,04 Barahona,2,2019,34,0.2778981328010559,0.20675794780254364
fit_2015_2019,04 Barahona,2,2019,35,0.17497289180755615,0.25545936822891235
fit_2015_2019,04 Barahona,2,2019,36,0.2984831631183624,0.16202597320079803
fit_2015_2019,04 Barahona,2,2019,37,0.1852654218673706,0.2912394404411316
fit_2015_2019,04 Barahona,2,2019,38,0.1646803617477417,0.18178722262382507
fit_2015_2019,04 Barahona,2,2019,39,0.24702055752277374,0.18551182746887207
fit_2015_2019,04 Barahona,2,2019,40,0.1852654218673706,0.23088569939136505
fit_2015_2019,04 Barahona,2,2019,41,0.15438784658908844,0.1791089028120041
fit_2015_2019,04 Barahona,2,2019,42,0.10292523354291916,0.15712299942970276
fit_2015_2019,04 Barahona,2,2019,43,0.12351027876138687,0.09783382713794708
fit_2015_2019,04 Barahona,2,2019,44,0.12351027876138687,0.12046035379171371
fit_2015_2019,04 Barahona,2,2019,45,0.15438784658908844,0.12043781578540802
fit_2015_2019,04 Barahona,2,2019,46,0.061755139380693436,0.14818307757377625
fit_2015_2019,04 Barahona,2,2019,47,0.0926327109336853,0.05969076231122017
fit_2015_2019,04 Barahona,2,2019,48,0.08234018832445145,0.09391278028488159
fit_2015_2019,04 Barahona,2,2019,49,0.0926327109336853,0.08079666644334793
fit_2015_2019,04 Barahona,2,2019,50,0.05146261677145958,0.09154454618692398
fit_2015_2019,04 Barahona,2,2019,51,0.05146261677145958,0.05466070398688316
fit_2015_2019,04 Barahona,2,2019,52,0.05146261677145958,0.05525895953178406
fit_2015_2019,06 Duarte,0,2015,5,0.019804485142230988,0.024970101192593575
fit_2015_2019,06 Duarte,0,2015,6,0.006601495668292046,0.020026959478855133
fit_2015_2019,06 Duarte,0,2015,7,0.013202990405261517,0.008135574869811535
fit_2015_2019,06 Duarte,0,2015,8,0.013202990405261517,0.015016261488199234
fit_2015_2019,06 Duarte,0,2015,9,0.013202990405261517,0.01359978411346674
fit_2015_2019,06 Duarte,0,2015,10,0.026405978947877884,0.014192813076078892
fit_2015_2019,06 Duarte,0,2015,11,0.006601495668292046,0.025143971666693687
fit_2015_2019,06 Duarte,0,2015,12,0.006601495668292046,0.007442082744091749
fit_2015_2019,06 Duarte,0,2015,13,0.026405978947877884,0.0074379900470376015
fit_2015_2019,06 Duarte,0,2015,14,0.026405978947877884,0.02597539685666561
fit_2015_2019,06 Duarte,0,2015,15,0.026405978947877884,0.026620185002684593
fit_2015_2019,06 Duarte,0,2015,16,0.019804485142230988,0.026278696954250336
fit_2015_2019,06 Duarte,0,2015,17,0.03300747647881508,0.021251130849123
fit_2015_2019,06 Duarte,0,2015,18,0.006601495668292046,0.029663220047950745
fit_2015_2019,06 Duarte,0,2015,19,0.039608970284461975,0.013739177957177162
fit_2015_2019,06 Duarte,0,2015,20,0.019804485142230988,0.037520501762628555
fit_2015_2019,06 Duarte,0,2015,21,0.013202990405261517,0.026232434436678886
fit_2015_2019,06 Duarte,0,2015,22,0.013202990405261517,0.018925564363598824
fit_2015_2019,06 Duarte,0,2015,23,0.0,0.018213609233498573
fit_2015_2019,06 Duarte,0,2015,24,0.019804485142230988,0.007745495997369289
fit_2015_2019,06 Duarte,0,2015,25,0.03300747647881508,0.023095684126019478
fit_2015_2019,06 Duarte,0,2015,26,0.04621046409010887,0.03708222135901451
fit_2015_2019,06 Duarte,0,2015,27,0.04621046409010887,0.04942517355084419
fit_2015_2019,06 Duarte,0,2015,28,0.039608970284461975,0.05196426808834076
fit_2015_2019,06 Duarte,0,2015,29,0.08581943809986115,0.047771915793418884
fit_2015_2019,06 Duarte,0,2015,30,0.05941345542669296,0.08456612378358841
fit_2015_2019,06 Duarte,0,2015,31,0.11222541332244873,0.06885764747858047
fit_2015_2019,06 Duarte,0,2015,32,0.06601495295763016,0.11192977428436279
fit_2015_2019,06 Duarte,0,2015,33,0.09242093563079834,0.07935275882482529
fit_2015_2019,06 Duarte,0,2015,34,0.1518343985080719,0.09931302815675735
fit_2015_2019,06 Duarte,0,2015,35,0.10562392324209213,0.15025274455547333
fit_2015_2019,06 Duarte,0,2015,36,0.13863138854503632,0.11869195103645325
fit_2015_2019,06 Duarte,0,2015,37,0.11882691085338593,0.14406637847423553
fit_2015_2019,06 Duarte,0,2015,38,0.18484185636043549,0.12992194294929504
fit_2015_2019,06 Duarte,0,2015,39,0.19804486632347107,0.18309682607650757
fit_2015_2019,06 Duarte,0,2015,40,0.19804486632347107,0.20078423619270325
fit_2015_2019,06 Duarte,0,2015,41,0.26405978202819824,0.20465590059757233
fit_2015_2019,06 Duarte,0,2015,42,0.1716388761997223,0.25463396310806274
fit_2015_2019,06 Duarte,0,2015,43,0.24425531923770905,0.17957642674446106
fit_2015_2019,06 Duarte,0,2015,44,0.23765380680561066,0.23110827803611755
fit_2015_2019,06 Duarte,0,2015,45,0.27066129446029663,0.21776792407035828
fit_2015_2019,06 Duarte,0,2015,46,0.17824037373065948,0.2460438311100006
fit_2015_2019,06 Duarte,0,2015,47,0.1518343985080719,0.16187547147274017
fit_2015_2019,06 Duarte,0,2015,48,0.11222541332244873,0.13008712232112885
fit_2015_2019,06 Duarte,0,2015,49,0.11222541332244873,0.09754006564617157
fit_2015_2019,06 Duarte,0,2015,50,0.08581943809986115,0.09942899644374847
fit_2015_2019,06 Duarte,0,2015,51,0.13863138854503632,0.08543561398983002
fit_2015_2019,06 Duarte,0,2015,52,0.13863138854503632,0.1260206550359726
fit_2015_2019,06 Duarte,0,2016,1,0.0789942741394043,0.1290765255689621
fit_2015_2019,06 Duarte,0,2016,2,0.11849141120910645,0.0805768221616745
fit_2015_2019,06 Duarte,0,2016,3,0.05266284942626953,0.10585873574018478
fit_2015_2019,06 Duarte,0,2016,4,0.0789942741394043,0.05574580281972885
fit_2015_2019,06 Duarte,0,2016,5,0.21065139770507812,0.07411876320838928
fit_2015_2019,06 Duarte,0,2016,6,0.09215999394655228,0.17527072131633759
fit_2015_2019,06 Duarte,0,2016,7,0.0724114179611206,0.09214894473552704
fit_2015_2019,06 Duarte,0,2016,8,0.08557713031768799,0.06990067660808563
fit_2015_2019,06 Duarte,0,2016,9,0.05266284942626953,0.0732235312461853
fit_2015_2019,06 Duarte,0,2016,10,0.0789942741394043,0.05408698320388794
fit_2015_2019,06 Duarte,0,2016,11,0.0789942741394043,0.07241484522819519
fit_2015_2019,06 Duarte,0,2016,12,0.04607999324798584,0.07336867600679398
fit_2015_2019,06 Duarte,0,2016,13,0.05924570560455322,0.047606028616428375
fit_2015_2019,06 Duarte,0,2016,14,0.09215999394655228,0.05391211062669754
fit_2015_2019,06 Duarte,0,2016,15,0.06582856178283691,0.08091920614242554
fit_2015_2019,06 Duarte,0,2016,16,0.026331424713134766,0.06362856924533844
fit_2015_2019,06 Duarte,0,2016,17,0.03949713706970215,0.032778605818748474
fit_2015_2019,06 Duarte,0,2016,18,0.04607999324798584,0.03670442849397659
fit_2015_2019,06 Duarte,0,2016,19,0.013165712356567383,0.04204915091395378
fit_2015_2019,06 Duarte,0,2016,20,0.03291428089141846,0.018353557214140892
fit_2015_2019,06 Duarte,0,2016,21,0.006582855246961117,0.02976934053003788
fit_2015_2019,06 Duarte,0,2016,22,0.019748568534851074,0.011622583493590355
fit_2015_2019,06 Duarte,0,2016,23,0.0,0.020112816244363785
fit_2015_2019,06 Duarte,0,2016,24,0.006582855246961117,0.005601514596492052
fit_2015_2019,06 Duarte,0,2016,25,0.013165712356567383,0.010293840430676937
fit_2015_2019,06 Duarte,0,2016,26,0.0,0.015697503462433815
fit_2015_2019,06 Duarte,0,2016,27,0.03291428089141846,0.0039004015270620584
fit_2015_2019,06 Duarte,0,2016,28,0.006582855246961117,0.030011357739567757
fit_2015_2019,06 Duarte,0,2016,29,0.026331424713134766,0.012747911736369133
fit_2015_2019,06 Duarte,0,2016,30,0.013165712356567383,0.024880651384592056
fit_2015_2019,06 Duarte,0,2016,31,0.0,0.014840904623270035
fit_2015_2019,06 Duarte,0,2016,32,0.03291428089141846,0.002757342765107751
fit_2015_2019,06 Duarte,0,2016,33,0.013165712356567383,0.030053935945034027
fit_2015_2019,06 Duarte,0,2016,34,0.019748568534851074,0.016787704080343246
fit_2015_2019,06 Duarte,0,2016,35,0.0,0.01550585962831974
fit_2015_2019,06 Duarte,0,2016,36,0.006582855246961117,0.0023527247831225395
fit_2015_2019,06 Duarte,0,2016,37,0.0,0.004008714575320482
fit_2015_2019,06 Duarte,0,2016,38,0.0,0.001032475265674293
fit_2015_2019,06 Duarte,0,2016,39,0.0,-0.0021409017499536276
fit_2015_2019,06 Duarte,0,2016,40,0.0,-0.002558722160756588
fit_2015_2019,06 Duarte,0,2016,41,0.0,-0.0021687329281121492
fit_2015_2019,06 Duarte,0,2016,42,0.0,-0.0007006789674051106
fit_2015_2019,06 Duarte,0,2016,43,0.0,-0.0007227876922115684
fit_2015_2019,06 Duarte,0,2016,44,0.03291428089141846,-6.617759208893403e-05
fit_2015_2019,06 Duarte,0,2016,45,0.0,0.026333313435316086
fit_2015_2019,06 Duarte,0,2016,46,0.013165712356567383,6.822356954216957e-05
fit_2015_2019,06 Duarte,0,2016,47,0.013165712356567383,0.009466338902711868
fit_2015_2019,06 Duarte,0,2016,48,0.006582855246961117,0.011469812132418156
fit_2015_2019,06 Duarte,0,2016,49,0.03291428089141846,0.008921843022108078
fit_2015_2019,06 Duarte,0,2016,50,0.006582855246961117,0.027369394898414612
fit_2015_2019,06 Duarte,0,2016,51,0.0,0.008813319727778435
fit_2015_2019,06 Duarte,0,2016,52,0.013165712356567383,-0.0006704130792059004
fit_2015_2019,06 Duarte,0,2017,1,0.0,0.011250441893935204
fit_2015_2019,06 Duarte,0,2017,2,0.006564721465110779,0.000624374661128968
fit_2015_2019,06 Duarte,0,2017,3,0.0,0.0049820407293736935
fit_2015_2019,06 Duarte,0,2017,4,0.0,-0.0005741333006881177
fit_2015_2019,06 Duarte,0,2017,5,0.0,0.00049477384891361
fit_2015_2019,06 Duarte,0,2017,6,0.0,-0.0012895785039290786
fit_2015_2019,06 Duarte,0,2017,7,0.0,0.0004239831760060042
fit_2015_2019,06 Duarte,0,2017,8,0.0,-0.0005334496381692588
fit_2015_2019,06 Duarte,0,2017,9,0.0,0.0001399801258230582
fit_2015_2019,06 Duarte,0,2017,10,0.0,0.000633343355730176
fit_2015_2019,06 Duarte,0,2017,11,0.0,0.000500155845656991
fit_2015_2019,06 Duarte,0,2017,12,0.006564721465110779,-0.0006482771132141352
fit_2015_2019,06 Duarte,0,2017,13,0.0,0.004397138953208923
fit_2015_2019,06 Duarte,0,2017,14,0.0,-0.0012918331194669008
fit_2015_2019,06 Duarte,0,2017,15,0.0,-0.0006189143750816584
fit_2015_2019,06 Duarte,0,2017,16,0.0,0.0015806593000888824
fit_2015_2019,06 Duarte,0,2017,17,0.006564721465110779,0.0008507933234795928
fit_2015_2019,06 Duarte,0,2017,18,0.013129441998898983,0.00463934987783432
fit_2015_2019,06 Duarte,0,2017,19,0.006564721465110779,0.0065075489692389965
fit_2015_2019,06 Duarte,0,2017,20,0.006564721465110779,0.005157951265573502
fit_2015_2019,06 Duarte,0,2017,21,0.0,0.004106112755835056
fit_2015_2019,06 Duarte,0,2017,22,0.006564721465110779,0.0022318384144455194
fit_2015_2019,06 Duarte,0,2017,23,0.0,0.007346670608967543
fit_2015_2019,06 Duarte,0,2017,24,0.019694162532687187,0.00495428591966629
fit_2015_2019,06 Duarte,0,2017,25,0.006564721465110779,0.0190183836966753
fit_2015_2019,06 Duarte,0,2017,26,0.0,0.008573307655751705
fit_2015_2019,06 Duarte,0,2017,27,0.0,0.0028257693629711866
fit_2015_2019,06 Duarte,0,2017,28,0.019694162532687187,0.002998562064021826
fit_2015_2019,06 Duarte,0,2017,29,0.026258883997797966,0.018369296565651894
fit_2015_2019,06 Duarte,0,2017,30,0.006564721465110779,0.025334835052490234
fit_2015_2019,06 Duarte,0,2017,31,0.013129441998898983,0.010069608688354492
fit_2015_2019,06 Duarte,0,2017,32,0.006564721465110779,0.013479028828442097
fit_2015_2019,06 Duarte,0,2017,33,0.013129441998898983,0.008297279477119446
fit_2015_2019,06 Duarte,0,2017,34,0.013129441998898983,0.011942706070840359
fit_2015_2019,06 Duarte,0,2017,35,0.006564721465110779,0.01359153538942337
fit_2015_2019,06 Duarte,0,2017,36,0.019694162532687187,0.0065530468709766865
fit_2015_2019,06 Duarte,0,2017,37,0.0,0.01639055646955967
fit_2015_2019,06 Duarte,0,2017,38,0.013129441998898983,0.0018903426826000214
fit_2015_2019,06 Duarte,0,2017,39,0.006564721465110779,0.01020176149904728
fit_2015_2019,06 Duarte,0,2017,40,0.006564721465110779,0.005383399780839682
fit_2015_2019,06 Duarte,0,2017,41,0.019694162532687187,0.005163564346730709
fit_2015_2019,06 Duarte,0,2017,42,0.0,0.014028039760887623
fit_2015_2019,06 Duarte,0,2017,43,0.0,-0.00014972311328165233
fit_2015_2019,06 Duarte,0,2017,44,0.0,-0.00039527201442979276
fit_2015_2019,06 Duarte,0,2017,45,0.0,5.057209273218177e-05
fit_2015_2019,06 Duarte,0,2017,46,0.0,-0.0031444027554243803
fit_2015_2019,06 Duarte,0,2017,47,0.0,-0.0023922387044876814
fit_2015_2019,06 Duarte,0,2017,48,0.0,-0.0018845413578674197
fit_2015_2019,06 Duarte,0,2017,49,0.0,-0.0024656380992382765
fit_2015_2019,06 Duarte,0,2017,50,0.0,0.0006391622591763735
fit_2015_2019,06 Duarte,0,2017,51,0.0,0.0009300747187808156
fit_2015_2019,06 Duarte,0,2017,52,0.0,8.728736429475248e-05
fit_2015_2019,06 Duarte,0,2018,1,0.0,0.001411707024089992
fit_2015_2019,06 Duarte,0,2018,2,0.0,-0.0012216252507641912
fit_2015_2019,06 Duarte,0,2018,3,0.006544990465044975,-0.001845900435000658
fit_2015_2019,06 Duarte,0,2018,4,0.0,0.006168573163449764
fit_2015_2019,06 Duarte,0,2018,5,0.013089981861412525,-0.0017804913222789764
fit_2015_2019,06 Duarte,0,2018,6,0.019634971395134926,0.008254804648458958
fit_2015_2019,06 Duarte,0,2018,7,0.006544990465044975,0.014178778976202011
fit_2015_2019,06 Duarte,0,2018,8,0.013089981861412525,0.0031965805683285
fit_2015_2019,06 Duarte,0,2018,9,0.006544990465044975,0.00805686041712761
fit_2015_2019,06 Duarte,0,2018,10,0.0261799618601799,0.004645820707082748
fit_2015_2019,06 Duarte,0,2018,11,0.013089981861412525,0.020560862496495247
fit_2015_2019,06 Duarte,0,2018,12,0.006544990465044975,0.011647430248558521
fit_2015_2019,06 Duarte,0,2018,13,0.0,0.005156129598617554
fit_2015_2019,06 Duarte,0,2018,14,0.0,-0.0007394312997348607
fit_2015_2019,06 Duarte,0,2018,15,0.0,-0.0011673716362565756
fit_2015_2019,06 Duarte,0,2018,16,0.0,-0.0019795831758528948
fit_2015_2019,06 Duarte,0,2018,17,0.019634971395134926,-0.0016066401731222868
fit_2015_2019,06 Duarte,0,2018,18,0.0,0.014963073655962944
fit_2015_2019,06 Duarte,0,2018,19,0.006544990465044975,0.002169687068089843
fit_2015_2019,06 Duarte,0,2018,20,0.0,0.0016424793284386396
fit_2015_2019,06 Duarte,0,2018,21,0.0,0.0009564634528942406
fit_2015_2019,06 Duarte,0,2018,22,0.0,-0.0008676532888785005
fit_2015_2019,06 Duarte,0,2018,23,0.0,0.0015539070591330528
fit_2015_2019,06 Duarte,0,2018,24,0.006544990465044975,0.0032257759012281895
fit_2015_2019,06 Duarte,0,2018,25,0.0,0.008403243497014046
fit_2015_2019,06 Duarte,0,2018,26,0.0,0.0027460840065032244
fit_2015_2019,06 Duarte,0,2018,27,0.0,0.0029974074568599463
fit_2015_2019,06 Duarte,0,2018,28,0.0,0.003921980503946543
fit_2015_2019,06 Duarte,0,2018,29,0.0,0.0037559745833277702
fit_2015_2019,06 Duarte,0,2018,30,0.0,0.002239029388874769
fit_2015_2019,06 Duarte,0,2018,31,0.013089981861412525,0.0016307889018207788
fit_2015_2019,06 Duarte,0,2018,32,0.0,0.013147346675395966
fit_2015_2019,06 Duarte,0,2018,33,0.006544990465044975,0.003403295064345002
fit_2015_2019,06 Duarte,0,2018,34,0.0,0.007842537946999073
fit_2015_2019,06 Duarte,0,2018,35,0.013089981861412525,0.004042483866214752
fit_2015_2019,06 Duarte,0,2018,36,0.006544990465044975,0.0119219571352005
fit_2015_2019,06 Duarte,0,2018,37,0.006544990465044975,0.010167823173105717
fit_2015_2019,06 Duarte,0,2018,38,0.0,0.009090080857276917
fit_2015_2019,06 Duarte,0,2018,39,0.0,0.00112998578697443
fit_2015_2019,06 Duarte,0,2018,40,0.0,0.002854076214134693
fit_2015_2019,06 Duarte,0,2018,41,0.006544990465044975,0.001455944962799549
fit_2015_2019,06 Duarte,0,2018,42,0.006544990465044975,0.0077538322657346725
fit_2015_2019,06 Duarte,0,2018,43,0.0,0.007428973913192749
fit_2015_2019,06 Duarte,0,2018,44,0.006544990465044975,0.004405228421092033
fit_2015_2019,06 Duarte,0,2018,45,0.0,0.009089052677154541
fit_2015_2019,06 Duarte,0,2018,46,0.013089981861412525,0.0042306650429964066
fit_2015_2019,06 Duarte,0,2018,47,0.0,0.01334062498062849
fit_2015_2019,06 Duarte,0,2018,48,0.006544990465044975,0.0042638168670237064
fit_2015_2019,06 Duarte,0,2018,49,0.0,0.010431674309074879
fit_2015_2019,06 Duarte,0,2018,50,0.006544990465044975,0.004773245193064213
fit_2015_2019,06 Duarte,0,2018,51,0.0,0.012572864070534706
fit_2015_2019,06 Duarte,0,2018,52,0.0,0.004181600641459227
fit_2015_2019,06 Duarte,0,2019,1,0.006528375670313835,0.00650010583922267
fit_2015_2019,06 Duarte,0,2019,2,0.0,0.0093165822327137
fit_2015_2019,06 Duarte,0,2019,3,0.0,0.0027630359400063753
fit_2015_2019,06 Duarte,0,2019,4,0.0,0.0026599315460771322
fit_2015_2019,06 Duarte,0,2019,5,0.0,0.003596607828512788
fit_2015_2019,06 Duarte,0,2019,6,0.0,0.0016825591446831822
fit_2015_2019,06 Duarte,0,2019,7,0.0,0.0029351862613111734
fit_2015_2019,06 Duarte,0,2019,8,0.019585128873586655,0.003383756848052144
fit_2015_2019,06 Duarte,0,2019,9,0.006528375670313835,0.019245745614171028
fit_2015_2019,06 Duarte,0,2019,10,0.0,0.010799378156661987
fit_2015_2019,06 Duarte,0,2019,11,0.0,0.004186776001006365
fit_2015_2019,06 Duarte,0,2019,12,0.006528375670313835,0.0033365669660270214
fit_2015_2019,06 Duarte,0,2019,13,0.006528375670313835,0.008753478527069092
fit_2015_2019,06 Duarte,0,2019,14,0.019585128873586655,0.007613576482981443
fit_2015_2019,06 Duarte,0,2019,15,0.02611350454390049,0.018684469163417816
fit_2015_2019,06 Duarte,0,2019,16,0.019585128873586655,0.024235159158706665
fit_2015_2019,06 Duarte,0,2019,17,0.0,0.017734212800860405
fit_2015_2019,06 Duarte,0,2019,18,0.01305675134062767,0.004336939193308353
fit_2015_2019,06 Duarte,0,2019,19,0.01305675134062767,0.00964260846376419
fit_2015_2019,06 Duarte,0,2019,20,0.02611350454390049,0.014868444763123989
fit_2015_2019,06 Duarte,0,2019,21,0.03917025774717331,0.0240170918405056
fit_2015_2019,06 Duarte,0,2019,22,0.02611350454390049,0.037894681096076965
fit_2015_2019,06 Duarte,0,2019,23,0.006528375670313835,0.029409773647785187
fit_2015_2019,06 Duarte,0,2019,24,0.05222700908780098,0.01265120878815651
fit_2015_2019,06 Duarte,0,2019,25,0.032641880214214325,0.050775196403265
fit_2015_2019,06 Duarte,0,2019,26,0.05222700908780098,0.03937586769461632
fit_2015_2019,06 Duarte,0,2019,27,0.09792564809322357,0.054189059883356094
fit_2015_2019,06 Duarte,0,2019,28,0.09139726310968399,0.09555765241384506
fit_2015_2019,06 Duarte,0,2019,29,0.07181213796138763,0.09637439250946045
fit_2015_2019,06 Duarte,0,2019,30,0.18932290375232697,0.08097489923238754
fit_2015_2019,06 Duarte,0,2019,31,0.16320939362049103,0.1745738387107849
fit_2015_2019,06 Duarte,0,2019,32,0.16320939362049103,0.16784659028053284
fit_2015_2019,06 Duarte,0,2019,33,0.11098239570856094,0.1726505607366562
fit_2015_2019,06 Duarte,0,2019,34,0.045698635280132294,0.12014592438936234
fit_2015_2019,06 Duarte,0,2019,35,0.14362427592277527,0.06015200912952423
fit_2015_2019,06 Duarte,0,2019,36,0.09792564809322357,0.13187278807163239
fit_2015_2019,06 Duarte,0,2019,37,0.12403914332389832,0.10603684186935425
fit_2015_2019,06 Duarte,0,2019,38,0.176266148686409,0.13211199641227722
fit_2015_2019,06 Duarte,0,2019,39,0.0848688930273056,0.17215465009212494
fit_2015_2019,06 Duarte,0,2019,40,0.0848688930273056,0.09747491776943207
fit_2015_2019,06 Duarte,0,2019,41,0.1305675208568573,0.09135537594556808
fit_2015_2019,06 Duarte,0,2019,42,0.07181213796138763,0.1209966316819191
fit_2015_2019,06 Duarte,0,2019,43,0.11098239570856094,0.07743342220783234
fit_2015_2019,06 Duarte,0,2019,44,0.07181213796138763,0.10740066319704056
fit_2015_2019,06 Duarte,0,2019,45,0.0848688930273056,0.07458019256591797
fit_2015_2019,06 Duarte,0,2019,46,0.09792564809322357,0.08280075341463089
fit_2015_2019,06 Duarte,0,2019,47,0.15668103098869324,0.092656709253788
fit_2015_2019,06 Duarte,0,2019,48,0.11098239570856094,0.14165988564491272
fit_2015_2019,06 Duarte,0,2019,49,0.13709589838981628,0.10696958750486374
fit_2015_2019,06 Duarte,0,2019,50,0.1305675208568573,0.1277531534433365
fit_2015_2019,06 Duarte,0,2019,51,0.058755382895469666,0.11479513347148895
fit_2015_2019,06 Duarte,0,2019,52,0.07834051549434662,0.06194744259119034
fit_2015_2019,08 El Seibo,2,2015,5,0.021470075473189354,-0.00010318521526642144
fit_2015_2019,08 El Seibo,2,2015,6,0.0,0.01912282407283783
fit_2015_2019,08 El Seibo,2,2015,7,0.0,-0.0035694274120032787
fit_2015_2019,08 El Seibo,2,2015,8,0.0,-0.0020489757880568504
fit_2015_2019,08 El Seibo,2,2015,9,0.0,0.002143352059647441
fit_2015_2019,08 El Seibo,2,2015,10,0.0,0.0030066329054534435
fit_2015_2019,08 El Seibo,2,2015,11,0.0,0.003307929029688239
fit_2015_2019,08 El Seibo,2,2015,12,0.0,0.003208636771887541
fit_2015_2019,08 El Seibo,2,2015,13,0.0,0.0025666828732937574
fit_2015_2019,08 El Seibo,2,2015,14,0.0,0.002669310662895441
fit_2015_2019,08 El Seibo,2,2015,15,0.021470075473189354,0.0022309611085802317
fit_2015_2019,08 El Seibo,2,2015,16,0.0,0.018972374498844147
fit_2015_2019,08 El Seibo,2,2015,17,0.021470075473189354,0.0025475083384662867
fit_2015_2019,08 El Seibo,2,2015,18,0.0,0.01883493736386299
fit_2015_2019,08 El Seibo,2,2015,19,0.0,0.0038888100534677505
fit_2015_2019,08 El Seibo,2,2015,20,0.0,0.0023963283747434616
fit_2015_2019,08 El Seibo,2,2015,21,0.0,0.004378215409815311
fit_2015_2019,08 El Seibo,2,2015,22,0.0,0.0038582864217460155
fit_2015_2019,08 El Seibo,2,2015,23,0.0,0.003115785541012883
fit_2015_2019,08 El Seibo,2,2015,24,0.0,0.003599408082664013
fit_2015_2019,08 El Seibo,2,2015,25,0.0,0.0026509484741836786
fit_2015_2019,08 El Seibo,2,2015,26,0.021470075473189354,0.0025465970393270254
fit_2015_2019,08 El Seibo,2,2015,27,0.021470075473189354,0.020509252324700356
fit_2015_2019,08 El Seibo,2,2015,28,0.06441022455692291,0.028751078993082047
fit_2015_2019,08 El Seibo,2,2015,29,0.0,0.06378874182701111
fit_2015_2019,08 El Seibo,2,2015,30,0.021470075473189354,0.01603374257683754
fit_2015_2019,08 El Seibo,2,2015,31,0.021470075473189354,0.02631308324635029
fit_2015_2019,08 El Seibo,2,2015,32,0.06441022455692291,0.027268653735518456
fit_2015_2019,08 El Seibo,2,2015,33,0.0,0.06428145617246628
fit_2015_2019,08 El Seibo,2,2015,34,0.08588030189275742,0.016837306320667267
fit_2015_2019,08 El Seibo,2,2015,35,0.04294014722108841,0.0863770842552185
fit_2015_2019,08 El Seibo,2,2015,36,0.12882044911384583,0.054441820830106735
fit_2015_2019,08 El Seibo,2,2015,37,0.04294014722108841,0.12812471389770508
fit_2015_2019,08 El Seibo,2,2015,38,0.06441022455692291,0.05673307180404663
fit_2015_2019,08 El Seibo,2,2015,39,0.15029053390026093,0.08121772110462189
fit_2015_2019,08 El Seibo,2,2015,40,0.04294014722108841,0.1493101418018341
fit_2015_2019,08 El Seibo,2,2015,41,0.25764086842536926,0.05722135677933693
fit_2015_2019,08 El Seibo,2,2015,42,0.34352120757102966,0.24875380098819733
fit_2015_2019,08 El Seibo,2,2015,43,0.19323065876960754,0.26073911786079407
fit_2015_2019,08 El Seibo,2,2015,44,0.12882044911384583,0.11344008147716522
fit_2015_2019,08 El Seibo,2,2015,45,0.17176060378551483,0.10382749885320663
fit_2015_2019,08 El Seibo,2,2015,46,0.06441022455692291,0.10797946900129318
fit_2015_2019,08 El Seibo,2,2015,47,0.04294014722108841,0.0366067960858345
fit_2015_2019,08 El Seibo,2,2015,48,0.08588030189275742,0.043210506439208984
fit_2015_2019,08 El Seibo,2,2015,49,0.04294014722108841,0.0716596469283104
fit_2015_2019,08 El Seibo,2,2015,50,0.0,0.037407323718070984
fit_2015_2019,08 El Seibo,2,2015,51,0.0,0.00680096261203289
fit_2015_2019,08 El Seibo,2,2015,52,0.0,0.007830786518752575
fit_2015_2019,08 El Seibo,2,2016,1,0.0,0.00826738215982914
fit_2015_2019,08 El Seibo,2,2016,2,0.06400085240602493,0.009616606868803501
fit_2015_2019,08 El Seibo,2,2016,3,0.08533447235822678,0.061062492430210114
fit_2015_2019,08 El Seibo,2,2016,4,0.021333616226911545,0.07455650717020035
fit_2015_2019,08 El Seibo,2,2016,5,0.04266723245382309,0.020624689757823944
fit_2015_2019,08 El Seibo,2,2016,6,0.04266723245382309,0.03707309439778328
fit_2015_2019,08 El Seibo,2,2016,7,0.021333616226911545,0.03650854155421257
fit_2015_2019,08 El Seibo,2,2016,8,0.021333616226911545,0.021244212985038757
fit_2015_2019,08 El Seibo,2,2016,9,0.021333616226911545,0.023800190538167953
fit_2015_2019,08 El Seibo,2,2016,10,0.04266723245382309,0.025117309764027596
fit_2015_2019,08 El Seibo,2,2016,11,0.021333616226911545,0.0405399426817894
fit_2015_2019,08 El Seibo,2,2016,12,0.021333616226911545,0.024248410016298294
fit_2015_2019,08 El Seibo,2,2016,13,0.021333616226911545,0.021591385826468468
fit_2015_2019,08 El Seibo,2,2016,14,0.04266723245382309,0.020890114828944206
fit_2015_2019,08 El Seibo,2,2016,15,0.06400085240602493,0.0387888178229332
fit_2015_2019,08 El Seibo,2,2016,16,0.0,0.05729873850941658
fit_2015_2019,08 El Seibo,2,2016,17,0.0,0.007893754169344902
fit_2015_2019,08 El Seibo,2,2016,18,0.021333616226911545,0.004569699056446552
fit_2015_2019,08 El Seibo,2,2016,19,0.0,0.023369668051600456
fit_2015_2019,08 El Seibo,2,2016,20,0.04266723245382309,0.010071229189634323
fit_2015_2019,08 El Seibo,2,2016,21,0.0,0.03699617087841034
fit_2015_2019,08 El Seibo,2,2016,22,0.021333616226911545,0.0037321257404983044
fit_2015_2019,08 El Seibo,2,2016,23,0.0,0.018419206142425537
fit_2015_2019,08 El Seibo,2,2016,24,0.021333616226911545,0.0037424121983349323
fit_2015_2019,08 El Seibo,2,2016,25,0.021333616226911545,0.019843246787786484
fit_2015_2019,08 El Seibo,2,2016,26,0.021333616226911545,0.021105218678712845
fit_2015_2019,08 El Seibo,2,2016,27,0.0,0.022291021421551704
fit_2015_2019,08 El Seibo,2,2016,28,0.0,0.005824441555887461
fit_2015_2019,08 El Seibo,2,2016,29,0.021333616226911545,0.004408842884004116
fit_2015_2019,08 El Seibo,2,2016,30,0.0,0.02166588045656681
fit_2015_2019,08 El Seibo,2,2016,31,0.0,0.0016482779756188393
fit_2015_2019,08 El Seibo,2,2016,32,0.0,0.00281213759444654
fit_2015_2019,08 El Seibo,2,2016,33,0.0,0.002051831455901265
fit_2015_2019,08 El Seibo,2,2016,34,0.021333616226911545,0.001684578019194305
fit_2015_2019,08 El Seibo,2,2016,35,0.0,0.018941640853881836
fit_2015_2019,08 El Seibo,2,2016,36,0.0,0.002751253778114915
fit_2015_2019,08 El Seibo,2,2016,37,0.0,-0.0018383110873401165
fit_2015_2019,08 El Seibo,2,2016,38,0.0,-0.002948915585875511
fit_2015_2019,08 El Seibo,2,2016,39,0.0,-0.0004011742421425879
fit_2015_2019,08 El Seibo,2,2016,40,0.0,0.00022220099344849586
fit_2015_2019,08 El Seibo,2,2016,41,0.0,0.0009762116824276745
fit_2015_2019,08 El Seibo,2,2016,42,0.0,0.0010353244142606854
fit_2015_2019,08 El Seibo,2,2016,43,0.0,0.000885151675902307
fit_2015_2019,08 El Seibo,2,2016,44,0.0,0.0010032914578914642
fit_2015_2019,08 El Seibo,2,2016,45,0.021333616226911545,0.001636516535654664
fit_2015_2019,08 El Seibo,2,2016,46,0.0,0.020560095086693764
fit_2015_2019,08 El Seibo,2,2016,47,0.021333616226911545,0.003933198284357786
fit_2015_2019,08 El Seibo,2,2016,48,0.0,0.016881756484508514
fit_2015_2019,08 El Seibo,2,2016,49,0.0,-0.00044287616037763655
fit_2015_2019,08 El Seibo,2,2016,50,0.0,-0.0022075583692640066
fit_2015_2019,08 El Seibo,2,2016,51,0.0,0.0005550210480578244
fit_2015_2019,08 El Seibo,2,2016,52,0.0,-0.00036894428194500506
fit_2015_2019,08 El Seibo,2,2017,1,0.0,0.0008889996097423136
fit_2015_2019,08 El Seibo,2,2017,2,0.0,0.0031835788395255804
fit_2015_2019,08 El Seibo,2,2017,3,0.0,0.0014414027100428939
fit_2015_2019,08 El Seibo,2,2017,4,0.0,-0.0015946229686960578
fit_2015_2019,08 El Seibo,2,2017,5,0.0,-0.0006647581467404962
fit_2015_2019,08 El Seibo,2,2017,6,0.0,-0.0023602922447025776
fit_2015_2019,08 El Seibo,2,2017,7,0.0,-0.004975817631930113
fit_2015_2019,08 El Seibo,2,2017,8,0.0,-0.002813887782394886
fit_2015_2019,08 El Seibo,2,2017,9,0.0,0.0011100779520347714
fit_2015_2019,08 El Seibo,2,2017,10,0.0,0.0017029113369062543
fit_2015_2019,08 El Seibo,2,2017,11,0.0,0.00046521067270077765
fit_2015_2019,08 El Seibo,2,2017,12,0.0,0.0007886791136115789
fit_2015_2019,08 El Seibo,2,2017,13,0.0,-0.0010561614762991667
fit_2015_2019,08 El Seibo,2,2017,14,0.02120118960738182,-0.0009253881871700287
fit_2015_2019,08 El Seibo,2,2017,15,0.0,0.017986223101615906
fit_2015_2019,08 El Seibo,2,2017,16,0.0,-0.002099278150126338
fit_2015_2019,08 El Seibo,2,2017,17,0.0,-0.0008355648606084287
fit_2015_2019,08 El Seibo,2,2017,18,0.0,0.0002627047069836408
fit_2015_2019,08 El Seibo,2,2017,19,0.0,-0.0005649073282256722
fit_2015_2019,08 El Seibo,2,2017,20,0.0,0.00013073642912786454
fit_2015_2019,08 El Seibo,2,2017,21,0.0,0.0003239329089410603
fit_2015_2019,08 El Seibo,2,2017,22,0.0,0.0001422305213054642
fit_2015_2019,08 El Seibo,2,2017,23,0.0,0.0009426444303244352
fit_2015_2019,08 El Seibo,2,2017,24,0.0,0.00018064446339849383
fit_2015_2019,08 El Seibo,2,2017,25,0.0,0.0021967394277453423
fit_2015_2019,08 El Seibo,2,2017,26,0.0,0.0015790995676070452
fit_2015_2019,08 El Seibo,2,2017,27,0.0,0.002044346882030368
fit_2015_2019,08 El Seibo,2,2017,28,0.0,0.0029185975436121225
fit_2015_2019,08 El Seibo,2,2017,29,0.0,0.0037521792110055685
fit_2015_2019,08 El Seibo,2,2017,30,0.0,0.0023546703159809113
fit_2015_2019,08 El Seibo,2,2017,31,0.0,0.0005412634927779436
fit_2015_2019,08 El Seibo,2,2017,32,0.0,0.0008770644199103117
fit_2015_2019,08 El Seibo,2,2017,33,0.0,0.0005724764196202159
fit_2015_2019,08 El Seibo,2,2017,34,0.0,0.0003281550598330796
fit_2015_2019,08 El Seibo,2,2017,35,0.0,0.0001746829366311431
fit_2015_2019,08 El Seibo,2,2017,36,0.0,0.0007988907746039331
fit_2015_2019,08 El Seibo,2,2017,37,0.0,0.0016004459466785192
fit_2015_2019,08 El Seibo,2,2017,38,0.0,-0.0011538236867636442
fit_2015_2019,08 El Seibo,2,2017,39,0.02120118960738182,0.0036685799714177847
fit_2015_2019,08 El Seibo,2,2017,40,0.0,0.017321350052952766
fit_2015_2019,08 El Seibo,2,2017,41,0.02120118960738182,0.006633430253714323
fit_2015_2019,08 El Seibo,2,2017,42,0.0,0.020552994683384895
fit_2015_2019,08 El Seibo,2,2017,43,0.0,0.003284677630290389
fit_2015_2019,08 El Seibo,2,2017,44,0.0,0.0018412264762446284
fit_2015_2019,08 El Seibo,2,2017,45,0.0,-0.001360373105853796
fit_2015_2019,08 El Seibo,2,2017,46,0.0,-0.0012124610366299748
fit_2015_2019,08 El Seibo,2,2017,47,0.0,0.000382544967578724
fit_2015_2019,08 El Seibo,2,2017,48,0.0,-0.001146344467997551
fit_2015_2019,08 El Seibo,2,2017,49,0.02120118960738182,-0.0008050425676628947
fit_2015_2019,08 El Seibo,2,2017,50,0.0,0.015142574906349182
fit_2015_2019,08 El Seibo,2,2017,51,0.0,-0.004285658709704876
fit_2015_2019,08 El Seibo,2,2017,52,0.0,-0.0012888902565464377
fit_2015_2019,08 El Seibo,2,2018,1,0.0,0.00030538259306922555
fit_2015_2019,08 El Seibo,2,2018,2,0.0,0.0016292068175971508
fit_2015_2019,08 El Seibo,2,2018,3,0.0,-0.0014167403569445014
fit_2015_2019,08 El Seibo,2,2018,4,0.0,-0.002468454884365201
fit_2015_2019,08 El Seibo,2,2018,5,0.0,-0.002210981911048293
fit_2015_2019,08 El Seibo,2,2018,6,0.0,-0.003879675641655922
fit_2015_2019,08 El Seibo,2,2018,7,0.0,-0.004913505166769028
fit_2015_2019,08 El Seibo,2,2018,8,0.0,-0.004170814994722605
fit_2015_2019,08 El Seibo,2,2018,9,0.0,-0.0010340303415432572
fit_2015_2019,08 El Seibo,2,2018,10,0.0,0.00030582977342419326
fit_2015_2019,08 El Seibo,2,2018,11,0.0,-0.0006338024977594614
fit_2015_2019,08 El Seibo,2,2018,12,0.021065382286906242,-0.002085114363580942
fit_2015_2019,08 El Seibo,2,2018,13,0.0,0.015208970755338669
fit_2015_2019,08 El Seibo,2,2018,14,0.0,-0.003076842986047268
fit_2015_2019,08 El Seibo,2,2018,15,0.0,-0.001836518757045269
fit_2015_2019,08 El Seibo,2,2018,16,0.0,-0.0005404754774644971
fit_2015_2019,08 El Seibo,2,2018,17,0.0,-0.0022763293236494064
fit_2015_2019,08 El Seibo,2,2018,18,0.021065382286906242,-0.0011510291369631886
fit_2015_2019,08 El Seibo,2,2018,19,0.0,0.016065094619989395
fit_2015_2019,08 El Seibo,2,2018,20,0.0,-0.00094384461408481
fit_2015_2019,08 El Seibo,2,2018,21,0.0,-0.0020031544845551252
fit_2015_2019,08 El Seibo,2,2018,22,0.0,-0.0008253474370576441
fit_2015_2019,08 El Seibo,2,2018,23,0.0,-0.00140402524266392
fit_2015_2019,08 El Seibo,2,2018,24,0.0,-0.002398601034656167
fit_2015_2019,08 El Seibo,2,2018,25,0.021065382286906242,-0.0012313103070482612
fit_2015_2019,08 El Seibo,2,2018,26,0.0,0.015192455612123013
fit_2015_2019,08 El Seibo,2,2018,27,0.0,0.004777656402438879
fit_2015_2019,08 El Seibo,2,2018,28,0.0,0.0013296980177983642
fit_2015_2019,08 El Seibo,2,2018,29,0.0,0.0030010282061994076
fit_2015_2019,08 El Seibo,2,2018,30,0.0,0.0009868652559816837
fit_2015_2019,08 El Seibo,2,2018,31,0.0,-0.0006433033850044012
fit_2015_2019,08 El Seibo,2,2018,32,0.0,-0.00019762574811466038
fit_2015_2019,08 El Seibo,2,2018,33,0.0,-0.0006404553423635662
fit_2015_2019,08 El Seibo,2,2018,34,0.0,0.000960934383329004
fit_2015_2019,08 El Seibo,2,2018,35,0.0,0.0010990649461746216
fit_2015_2019,08 El Seibo,2,2018,36,0.0,0.00036233148421160877
fit_2015_2019,08 El Seibo,2,2018,37,0.021065382286906242,0.0002733171859290451
fit_2015_2019,08 El Seibo,2,2018,38,0.0,0.018788989633321762
fit_2015_2019,08 El Seibo,2,2018,39,0.0,0.006027352064847946
fit_2015_2019,08 El Seibo,2,2018,40,0.0,0.005135511048138142
fit_2015_2019,08 El Seibo,2,2018,41,0.0,0.004603472072631121
fit_2015_2019,08 El Seibo,2,2018,42,0.021065382286906242,0.003441867884248495
fit_2015_2019,08 El Seibo,2,2018,43,0.0,0.019565017893910408
fit_2015_2019,08 El Seibo,2,2018,44,0.0,0.0036012849304825068
fit_2015_2019,08 El Seibo,2,2018,45,0.0,0.003671904094517231
fit_2015_2019,08 El Seibo,2,2018,46,0.0,0.0035125580616295338
fit_2015_2019,08 El Seibo,2,2018,47,0.0,0.000995658221654594
fit_2015_2019,08 El Seibo,2,2018,48,0.0,0.0023645879700779915
fit_2015_2019,08 El Seibo,2,2018,49,0.0,0.0031261106487363577
fit_2015_2019,08 El Seibo,2,2018,50,0.0,0.0020378963090479374
fit_2015_2019,08 El Seibo,2,2018,51,0.0,0.0009211928700096905
fit_2015_2019,08 El Seibo,2,2018,52,0.0,0.0016589723527431488
fit_2015_2019,08 El Seibo,2,2019,1,0.0,0.002436718437820673
fit_2015_2019,08 El Seibo,2,2019,2,0.0,0.004541785456240177
fit_2015_2019,08 El Seibo,2,2019,3,0.0,0.0037460317835211754
fit_2015_2019,08 El Seibo,2,2019,4,0.0,0.0008698123856447637
fit_2015_2019,08 El Seibo,2,2019,5,0.0,0.0012378337560221553
fit_2015_2019,08 El Seibo,2,2019,6,0.0,-0.00046923174522817135
fit_2015_2019,08 El Seibo,2,2019,7,0.0,-0.0017350297421216965
fit_2015_2019,08 El Seibo,2,2019,8,0.0,0.0002455491339787841
fit_2015_2019,08 El Seibo,2,2019,9,0.0,0.0037056750152260065
fit_2015_2019,08 El Seibo,2,2019,10,0.0,0.004920375533401966
fit_2015_2019,08 El Seibo,2,2019,11,0.0,0.004780814051628113
fit_2015_2019,08 El Seibo,2,2019,12,0.0,0.00364527921192348
fit_2015_2019,08 El Seibo,2,2019,13,0.06281889975070953,0.0031158789061009884
fit_2015_2019,08 El Seibo,2,2019,14,0.0,0.05233032628893852
fit_2015_2019,08 El Seibo,2,2019,15,0.0,-0.003140648128464818
fit_2015_2019,08 El Seibo,2,2019,16,0.0,-0.0025930255651474
fit_2015_2019,08 El Seibo,2,2019,17,0.0,0.0021668458357453346
fit_2015_2019,08 El Seibo,2,2019,18,0.02093963325023651,0.001222194405272603
fit_2015_2019,08 El Seibo,2,2019,19,0.02093963325023651,0.016897398978471756
fit_2015_2019,08 El Seibo,2,2019,20,0.0,0.021782899275422096
fit_2015_2019,08 El Seibo,2,2019,21,0.0,0.002095014788210392
fit_2015_2019,08 El Seibo,2,2019,22,0.0,0.0004575330240186304
fit_2015_2019,08 El Seibo,2,2019,23,0.0,0.004949018359184265
fit_2015_2019,08 El Seibo,2,2019,24,0.0,0.0034200039226561785
fit_2015_2019,08 El Seibo,2,2019,25,0.0,0.003139369422569871
fit_2015_2019,08 El Seibo,2,2019,26,0.08375853300094604,0.0013066529063507915
fit_2015_2019,08 El Seibo,2,2019,27,0.0,0.072146937251091
fit_2015_2019,08 El Seibo,2,2019,28,0.06281889975070953,0.015146980993449688
fit_2015_2019,08 El Seibo,2,2019,29,0.04187926650047302,0.06212279945611954
fit_2015_2019,08 El Seibo,2,2019,30,0.12563779950141907,0.05017489194869995
fit_2015_2019,08 El Seibo,2,2019,31,0.04187926650047302,0.11939399689435959
fit_2015_2019,08 El Seibo,2,2019,32,0.14657743275165558,0.06185802072286606
fit_2015_2019,08 El Seibo,2,2019,33,0.12563779950141907,0.14644157886505127
fit_2015_2019,08 El Seibo,2,2019,34,0.10469816625118256,0.13321463763713837
fit_2015_2019,08 El Seibo,2,2019,35,0.1675170660018921,0.1239880621433258
fit_2015_2019,08 El Seibo,2,2019,36,0.14657743275165558,0.1665598750114441
fit_2015_2019,08 El Seibo,2,2019,37,0.08375853300094604,0.14278730750083923
fit_2015_2019,08 El Seibo,2,2019,38,0.08375853300094604,0.09974627941846848
fit_2015_2019,08 El Seibo,2,2019,39,0.04187926650047302,0.09826851636171341
fit_2015_2019,08 El Seibo,2,2019,40,0.1675170660018921,0.05875340849161148
fit_2015_2019,08 El Seibo,2,2019,41,0.1884566694498062,0.16696569323539734
fit_2015_2019,08 El Seibo,2,2019,42,0.12563779950141907,0.17375178635120392
fit_2015_2019,08 El Seibo,2,2019,43,0.12563779950141907,0.11650507152080536
fit_2015_2019,08 El Seibo,2,2019,44,0.08375853300094604,0.11518322676420212
fit_2015_2019,08 El Seibo,2,2019,45,0.06281889975070953,0.07284566015005112
fit_2015_2019,08 El Seibo,2,2019,46,0.1884566694498062,0.06156415492296219
fit_2015_2019,08 El Seibo,2,2019,47,0.14657743275165558,0.16264337301254272
fit_2015_2019,08 El Seibo,2,2019,48,0.12563779950141907,0.11314462870359421
fit_2015_2019,08 El Seibo,2,2019,49,0.02093963325023651,0.10293600708246231
fit_2015_2019,08 El Seibo,2,2019,50,0.04187926650047302,0.006472867913544178
fit_2015_2019,08 El Seibo,2,2019,51,0.02093963325023651,0.02579622156918049
fit_2015_2019,08 El Seibo,2,2019,52,0.0,0.0183132104575634
fit_2015_2019,09 Espaillat,2,2015,5,0.0,0.0015618170145899057
fit_2015_2019,09 Espaillat,2,2015,6,0.008232946507632732,0.005206672474741936
fit_2015_2019,09 Espaillat,2,2015,7,0.016465896740555763,0.007614856585860252
fit_2015_2019,09 Espaillat,2,2015,8,0.0,0.013996216468513012
fit_2015_2019,09 Espaillat,2,2015,9,0.016465896740555763,0.006566116586327553
fit_2015_2019,09 Espaillat,2,2015,10,0.008232946507632732,0.01450361218303442
fit_2015_2019,09 Espaillat,2,2015,11,0.016465896740555763,0.009079392068088055
fit_2015_2019,09 Espaillat,2,2015,12,0.008232946507632732,0.015799161046743393
fit_2015_2019,09 Espaillat,2,2015,13,0.0,0.009152071550488472
fit_2015_2019,09 Espaillat,2,2015,14,0.008232946507632732,0.0030968545470386744
fit_2015_2019,09 Espaillat,2,2015,15,0.008232946507632732,0.008182813413441181
fit_2015_2019,09 Espaillat,2,2015,16,0.032931793481111526,0.008124507032334805
fit_2015_2019,09 Espaillat,2,2015,17,0.008232946507632732,0.028265681117773056
fit_2015_2019,09 Espaillat,2,2015,18,0.016465896740555763,0.013215890154242516
fit_2015_2019,09 Espaillat,2,2015,19,0.032931793481111526,0.016291148960590363
fit_2015_2019,09 Espaillat,2,2015,20,0.016465896740555763,0.03189219534397125
fit_2015_2019,09 Espaillat,2,2015,21,0.032931793481111526,0.020339306443929672
fit_2015_2019,09 Espaillat,2,2015,22,0.016465896740555763,0.029607001692056656
fit_2015_2019,09 Espaillat,2,2015,23,0.032931793481111526,0.018712837249040604
fit_2015_2019,09 Espaillat,2,2015,24,0.02469884417951107,0.03155285865068436
fit_2015_2019,09 Espaillat,2,2015,25,0.02469884417951107,0.028426341712474823
fit_2015_2019,09 Espaillat,2,2015,26,0.032931793481111526,0.02791323885321617
fit_2015_2019,09 Espaillat,2,2015,27,0.02469884417951107,0.035193923860788345
fit_2015_2019,09 Espaillat,2,2015,28,0.016465896740555763,0.027874259278178215
fit_2015_2019,09 Espaillat,2,2015,29,0.032931793481111526,0.022358477115631104
fit_2015_2019,09 Espaillat,2,2015,30,0.02469884417951107,0.03430281579494476
fit_2015_2019,09 Espaillat,2,2015,31,0.041164740920066833,0.028390228748321533
fit_2015_2019,09 Espaillat,2,2015,32,0.032931793481111526,0.04140827804803848
fit_2015_2019,09 Espaillat,2,2015,33,0.0,0.0372169204056263
fit_2015_2019,09 Espaillat,2,2015,34,0.02469884417951107,0.009738237597048283
fit_2015_2019,09 Espaillat,2,2015,35,0.06586357951164246,0.027300972491502762
fit_2015_2019,09 Espaillat,2,2015,36,0.07409653067588806,0.06556623429059982
fit_2015_2019,09 Espaillat,2,2015,37,0.07409653067588806,0.07620494067668915
fit_2015_2019,09 Espaillat,2,2015,38,0.04939768835902214,0.07833065092563629
fit_2015_2019,09 Espaillat,2,2015,39,0.14819307625293732,0.06086345016956329
fit_2015_2019,09 Espaillat,2,2015,40,0.1152612715959549,0.14062096178531647
fit_2015_2019,09 Espaillat,2,2015,41,0.13996011018753052,0.11278530955314636
fit_2015_2019,09 Espaillat,2,2015,42,0.10702832788228989,0.13251464068889618
fit_2015_2019,09 Espaillat,2,2015,43,0.19759075343608856,0.10145406424999237
fit_2015_2019,09 Espaillat,2,2015,44,0.09056243300437927,0.17252692580223083
fit_2015_2019,09 Espaillat,2,2015,45,0.02469884417951107,0.07785481214523315
fit_2015_2019,09 Espaillat,2,2015,46,0.05763063579797745,0.03240988776087761
fit_2015_2019,09 Espaillat,2,2015,47,0.07409653067588806,0.05569995194673538
fit_2015_2019,09 Espaillat,2,2015,48,0.032931793481111526,0.07286268472671509
fit_2015_2019,09 Espaillat,2,2015,49,0.06586357951164246,0.04323720932006836
fit_2015_2019,09 Espaillat,2,2015,50,0.06586357951164246,0.0646013393998146
fit_2015_2019,09 Espaillat,2,2015,51,0.041164740920066833,0.06650357693433762
fit_2015_2019,09 Espaillat,2,2015,52,0.1152612715959549,0.048976510763168335
fit_2015_2019,09 Espaillat,2,2016,1,0.04925147444009781,0.10208681970834732
fit_2015_2019,09 Espaillat,2,2016,2,0.09850294888019562,0.05771593376994133
fit_2015_2019,09 Espaillat,2,2016,3,0.07387720793485641,0.09039004147052765
fit_2015_2019,09 Espaillat,2,2016,4,0.06566863507032394,0.07329180091619492
fit_2015_2019,09 Espaillat,2,2016,5,0.008208578452467918,0.06291595846414566
fit_2015_2019,09 Espaillat,2,2016,6,0.016417156904935837,0.017284829169511795
fit_2015_2019,09 Espaillat,2,2016,7,0.07387720793485641,0.02017453871667385
fit_2015_2019,09 Espaillat,2,2016,8,0.04925147444009781,0.0643807128071785
fit_2015_2019,09 Espaillat,2,2016,9,0.024625737220048904,0.04946969076991081
fit_2015_2019,09 Espaillat,2,2016,10,0.016417156904935837,0.02947746030986309
fit_2015_2019,09 Espaillat,2,2016,11,0.024625737220048904,0.020468885079026222
fit_2015_2019,09 Espaillat,2,2016,12,0.024625737220048904,0.026169361546635628
fit_2015_2019,09 Espaillat,2,2016,13,0.06566863507032394,0.026374416425824165
fit_2015_2019,09 Espaillat,2,2016,14,0.04104289412498474,0.055352289229631424
fit_2015_2019,09 Espaillat,2,2016,15,0.008208578452467918,0.04049178585410118
fit_2015_2019,09 Espaillat,2,2016,16,0.016417156904935837,0.013252212665975094
fit_2015_2019,09 Espaillat,2,2016,17,0.0,0.017862487584352493
fit_2015_2019,09 Espaillat,2,2016,18,0.016417156904935837,0.0053223357535898685
fit_2015_2019,09 Espaillat,2,2016,19,0.008208578452467918,0.01509761717170477
fit_2015_2019,09 Espaillat,2,2016,20,0.03283431753516197,0.014149323105812073
fit_2015_2019,09 Espaillat,2,2016,21,0.016417156904935837,0.03272828832268715
fit_2015_2019,09 Espaillat,2,2016,22,0.024625737220048904,0.01924447901546955
fit_2015_2019,09 Espaillat,2,2016,23,0.008208578452467918,0.023116977885365486
fit_2015_2019,09 Espaillat,2,2016,24,0.016417156904935837,0.012033194303512573
fit_2015_2019,09 Espaillat,2,2016,25,0.016417156904935837,0.018036827445030212
fit_2015_2019,09 Espaillat,2,2016,26,0.024625737220048904,0.018817253410816193
fit_2015_2019,09 Espaillat,2,2016,27,0.024625737220048904,0.025007696822285652
fit_2015_2019,09 Espaillat,2,2016,28,0.008208578452467918,0.023979946970939636
fit_2015_2019,09 Espaillat,2,2016,29,0.03283431753516197,0.01167403906583786
fit_2015_2019,09 Espaillat,2,2016,30,0.008208578452467918,0.029314853250980377
fit_2015_2019,09 Espaillat,2,2016,31,0.008208578452467918,0.010162130929529667
fit_2015_2019,09 Espaillat,2,2016,32,0.024625737220048904,0.008009159937500954
fit_2015_2019,09 Espaillat,2,2016,33,0.03283431753516197,0.021804342046380043
fit_2015_2019,09 Espaillat,2,2016,34,0.008208578452467918,0.029999732971191406
fit_2015_2019,09 Espaillat,2,2016,35,0.008208578452467918,0.01064131036400795
fit_2015_2019,09 Espaillat,2,2016,36,0.016417156904935837,0.010943022556602955
fit_2015_2019,09 Espaillat,2,2016,37,0.04925147444009781,0.016599740833044052
fit_2015_2019,09 Espaillat,2,2016,38,0.008208578452467918,0.04422822594642639
fit_2015_2019,09 Espaillat,2,2016,39,0.0,0.014954319223761559
fit_2015_2019,09 Espaillat,2,2016,40,0.024625737220048904,0.004129762761294842
fit_2015_2019,09 Espaillat,2,2016,41,0.04925147444009781,0.023623647168278694
fit_2015_2019,09 Espaillat,2,2016,42,0.0,0.04677451029419899
fit_2015_2019,09 Espaillat,2,2016,43,0.04104289412498474,0.007090042345225811
fit_2015_2019,09 Espaillat,2,2016,44,0.03283431753516197,0.03703147917985916
fit_2015_2019,09 Espaillat,2,2016,45,0.008208578452467918,0.032129235565662384
fit_2015_2019,09 Espaillat,2,2016,46,0.008208578452467918,0.012900132685899734
fit_2015_2019,09 Espaillat,2,2016,47,0.04925147444009781,0.011086177080869675
fit_2015_2019,09 Espaillat,2,2016,48,0.016417156904935837,0.04190942645072937
fit_2015_2019,09 Espaillat,2,2016,49,0.024625737220048904,0.01918073184788227
fit_2015_2019,09 Espaillat,2,2016,50,0.016417156904935837,0.02479236014187336
fit_2015_2019,09 Espaillat,2,2016,51,0.024625737220048904,0.016838284209370613
fit_2015_2019,09 Espaillat,2,2016,52,0.0,0.02246454916894436
fit_2015_2019,09 Espaillat,2,2017,1,0.024554714560508728,0.003229905618354678
fit_2015_2019,09 Espaillat,2,2017,2,0.0,0.02282397635281086
fit_2015_2019,09 Espaillat,2,2017,3,0.0,0.004402272403240204
fit_2015_2019,09 Espaillat,2,2017,4,0.008184905163943768,-0.0009442279697395861
fit_2015_2019,09 Espaillat,2,2017,5,0.0,0.006128812208771706
fit_2015_2019,09 Espaillat,2,2017,6,0.016369808465242386,0.0018301868112757802
fit_2015_2019,09 Espaillat,2,2017,7,0.008184905163943768,0.011184126138687134
fit_2015_2019,09 Espaillat,2,2017,8,0.008184905163943768,0.004864552523940802
fit_2015_2019,09 Espaillat,2,2017,9,0.008184905163943768,0.006795205175876617
fit_2015_2019,09 Espaillat,2,2017,10,0.008184905163943768,0.008150155656039715
fit_2015_2019,09 Espaillat,2,2017,11,0.008184905163943768,0.006680686958134174
fit_2015_2019,09 Espaillat,2,2017,12,0.016369808465242386,0.006143518257886171
fit_2015_2019,09 Espaillat,2,2017,13,0.0,0.013743456453084946
fit_2015_2019,09 Espaillat,2,2017,14,0.008184905163943768,-0.0007949029677547514
fit_2015_2019,09 Espaillat,2,2017,15,0.0,0.0055760410614311695
fit_2015_2019,09 Espaillat,2,2017,16,0.008184905163943768,0.0015543174231424928
fit_2015_2019,09 Espaillat,2,2017,17,0.0,0.006399678532034159
fit_2015_2019,09 Espaillat,2,2017,18,0.024554714560508728,0.0017558832187205553
fit_2015_2019,09 Espaillat,2,2017,19,0.016369808465242386,0.01742805354297161
fit_2015_2019,09 Espaillat,2,2017,20,0.008184905163943768,0.017176512628793716
fit_2015_2019,09 Espaillat,2,2017,21,0.016369808465242386,0.011165272444486618
fit_2015_2019,09 Espaillat,2,2017,22,0.008184905163943768,0.015366141684353352
fit_2015_2019,09 Espaillat,2,2017,23,0.0,0.008637184277176857
fit_2015_2019,09 Espaillat,2,2017,24,0.0,0.002786122029647231
fit_2015_2019,09 Espaillat,2,2017,25,0.008184905163943768,0.0026220125146210194
fit_2015_2019,09 Espaillat,2,2017,26,0.0,0.009556970559060574
fit_2015_2019,09 Espaillat,2,2017,27,0.024554714560508728,0.0039015328511595726
fit_2015_2019,09 Espaillat,2,2017,28,0.0,0.021439865231513977
fit_2015_2019,09 Espaillat,2,2017,29,0.008184905163943768,0.0038519459776580334
fit_2015_2019,09 Espaillat,2,2017,30,0.0,0.008360683917999268
fit_2015_2019,09 Espaillat,2,2017,31,0.0,0.0019695796072483063
fit_2015_2019,09 Espaillat,2,2017,32,0.0,0.0010964059038087726
fit_2015_2019,09 Espaillat,2,2017,33,0.008184905163943768,0.0012093564728274941
fit_2015_2019,09 Espaillat,2,2017,34,0.024554714560508728,0.0068244715221226215
fit_2015_2019,09 Espaillat,2,2017,35,0.008184905163943768,0.020942160859704018
fit_2015_2019,09 Espaillat,2,2017,36,0.0,0.012876407243311405
fit_2015_2019,09 Espaillat,2,2017,37,0.0,0.005555202253162861
fit_2015_2019,09 Espaillat,2,2017,38,0.008184905163943768,0.0011435799533501267
fit_2015_2019,09 Espaillat,2,2017,39,0.008184905163943768,0.011743848212063313
fit_2015_2019,09 Espaillat,2,2017,40,0.03273962065577507,0.011081421747803688
fit_2015_2019,09 Espaillat,2,2017,41,0.03273962065577507,0.030515383929014206
fit_2015_2019,09 Espaillat,2,2017,42,0.008184905163943768,0.03423227369785309
fit_2015_2019,09 Espaillat,2,2017,43,0.016369808465242386,0.012727154418826103
fit_2015_2019,09 Espaillat,2,2017,44,0.016369808465242386,0.01784742996096611
fit_2015_2019,09 Espaillat,2,2017,45,0.0,0.018075404688715935
fit_2015_2019,09 Espaillat,2,2017,46,0.008184905163943768,0.005058975890278816
fit_2015_2019,09 Espaillat,2,2017,47,0.024554714560508728,0.007218561135232449
fit_2015_2019,09 Espaillat,2,2017,48,0.03273962065577507,0.02040911465883255
fit_2015_2019,09 Espaillat,2,2017,49,0.008184905163943768,0.03058195300400257
fit_2015_2019,09 Espaillat,2,2017,50,0.0,0.010467249900102615
fit_2015_2019,09 Espaillat,2,2017,51,0.008184905163943768,0.0027700960636138916
fit_2015_2019,09 Espaillat,2,2017,52,0.0,0.01105706300586462
fit_2015_2019,09 Espaillat,2,2018,1,0.0,0.0029019007924944162
fit_2015_2019,09 Espaillat,2,2018,2,0.024477224797010422,0.0029607012402266264
fit_2015_2019,09 Espaillat,2,2018,3,0.0,0.01954616606235504
fit_2015_2019,09 Espaillat,2,2018,4,0.008159074001014233,-0.0018342691473662853
fit_2015_2019,09 Espaillat,2,2018,5,0.016318149864673615,0.0038667924236506224
fit_2015_2019,09 Espaillat,2,2018,6,0.0,0.012263650074601173
fit_2015_2019,09 Espaillat,2,2018,7,0.016318149864673615,-0.0009691002778708935
fit_2015_2019,09 Espaillat,2,2018,8,0.016318149864673615,0.011270562186837196
fit_2015_2019,09 Espaillat,2,2018,9,0.016318149864673615,0.012782776728272438
fit_2015_2019,09 Espaillat,2,2018,10,0.024477224797010422,0.012492445297539234
fit_2015_2019,09 Espaillat,2,2018,11,0.008159074001014233,0.01969105377793312
fit_2015_2019,09 Espaillat,2,2018,12,0.016318149864673615,0.007297575939446688
fit_2015_2019,09 Espaillat,2,2018,13,0.008159074001014233,0.010793506167829037
fit_2015_2019,09 Espaillat,2,2018,14,0.0,0.003803243860602379
fit_2015_2019,09 Espaillat,2,2018,15,0.008159074001014233,-0.0012454823590815067
fit_2015_2019,09 Espaillat,2,2018,16,0.0,0.00541534973308444
fit_2015_2019,09 Espaillat,2,2018,17,0.008159074001014233,-0.0006219858187250793
fit_2015_2019,09 Espaillat,2,2018,18,0.0,0.006436996161937714
fit_2015_2019,09 Espaillat,2,2018,19,0.0,0.001132775447331369
fit_2015_2019,09 Espaillat,2,2018,20,0.008159074001014233,0.00016747700283303857
fit_2015_2019,09 Espaillat,2,2018,21,0.0,0.006167864892631769
fit_2015_2019,09 Espaillat,2,2018,22,0.0,0.0033888963516801596
fit_2015_2019,09 Espaillat,2,2018,23,0.0,0.0015888306079432368
fit_2015_2019,09 Espaillat,2,2018,24,0.0,-5.564683669945225e-05
fit_2015_2019,09 Espaillat,2,2018,25,0.0,-0.0002628517395351082
fit_2015_2019,09 Espaillat,2,2018,26,0.0,-5.1128303311998025e-05
fit_2015_2019,09 Espaillat,2,2018,27,0.008159074001014233,0.0005675264401361346
fit_2015_2019,09 Espaillat,2,2018,28,0.0,0.00621448690071702
fit_2015_2019,09 Espaillat,2,2018,29,0.008159074001014233,0.001746564987115562
fit_2015_2019,09 Espaillat,2,2018,30,0.008159074001014233,0.006285925395786762
fit_2015_2019,09 Espaillat,2,2018,31,0.008159074001014233,0.0061775073409080505
fit_2015_2019,09 Espaillat,2,2018,32,0.008159074001014233,0.007086204364895821
fit_2015_2019,09 Espaillat,2,2018,33,0.0,0.00728980079293251
fit_2015_2019,09 Espaillat,2,2018,34,0.0,0.0009439308778382838
fit_2015_2019,09 Espaillat,2,2018,35,0.0,0.00028722386923618615
fit_2015_2019,09 Espaillat,2,2018,36,0.0,0.0014575491659343243
fit_2015_2019,09 Espaillat,2,2018,37,0.0,0.0013499199412763119
fit_2015_2019,09 Espaillat,2,2018,38,0.0,0.002309926087036729
fit_2015_2019,09 Espaillat,2,2018,39,0.0,0.004279313143342733
fit_2015_2019,09 Espaillat,2,2018,40,0.008159074001014233,0.004909161943942308
fit_2015_2019,09 Espaillat,2,2018,41,0.0,0.009468672797083855
fit_2015_2019,09 Espaillat,2,2018,42,0.008159074001014233,0.00403217738494277
fit_2015_2019,09 Espaillat,2,2018,43,0.0,0.009892315603792667
fit_2015_2019,09 Espaillat,2,2018,44,0.0,0.005151321645826101
fit_2015_2019,09 Espaillat,2,2018,45,0.0,0.003687177784740925
fit_2015_2019,09 Espaillat,2,2018,46,0.008159074001014233,0.003531208960339427
fit_2015_2019,09 Espaillat,2,2018,47,0.0,0.009807278402149677
fit_2015_2019,09 Espaillat,2,2018,48,0.0,0.004510781727731228
fit_2015_2019,09 Espaillat,2,2018,49,0.008159074001014233,0.004047301132231951
fit_2015_2019,09 Espaillat,2,2018,50,0.016318149864673615,0.011780064553022385
fit_2015_2019,09 Espaillat,2,2018,51,0.008159074001014233,0.016126060858368874
fit_2015_2019,09 Espaillat,2,2018,52,0.008159074001014233,0.010984963737428188
fit_2015_2019,09 Espaillat,2,2019,1,0.0,0.009703151881694794
fit_2015_2019,09 Espaillat,2,2019,2,0.008137112483382225,0.004214731976389885
fit_2015_2019,09 Espaillat,2,2019,3,0.008137112483382225,0.009753556922078133
fit_2015_2019,09 Espaillat,2,2019,4,0.01627422496676445,0.007933937944471836
fit_2015_2019,09 Espaillat,2,2019,5,0.0325484536588192,0.013418866321444511
fit_2015_2019,09 Espaillat,2,2019,6,0.008137112483382225,0.02812797948718071
fit_2015_2019,09 Espaillat,2,2019,7,0.0,0.00872111041098833
fit_2015_2019,09 Espaillat,2,2019,8,0.0,0.001067380653694272
fit_2015_2019,09 Espaillat,2,2019,9,0.008137112483382225,0.002399868331849575
fit_2015_2019,09 Espaillat,2,2019,10,0.0,0.010080186650156975
fit_2015_2019,09 Espaillat,2,2019,11,0.01627422496676445,0.0036209842655807734
fit_2015_2019,09 Espaillat,2,2019,12,0.008137112483382225,0.013839058578014374
fit_2015_2019,09 Espaillat,2,2019,13,0.008137112483382225,0.0089513985440135
fit_2015_2019,09 Espaillat,2,2019,14,0.024411339312791824,0.006617235951125622
fit_2015_2019,09 Espaillat,2,2019,15,0.0325484536588192,0.01856827922165394
fit_2015_2019,09 Espaillat,2,2019,16,0.0,0.027631409466266632
fit_2015_2019,09 Espaillat,2,2019,17,0.008137112483382225,0.005101566202938557
fit_2015_2019,09 Espaillat,2,2019,18,0.0,0.008964222855865955
fit_2015_2019,09 Espaillat,2,2019,19,0.008137112483382225,0.0027190763503313065
fit_2015_2019,09 Espaillat,2,2019,20,0.01627422496676445,0.006116372533142567
fit_2015_2019,09 Espaillat,2,2019,21,0.008137112483382225,0.017403965815901756
fit_2015_2019,09 Espaillat,2,2019,22,0.0,0.0113095473498106
fit_2015_2019,09 Espaillat,2,2019,23,0.008137112483382225,0.0017952175112441182
fit_2015_2019,09 Espaillat,2,2019,24,0.01627422496676445,0.008420146070420742
fit_2015_2019,09 Espaillat,2,2019,25,0.01627422496676445,0.017432982102036476
fit_2015_2019,09 Espaillat,2,2019,26,0.01627422496676445,0.019268078729510307
fit_2015_2019,09 Espaillat,2,2019,27,0.07323401421308517,0.020029960200190544
fit_2015_2019,09 Espaillat,2,2019,28,0.0650968998670578,0.06381063908338547
fit_2015_2019,09 Espaillat,2,2019,29,0.08137112855911255,0.0669405609369278
fit_2015_2019,09 Espaillat,2,2019,30,0.0976453572511673,0.08042528480291367
fit_2015_2019,09 Espaillat,2,2019,31,0.08950824290513992,0.09515984356403351
fit_2015_2019,09 Espaillat,2,2019,32,0.07323401421308517,0.09129521250724792
fit_2015_2019,09 Espaillat,2,2019,33,0.10578246414661407,0.07906767725944519
fit_2015_2019,09 Espaillat,2,2019,34,0.13833090662956238,0.10328303277492523
fit_2015_2019,09 Espaillat,2,2019,35,0.08137112855911255,0.13341811299324036
fit_2015_2019,09 Espaillat,2,2019,36,0.11391958594322205,0.08538361638784409
fit_2015_2019,09 Espaillat,2,2019,37,0.08137112855911255,0.10985802114009857
fit_2015_2019,09 Espaillat,2,2019,38,0.07323401421308517,0.08308009058237076
fit_2015_2019,09 Espaillat,2,2019,39,0.0650968998670578,0.0783560574054718
fit_2015_2019,09 Espaillat,2,2019,40,0.040685564279556274,0.07133200764656067
fit_2015_2019,09 Espaillat,2,2019,41,0.04882267490029335,0.05037901550531387
fit_2015_2019,09 Espaillat,2,2019,42,0.04882267490029335,0.053273044526576996
fit_2015_2019,09 Espaillat,2,2019,43,0.08950824290513992,0.05683029815554619
fit_2015_2019,09 Espaillat,2,2019,44,0.08950824290513992,0.08945255726575851
fit_2015_2019,09 Espaillat,2,2019,45,0.0650968998670578,0.08770285546779633
fit_2015_2019,09 Espaillat,2,2019,46,0.08950824290513992,0.0668424516916275
fit_2015_2019,09 Espaillat,2,2019,47,0.17901648581027985,0.08571077883243561
fit_2015_2019,09 Espaillat,2,2019,48,0.268524706363678,0.15528340637683868
fit_2015_2019,09 Espaillat,2,2019,49,0.14646802842617035,0.21299025416374207
fit_2015_2019,09 Espaillat,2,2019,50,0.08137112855911255,0.10367710143327713
fit_2015_2019,09 Espaillat,2,2019,51,0.08950824290513992,0.0601787194609642
fit_2015_2019,09 Espaillat,2,2019,52,0.08137112855911255,0.06739939749240875
fit_2015_2019,10 Independencia,1,2015,5,0.03499084338545799,0.07207191735506058
fit_2015_2019,10 Independencia,1,2015,6,0.0,0.03139765188097954
fit_2015_2019,10 Independencia,1,2015,7,0.13996337354183197,0.012464359402656555
fit_2015_2019,10 Independencia,1,2015,8,0.03499084338545799,0.13070769608020782
fit_2015_2019,10 Independencia,1,2015,9,0.0,0.02697814255952835
fit_2015_2019,10 Independencia,1,2015,10,0.06998168677091599,0.010648416355252266
fit_2015_2019,10 Independencia,1,2015,11,0.10497252643108368,0.07019218802452087
fit_2015_2019,10 Independencia,1,2015,12,0.0,0.09419278055429459
fit_2015_2019,10 Independencia,1,2015,13,0.06998168677091599,0.007818850688636303
fit_2015_2019,10 Independencia,1,2015,14,0.13996337354183197,0.07536599040031433
fit_2015_2019,10 Independencia,1,2015,15,0.06998168677091599,0.127521812915802
fit_2015_2019,10 Independencia,1,2015,16,0.06998168677091599,0.06824646145105362
fit_2015_2019,10 Independencia,1,2015,17,0.0,0.07408374547958374
fit_2015_2019,10 Independencia,1,2015,18,0.0,0.011156079359352589
fit_2015_2019,10 Independencia,1,2015,19,0.0,0.0069884383119642735
fit_2015_2019,10 Independencia,1,2015,20,0.0,0.0036380032543092966
fit_2015_2019,10 Independencia,1,2015,21,0.0,0.0017999161500483751
fit_2015_2019,10 Independencia,1,2015,22,0.03499084338545799,0.005420187022536993
fit_2015_2019,10 Independencia,1,2015,23,0.0,0.03499506041407585
fit_2015_2019,10 Independencia,1,2015,24,0.0,0.00429641455411911
fit_2015_2019,10 Independencia,1,2015,25,0.0,0.0023108595050871372
fit_2015_2019,10 Independencia,1,2015,26,0.0,0.002575672697275877
fit_2015_2019,10 Independencia,1,2015,27,0.0,0.0015217195032164454
fit_2015_2019,10 Independencia,1,2015,28,0.0,0.0012780728284269571
fit_2015_2019,10 Independencia,1,2015,29,0.0,0.0008906066068448126
fit_2015_2019,10 Independencia,1,2015,30,0.0,0.005281110294163227
fit_2015_2019,10 Independencia,1,2015,31,0.0,0.004880014806985855
fit_2015_2019,10 Independencia,1,2015,32,0.0,0.004244011361151934
fit_2015_2019,10 Independencia,1,2015,33,0.0,0.0048747886903584
fit_2015_2019,10 Independencia,1,2015,34,0.0,0.006050593685358763
fit_2015_2019,10 Independencia,1,2015,35,0.03499084338545799,0.00888659805059433
fit_2015_2019,10 Independencia,1,2015,36,0.0,0.042592596262693405
fit_2015_2019,10 Independencia,1,2015,37,0.0,0.007101119030267
fit_2015_2019,10 Independencia,1,2015,38,0.0,0.0022757689002901316
fit_2015_2019,10 Independencia,1,2015,39,0.10497252643108368,0.010488544590771198
fit_2015_2019,10 Independencia,1,2015,40,0.0,0.10729369521141052
fit_2015_2019,10 Independencia,1,2015,41,0.0,-0.006417781580239534
fit_2015_2019,10 Independencia,1,2015,42,0.10497252643108368,0.011715320870280266
fit_2015_2019,10 Independencia,1,2015,43,0.13996337354183197,0.11338425427675247
fit_2015_2019,10 Independencia,1,2015,44,0.13996337354183197,0.11437903344631195
fit_2015_2019,10 Independencia,1,2015,45,0.13996337354183197,0.10593268275260925
fit_2015_2019,10 Independencia,1,2015,46,0.03499084338545799,0.11165464669466019
fit_2015_2019,10 Independencia,1,2015,47,0.03499084338545799,0.01279390137642622
fit_2015_2019,10 Independencia,1,2015,48,0.03499084338545799,0.040090907365083694
fit_2015_2019,10 Independencia,1,2015,49,0.0,0.04225035011768341
fit_2015_2019,10 Independencia,1,2015,50,0.03499084338545799,0.009150146506726742
fit_2015_2019,10 Independencia,1,2015,51,0.0,0.04943258315324783
fit_2015_2019,10 Independencia,1,2015,52,0.0,0.010524162091314793
fit_2015_2019,10 Independencia,1,2016,1,0.034639082849025726,0.018507707864046097
fit_2015_2019,10 Independencia,1,2016,2,0.034639082849025726,0.0465276837348938
fit_2015_2019,10 Independencia,1,2016,3,0.10391725599765778,0.0399395227432251
fit_2015_2019,10 Independencia,1,2016,4,0.17319542169570923,0.10160131752490997
fit_2015_2019,10 Independencia,1,2016,5,0.034639082849025726,0.14737311005592346
fit_2015_2019,10 Independencia,1,2016,6,0.034639082849025726,0.019204631447792053
fit_2015_2019,10 Independencia,1,2016,7,0.034639082849025726,0.052367787808179855
fit_2015_2019,10 Independencia,1,2016,8,0.034639082849025726,0.040991272777318954
fit_2015_2019,10 Independencia,1,2016,9,0.0,0.04106153920292854
fit_2015_2019,10 Independencia,1,2016,10,0.034639082849025726,0.014289521612226963
fit_2015_2019,10 Independencia,1,2016,11,0.034639082849025726,0.04147504270076752
fit_2015_2019,10 Independencia,1,2016,12,0.034639082849025726,0.03394956514239311
fit_2015_2019,10 Independencia,1,2016,13,0.034639082849025726,0.03675243631005287
fit_2015_2019,10 Independencia,1,2016,14,0.0,0.036734431982040405
fit_2015_2019,10 Independencia,1,2016,15,0.034639082849025726,0.008762740530073643
fit_2015_2019,10 Independencia,1,2016,16,0.0,0.0394052118062973
fit_2015_2019,10 Independencia,1,2016,17,0.0,0.009931585751473904
fit_2015_2019,10 Independencia,1,2016,18,0.034639082849025726,0.008946049958467484
fit_2015_2019,10 Independencia,1,2016,19,0.0,0.03425731137394905
fit_2015_2019,10 Independencia,1,2016,20,0.0,0.00017735444998834282
fit_2015_2019,10 Independencia,1,2016,21,0.0,-0.005263179074972868
fit_2015_2019,10 Independencia,1,2016,22,0.0,-0.000527667289134115
fit_2015_2019,10 Independencia,1,2016,23,0.0,-0.0038331851828843355
fit_2015_2019,10 Independencia,1,2016,24,0.0,-0.005849545821547508
fit_2015_2019,10 Independencia,1,2016,25,0.0,-0.0033226124942302704
fit_2015_2019,10 Independencia,1,2016,26,0.0,-0.0052524772472679615
fit_2015_2019,10 Independencia,1,2016,27,0.034639082849025726,-0.0024949132930487394
fit_2015_2019,10 Independencia,1,2016,28,0.0,0.031062034890055656
fit_2015_2019,10 Independencia,1,2016,29,0.0,-0.004083031322807074
fit_2015_2019,10 Independencia,1,2016,30,0.0,0.002597626531496644
fit_2015_2019,10 Independencia,1,2016,31,0.0,0.0021244732197374105
fit_2015_2019,10 Independencia,1,2016,32,0.0,-0.0005784372915513813
fit_2015_2019,10 Independencia,1,2016,33,0.0,0.00021440598357003182
fit_2015_2019,10 Independencia,1,2016,34,0.0,0.0005125673487782478
fit_2015_2019,10 Independencia,1,2016,35,0.0,0.0008745290106162429
fit_2015_2019,10 Independencia,1,2016,36,0.0,-0.0009351989137940109
fit_2015_2019,10 Independencia,1,2016,37,0.0,-0.002267921809107065
fit_2015_2019,10 Independencia,1,2016,38,0.0,-0.004040494095534086
fit_2015_2019,10 Independencia,1,2016,39,0.0,-0.0007400753092952073
fit_2015_2019,10 Independencia,1,2016,40,0.034639082849025726,-0.0005836198688484728
fit_2015_2019,10 Independencia,1,2016,41,0.0,0.031307462602853775
fit_2015_2019,10 Independencia,1,2016,42,0.0,-0.005049245897680521
fit_2015_2019,10 Independencia,1,2016,43,0.0,0.0034500169567763805
fit_2015_2019,10 Independencia,1,2016,44,0.0,0.0007055728929117322
fit_2015_2019,10 Independencia,1,2016,45,0.0,-0.0005150712095201015
fit_2015_2019,10 Independencia,1,2016,46,0.0,0.001976089319214225
fit_2015_2019,10 Independencia,1,2016,47,0.0,0.0017886791611090302
fit_2015_2019,10 Independencia,1,2016,48,0.0,0.0033566425554454327
fit_2015_2019,10 Independencia,1,2016,49,0.0,0.0024617204908281565
fit_2015_2019,10 Independencia,1,2016,50,0.0,0.001434180187061429
fit_2015_2019,10 Independencia,1,2016,51,0.0,0.0035757310688495636
fit_2015_2019,10 Independencia,1,2016,52,0.0,0.0038921271916478872
fit_2015_2019,10 Independencia,1,2017,1,0.0,0.0070375180803239346
fit_2015_2019,10 Independencia,1,2017,2,0.0,-3.4794149996741908e-06
fit_2015_2019,10 Independencia,1,2017,3,0.0,0.007978524081408978
fit_2015_2019,10 Independencia,1,2017,4,0.0,0.008691845461726189
fit_2015_2019,10 Independencia,1,2017,5,0.0,0.0058926669880747795
fit_2015_2019,10 Independencia,1,2017,6,0.0,0.0044870441779494286
fit_2015_2019,10 Independencia,1,2017,7,0.0,0.00839657336473465
fit_2015_2019,10 Independencia,1,2017,8,0.0,-0.0003036544658243656
fit_2015_2019,10 Independencia,1,2017,9,0.0,0.002597436076030135
fit_2015_2019,10 Independencia,1,2017,10,0.0,0.0017749120015650988
fit_2015_2019,10 Independencia,1,2017,11,0.0,-0.0018757141660898924
fit_2015_2019,10 Independencia,1,2017,12,0.0,-0.000838192761875689
fit_2015_2019,10 Independencia,1,2017,13,0.0,-0.0013644505525007844
fit_2015_2019,10 Independencia,1,2017,14,0.0,-0.001982408808544278
fit_2015_2019,10 Independencia,1,2017,15,0.0,-0.0024161124601960182
fit_2015_2019,10 Independencia,1,2017,16,0.0,-0.0030095314141362906
fit_2015_2019,10 Independencia,1,2017,17,0.0,0.0012372930068522692
fit_2015_2019,10 Independencia,1,2017,18,0.0,-0.0018386829178780317
fit_2015_2019,10 Independencia,1,2017,19,0.0,-0.004694435279816389
fit_2015_2019,10 Independencia,1,2017,20,0.0,-0.0026974701322615147
fit_2015_2019,10 Independencia,1,2017,21,0.0,-0.0037821056321263313
fit_2015_2019,10 Independencia,1,2017,22,0.0,-0.00261823576875031
fit_2015_2019,10 Independencia,1,2017,23,0.0,-0.0029569014441221952
fit_2015_2019,10 Independencia,1,2017,24,0.0,-0.0021027761977165937
fit_2015_2019,10 Independencia,1,2017,25,0.0,0.0008803418022580445
fit_2015_2019,10 Independencia,1,2017,26,0.06859470158815384,0.0021309503354132175
fit_2015_2019,10 Independencia,1,2017,27,0.0,0.06321623921394348
fit_2015_2019,10 Independencia,1,2017,28,0.0,0.00553140789270401
fit_2015_2019,10 Independencia,1,2017,29,0.03429735079407692,0.000519794411957264
fit_2015_2019,10 Independencia,1,2017,30,0.03429735079407692,0.03767669200897217
fit_2015_2019,10 Independencia,1,2017,31,0.03429735079407692,0.031955376267433167
fit_2015_2019,10 Independencia,1,2017,32,0.0,0.029718976467847824
fit_2015_2019,10 Independencia,1,2017,33,0.0,0.0015137240989133716
fit_2015_2019,10 Independencia,1,2017,34,0.0,0.004082405008375645
fit_2015_2019,10 Independencia,1,2017,35,0.0,0.0042428444139659405
fit_2015_2019,10 Independencia,1,2017,36,0.03429735079407692,0.0016645843861624599
fit_2015_2019,10 Independencia,1,2017,37,0.0,0.03610662743449211
fit_2015_2019,10 Independencia,1,2017,38,0.0,-0.0054964469745755196
fit_2015_2019,10 Independencia,1,2017,39,0.0,0.002605481306090951
fit_2015_2019,10 Independencia,1,2017,40,0.06859470158815384,0.004147503059357405
fit_2015_2019,10 Independencia,1,2017,41,0.0,0.06364909559488297
fit_2015_2019,10 Independencia,1,2017,42,0.0,-0.009144516661763191
fit_2015_2019,10 Independencia,1,2017,43,0.0,0.0024156009312719107
fit_2015_2019,10 Independencia,1,2017,44,0.0,0.004749125335365534
fit_2015_2019,10 Independencia,1,2017,45,0.0,0.002961930586025119
fit_2015_2019,10 Independencia,1,2017,46,0.03429735079407692,0.007143732625991106
fit_2015_2019,10 Independencia,1,2017,47,0.0,0.04002363234758377
fit_2015_2019,10 Independencia,1,2017,48,0.0,-0.0031194991897791624
fit_2015_2019,10 Independencia,1,2017,49,0.0,0.0015817972598597407
fit_2015_2019,10 Independencia,1,2017,50,0.0,0.005530651193112135
fit_2015_2019,10 Independencia,1,2017,51,0.0,0.0056007676757872105
fit_2015_2019,10 Independencia,1,2017,52,0.0,0.008214505389332771
fit_2015_2019,10 Independencia,1,2018,1,0.0,0.008733000606298447
fit_2015_2019,10 Independencia,1,2018,2,0.0,0.007425973191857338
fit_2015_2019,10 Independencia,1,2018,3,0.0,0.007233682554215193
fit_2015_2019,10 Independencia,1,2018,4,0.0,0.0023372697178274393
fit_2015_2019,10 Independencia,1,2018,5,0.0,0.00044864046503789723
fit_2015_2019,10 Independencia,1,2018,6,0.0,-0.0014396554324775934
fit_2015_2019,10 Independencia,1,2018,7,0.0,0.0038978399243205786
fit_2015_2019,10 Independencia,1,2018,8,0.0,-0.002742323325946927
fit_2015_2019,10 Independencia,1,2018,9,0.03395281732082367,0.003427061252295971
fit_2015_2019,10 Independencia,1,2018,10,0.06790563464164734,0.03449411690235138
fit_2015_2019,10 Independencia,1,2018,11,0.0,0.05787975341081619
fit_2015_2019,10 Independencia,1,2018,12,0.0,-0.0015980745665729046
fit_2015_2019,10 Independencia,1,2018,13,0.03395281732082367,0.005744279827922583
fit_2015_2019,10 Independencia,1,2018,14,0.0,0.03184300288558006
fit_2015_2019,10 Independencia,1,2018,15,0.0,-0.0019483634969219565
fit_2015_2019,10 Independencia,1,2018,16,0.0,4.6455450501525775e-05
fit_2015_2019,10 Independencia,1,2018,17,0.0,0.0034900344908237457
fit_2015_2019,10 Independencia,1,2018,18,0.0,-0.0003855155664496124
fit_2015_2019,10 Independencia,1,2018,19,0.0,0.001305925427004695
fit_2015_2019,10 Independencia,1,2018,20,0.0,0.0026121221017092466
fit_2015_2019,10 Independencia,1,2018,21,0.0,0.001340325572527945
fit_2015_2019,10 Independencia,1,2018,22,0.0,0.00045097354450263083
fit_2015_2019,10 Independencia,1,2018,23,0.0,-7.343022298300639e-05
fit_2015_2019,10 Independencia,1,2018,24,0.0,0.0010023219510912895
fit_2015_2019,10 Independencia,1,2018,25,0.0,0.0007705116295255721
fit_2015_2019,10 Independencia,1,2018,26,0.03395281732082367,0.002690807217732072
fit_2015_2019,10 Independencia,1,2018,27,0.03395281732082367,0.03212033957242966
fit_2015_2019,10 Independencia,1,2018,28,0.0,0.0333501435816288
fit_2015_2019,10 Independencia,1,2018,29,0.0,-0.003038430120795965
fit_2015_2019,10 Independencia,1,2018,30,0.0,0.004710612818598747
fit_2015_2019,10 Independencia,1,2018,31,0.0,0.003063133917748928
fit_2015_2019,10 Independencia,1,2018,32,0.03395281732082367,0.0014196829870343208
fit_2015_2019,10 Independencia,1,2018,33,0.0,0.03122396394610405
fit_2015_2019,10 Independencia,1,2018,34,0.0,-0.0015782056143507361
fit_2015_2019,10 Independencia,1,2018,35,0.0,0.0053296517580747604
fit_2015_2019,10 Independencia,1,2018,36,0.0,0.002693832851946354
fit_2015_2019,10 Independencia,1,2018,37,0.0,0.0065214913338422775
fit_2015_2019,10 Independencia,1,2018,38,0.0,0.005806566681712866
fit_2015_2019,10 Independencia,1,2018,39,0.0,0.007857976481318474
fit_2015_2019,10 Independencia,1,2018,40,0.0,0.007161161862313747
fit_2015_2019,10 Independencia,1,2018,41,0.03395281732082367,0.00597241148352623
fit_2015_2019,10 Independencia,1,2018,42,0.0,0.03806917369365692
fit_2015_2019,10 Independencia,1,2018,43,0.03395281732082367,0.004287087358534336
fit_2015_2019,10 Independencia,1,2018,44,0.03395281732082367,0.04079192504286766
fit_2015_2019,10 Independencia,1,2018,45,0.03395281732082367,0.03256647288799286
fit_2015_2019,10 Independencia,1,2018,46,0.03395281732082367,0.03332602232694626
fit_2015_2019,10 Independencia,1,2018,47,0.06790563464164734,0.0367320254445076
fit_2015_2019,10 Independencia,1,2018,48,0.06790563464164734,0.06765076518058777
fit_2015_2019,10 Independencia,1,2018,49,0.03395281732082367,0.06501246988773346
fit_2015_2019,10 Independencia,1,2018,50,0.0,0.03395431116223335
fit_2015_2019,10 Independencia,1,2018,51,0.0,0.008631540462374687
fit_2015_2019,10 Independencia,1,2018,52,0.0,0.017749693244695663
fit_2015_2019,10 Independencia,1,2019,1,0.1681685745716095,0.019752422347664833
fit_2015_2019,10 Independencia,1,2019,2,0.06726744025945663,0.16023209691047668
fit_2015_2019,10 Independencia,1,2019,3,0.06726744025945663,0.04223697632551193
fit_2015_2019,10 Independencia,1,2019,4,0.10090115666389465,0.06629213690757751
fit_2015_2019,10 Independencia,1,2019,5,0.10090115666389465,0.09200385957956314
fit_2015_2019,10 Independencia,1,2019,6,0.06726744025945663,0.08415481448173523
fit_2015_2019,10 Independencia,1,2019,7,0.26906973123550415,0.06714307516813278
fit_2015_2019,10 Independencia,1,2019,8,0.20180228352546692,0.23979321122169495
fit_2015_2019,10 Independencia,1,2019,9,0.10090115666389465,0.16243986785411835
fit_2015_2019,10 Independencia,1,2019,10,0.13453486561775208,0.10128658264875412
fit_2015_2019,10 Independencia,1,2019,11,0.10090115666389465,0.12872551381587982
fit_2015_2019,10 Independencia,1,2019,12,0.13453486561775208,0.09649507701396942
fit_2015_2019,10 Independencia,1,2019,13,0.03363372012972832,0.12953265011310577
fit_2015_2019,10 Independencia,1,2019,14,0.03363372012972832,0.04572225734591484
fit_2015_2019,10 Independencia,1,2019,15,0.3699709177017212,0.045125458389520645
fit_2015_2019,10 Independencia,1,2019,16,0.06726744025945663,0.3102153539657593
fit_2015_2019,10 Independencia,1,2019,17,0.10090115666389465,0.09983327239751816
fit_2015_2019,10 Independencia,1,2019,18,0.20180228352546692,0.11918717622756958
fit_2015_2019,10 Independencia,1,2019,19,0.10090115666389465,0.17972299456596375
fit_2015_2019,10 Independencia,1,2019,20,0.1681685745716095,0.10122965276241302
fit_2015_2019,10 Independencia,1,2019,21,0.06726744025945663,0.17055058479309082
fit_2015_2019,10 Independencia,1,2019,22,0.20180228352546692,0.08640389144420624
fit_2015_2019,10 Independencia,1,2019,23,0.20180228352546692,0.19426113367080688
fit_2015_2019,10 Independencia,1,2019,24,0.10090115666389465,0.21828465163707733
fit_2015_2019,10 Independencia,1,2019,25,0.6054069399833679,0.1411127746105194
fit_2015_2019,10 Independencia,1,2019,26,0.23543602228164673,0.534378707408905
fit_2015_2019,10 Independencia,1,2019,27,0.4036045968532562,0.26183444261550903
fit_2015_2019,10 Independencia,1,2019,28,0.23543602228164673,0.36230218410491943
fit_2015_2019,10 Independencia,1,2019,29,0.4036045968532562,0.19575060904026031
fit_2015_2019,10 Independencia,1,2019,30,0.1681685745716095,0.34209927916526794
fit_2015_2019,10 Independencia,1,2019,31,0.26906973123550415,0.15263685584068298
fit_2015_2019,10 Independencia,1,2019,32,0.10090115666389465,0.22229984402656555
fit_2015_2019,10 Independencia,1,2019,33,0.03363372012972832,0.07550210505723953
fit_2015_2019,10 Independencia,1,2019,34,0.03363372012972832,0.026475509628653526
fit_2015_2019,10 Independencia,1,2019,35,0.13453486561775208,0.03191489353775978
fit_2015_2019,10 Independencia,1,2019,36,0.06726744025945663,0.12680020928382874
fit_2015_2019,10 Independencia,1,2019,37,0.10090115666389465,0.05279539152979851
fit_2015_2019,10 Independencia,1,2019,38,0.03363372012972832,0.08445505797863007
fit_2015_2019,10 Independencia,1,2019,39,0.03363372012972832,0.022671246901154518
fit_2015_2019,10 Independencia,1,2019,40,0.10090115666389465,0.03967040777206421
fit_2015_2019,10 Independencia,1,2019,41,0.03363372012972832,0.10093525797128677
fit_2015_2019,10 Independencia,1,2019,42,0.0,0.015624627470970154
fit_2015_2019,10 Independencia,1,2019,43,0.0,0.0017503005219623446
fit_2015_2019,10 Independencia,1,2019,44,0.03363372012972832,0.011920509859919548
fit_2015_2019,10 Independencia,1,2019,45,0.13453486561775208,0.04540574178099632
fit_2015_2019,10 Independencia,1,2019,46,0.06726744025945663,0.1275653839111328
fit_2015_2019,10 Independencia,1,2019,47,0.0,0.037399448454380035
fit_2015_2019,10 Independencia,1,2019,48,0.0,0.0005940658738836646
fit_2015_2019,10 Independencia,1,2019,49,0.06726744025945663,0.01769573800265789
fit_2015_2019,10 Independencia,1,2019,50,0.06726744025945663,0.07809024304151535
fit_2015_2019,10 Independencia,1,2019,51,0.03363372012972832,0.06102196127176285
fit_2015_2019,10 Independencia,1,2019,52,0.10090115666389465,0.03057701513171196
fit_2015_2019,11 La Altagracia,2,2015,5,0.006182031240314245,-0.0008011788013391197
fit_2015_2019,11 La Altagracia,2,2015,6,0.006182031240314245,0.005289564374834299
fit_2015_2019,11 La Altagracia,2,2015,7,0.0,0.005009513348340988
fit_2015_2019,11 La Altagracia,2,2015,8,0.0,0.0003456623526290059
fit_2015_2019,11 La Altagracia,2,2015,9,0.01236406248062849,-0.0003879807482007891
fit_2015_2019,11 La Altagracia,2,2015,10,0.0,0.008986958302557468
fit_2015_2019,11 La Altagracia,2,2015,11,0.0,0.000800520065240562
fit_2015_2019,11 La Altagracia,2,2015,12,0.006182031240314245,-0.0005276487208902836
fit_2015_2019,11 La Altagracia,2,2015,13,0.0,0.0038023688830435276
fit_2015_2019,11 La Altagracia,2,2015,14,0.0,-0.00019748421618714929
fit_2015_2019,11 La Altagracia,2,2015,15,0.01236406248062849,-0.0008673034026287496
fit_2015_2019,11 La Altagracia,2,2015,16,0.006182031240314245,0.008075795136392117
fit_2015_2019,11 La Altagracia,2,2015,17,0.0,0.004735982045531273
fit_2015_2019,11 La Altagracia,2,2015,18,0.006182031240314245,0.0006228500860743225
fit_2015_2019,11 La Altagracia,2,2015,19,0.006182031240314245,0.0022403697948902845
fit_2015_2019,11 La Altagracia,2,2015,20,0.0,0.005475104786455631
fit_2015_2019,11 La Altagracia,2,2015,21,0.0,0.0006662851665169001
fit_2015_2019,11 La Altagracia,2,2015,22,0.006182031240314245,0.00023155732196755707
fit_2015_2019,11 La Altagracia,2,2015,23,0.0,0.005114778410643339
fit_2015_2019,11 La Altagracia,2,2015,24,0.0,0.001733544748276472
fit_2015_2019,11 La Altagracia,2,2015,25,0.01854609325528145,0.0017348472028970718
fit_2015_2019,11 La Altagracia,2,2015,26,0.01236406248062849,0.015880044549703598
fit_2015_2019,11 La Altagracia,2,2015,27,0.01236406248062849,0.015254982747137547
fit_2015_2019,11 La Altagracia,2,2015,28,0.01854609325528145,0.015330254100263119
fit_2015_2019,11 La Altagracia,2,2015,29,0.01236406248062849,0.021151160821318626
fit_2015_2019,11 La Altagracia,2,2015,30,0.0,0.019264815375208855
fit_2015_2019,11 La Altagracia,2,2015,31,0.006182031240314245,0.008260821923613548
fit_2015_2019,11 La Altagracia,2,2015,32,0.01236406248062849,0.011298269033432007
fit_2015_2019,11 La Altagracia,2,2015,33,0.04945624619722366,0.016561904922127724
fit_2015_2019,11 La Altagracia,2,2015,34,0.09891249239444733,0.04747786745429039
fit_2015_2019,11 La Altagracia,2,2015,35,0.1050945296883583,0.09609701484441757
fit_2015_2019,11 La Altagracia,2,2015,36,0.12364061921834946,0.11471407115459442
fit_2015_2019,11 La Altagracia,2,2015,37,0.12982265651226044,0.13164791464805603
fit_2015_2019,11 La Altagracia,2,2015,38,0.0741843730211258,0.13582994043827057
fit_2015_2019,11 La Altagracia,2,2015,39,0.1483687460422516,0.09443843364715576
fit_2015_2019,11 La Altagracia,2,2015,40,0.19782496988773346,0.14372926950454712
fit_2015_2019,11 La Altagracia,2,2015,41,0.15455077588558197,0.185546875
fit_2015_2019,11 La Altagracia,2,2015,42,0.1421867161989212,0.1541336178779602
fit_2015_2019,11 La Altagracia,2,2015,43,0.1854609102010727,0.13897554576396942
fit_2015_2019,11 La Altagracia,2,2015,44,0.16691486537456512,0.16732974350452423
fit_2015_2019,11 La Altagracia,2,2015,45,0.02472812496125698,0.15358884632587433
fit_2015_2019,11 La Altagracia,2,2015,46,0.01854609325528145,0.038910072296857834
fit_2015_2019,11 La Altagracia,2,2015,47,0.0370921865105629,0.023088904097676277
fit_2015_2019,11 La Altagracia,2,2015,48,0.01854609325528145,0.03464889898896217
fit_2015_2019,11 La Altagracia,2,2015,49,0.01236406248062849,0.025835935026407242
fit_2015_2019,11 La Altagracia,2,2015,50,0.02472812496125698,0.013320313766598701
fit_2015_2019,11 La Altagracia,2,2015,51,0.01854609325528145,0.02315600961446762
fit_2015_2019,11 La Altagracia,2,2015,52,0.02472812496125698,0.01907992549240589
fit_2015_2019,11 La Altagracia,2,2016,1,0.0120675815269351,0.021588364616036415
fit_2015_2019,11 La Altagracia,2,2016,2,0.0120675815269351,0.01433645561337471
fit_2015_2019,11 La Altagracia,2,2016,3,0.0120675815269351,0.013569975271821022
fit_2015_2019,11 La Altagracia,2,2016,4,0.0120675815269351,0.014655514620244503
fit_2015_2019,11 La Altagracia,2,2016,5,0.0,0.01415025070309639
fit_2015_2019,11 La Altagracia,2,2016,6,0.0120675815269351,0.00447220541536808
fit_2015_2019,11 La Altagracia,2,2016,7,0.018101369962096214,0.012274338863790035
fit_2015_2019,11 La Altagracia,2,2016,8,0.0,0.017023656517267227
fit_2015_2019,11 La Altagracia,2,2016,9,0.0120675815269351,0.00369799486361444
fit_2015_2019,11 La Altagracia,2,2016,10,0.00603379076346755,0.011388168670237064
fit_2015_2019,11 La Altagracia,2,2016,11,0.0,0.0077055771835148335
fit_2015_2019,11 La Altagracia,2,2016,12,0.0,0.0016729541821405292
fit_2015_2019,11 La Altagracia,2,2016,13,0.0,0.0009380840929225087
fit_2015_2019,11 La Altagracia,2,2016,14,0.0,-8.005617019080091e-06
fit_2015_2019,11 La Altagracia,2,2016,15,0.0,-0.00014675449347123504
fit_2015_2019,11 La Altagracia,2,2016,16,0.0,-0.0005009409505873919
fit_2015_2019,11 La Altagracia,2,2016,17,0.0,0.0002087833418045193
fit_2015_2019,11 La Altagracia,2,2016,18,0.00603379076346755,6.011681762174703e-05
fit_2015_2019,11 La Altagracia,2,2016,19,0.00603379076346755,0.004347797017544508
fit_2015_2019,11 La Altagracia,2,2016,20,0.0120675815269351,0.006503034383058548
fit_2015_2019,11 La Altagracia,2,2016,21,0.00603379076346755,0.010686577297747135
fit_2015_2019,11 La Altagracia,2,2016,22,0.00603379076346755,0.0076759676449000835
fit_2015_2019,11 La Altagracia,2,2016,23,0.024135161191225052,0.005107819568365812
fit_2015_2019,11 La Altagracia,2,2016,24,0.018101369962096214,0.01985684409737587
fit_2015_2019,11 La Altagracia,2,2016,25,0.018101369962096214,0.019018694758415222
fit_2015_2019,11 La Altagracia,2,2016,26,0.0,0.019525276497006416
fit_2015_2019,11 La Altagracia,2,2016,27,0.0,0.005796054843813181
fit_2015_2019,11 La Altagracia,2,2016,28,0.00603379076346755,0.002802062314003706
fit_2015_2019,11 La Altagracia,2,2016,29,0.00603379076346755,0.007283862680196762
fit_2015_2019,11 La Altagracia,2,2016,30,0.00603379076346755,0.008236111141741276
fit_2015_2019,11 La Altagracia,2,2016,31,0.0,0.007562682032585144
fit_2015_2019,11 La Altagracia,2,2016,32,0.00603379076346755,0.003980145324021578
fit_2015_2019,11 La Altagracia,2,2016,33,0.024135161191225052,0.008999998681247234
fit_2015_2019,11 La Altagracia,2,2016,34,0.024135161191225052,0.02254738099873066
fit_2015_2019,11 La Altagracia,2,2016,35,0.0120675815269351,0.025419654324650764
fit_2015_2019,11 La Altagracia,2,2016,36,0.0,0.018775347620248795
fit_2015_2019,11 La Altagracia,2,2016,37,0.0,0.004317732527852058
fit_2015_2019,11 La Altagracia,2,2016,38,0.00603379076346755,0.001410647644661367
fit_2015_2019,11 La Altagracia,2,2016,39,0.0,0.004360023885965347
fit_2015_2019,11 La Altagracia,2,2016,40,0.0,-0.000724902143701911
fit_2015_2019,11 La Altagracia,2,2016,41,0.018101369962096214,-0.00316602666862309
fit_2015_2019,11 La Altagracia,2,2016,42,0.00603379076346755,0.013193425722420216
fit_2015_2019,11 La Altagracia,2,2016,43,0.0,0.0051208967342972755
fit_2015_2019,11 La Altagracia,2,2016,44,0.0,-0.0006917370483279228
fit_2015_2019,11 La Altagracia,2,2016,45,0.0,-0.003638802096247673
fit_2015_2019,11 La Altagracia,2,2016,46,0.0,-0.0033005536533892155
fit_2015_2019,11 La Altagracia,2,2016,47,0.00603379076346755,-0.0025430156383663416
fit_2015_2019,11 La Altagracia,2,2016,48,0.0,0.002768224570900202
fit_2015_2019,11 La Altagracia,2,2016,49,0.0,-0.0014928042655810714
fit_2015_2019,11 La Altagracia,2,2016,50,0.0,-0.002534484025090933
fit_2015_2019,11 La Altagracia,2,2016,51,0.00603379076346755,-0.0017070971662178636
fit_2015_2019,11 La Altagracia,2,2016,52,0.00603379076346755,0.004384374246001244
fit_2015_2019,11 La Altagracia,2,2017,1,0.0,0.0026615301612764597
fit_2015_2019,11 La Altagracia,2,2017,2,0.0,0.0001918335910886526
fit_2015_2019,11 La Altagracia,2,2017,3,0.0,-0.0009570902911946177
fit_2015_2019,11 La Altagracia,2,2017,4,0.0,-0.0008429124136455357
fit_2015_2019,11 La Altagracia,2,2017,5,0.0,0.0012113443808630109
fit_2015_2019,11 La Altagracia,2,2017,6,0.0,2.1159872630960308e-05
fit_2015_2019,11 La Altagracia,2,2017,7,0.0,-0.0009704177500680089
fit_2015_2019,11 La Altagracia,2,2017,8,0.0,-0.0001951638114405796
fit_2015_2019,11 La Altagracia,2,2017,9,0.0,-0.00036324295797385275
fit_2015_2019,11 La Altagracia,2,2017,10,0.0,-5.704001887352206e-05
fit_2015_2019,11 La Altagracia,2,2017,11,0.0,0.0003413283557165414
fit_2015_2019,11 La Altagracia,2,2017,12,0.0,-0.0004694067465607077
fit_2015_2019,11 La Altagracia,2,2017,13,0.005892901215702295,-0.0002190677769249305
fit_2015_2019,11 La Altagracia,2,2017,14,0.0,0.0035070625599473715
fit_2015_2019,11 La Altagracia,2,2017,15,0.0,0.0006484106415882707
fit_2015_2019,11 La Altagracia,2,2017,16,0.0,0.0008563525043427944
fit_2015_2019,11 La Altagracia,2,2017,17,0.0,0.00034528598189353943
fit_2015_2019,11 La Altagracia,2,2017,18,0.0,6.241546361707151e-05
fit_2015_2019,11 La Altagracia,2,2017,19,0.0,-0.0005009930464439094
fit_2015_2019,11 La Altagracia,2,2017,20,0.0,0.0006305439164862037
fit_2015_2019,11 La Altagracia,2,2017,21,0.0,0.0015367890009656549
fit_2015_2019,11 La Altagracia,2,2017,22,0.0,0.001707172836177051
fit_2015_2019,11 La Altagracia,2,2017,23,0.0,0.0016117553459480405
fit_2015_2019,11 La Altagracia,2,2017,24,0.0,0.0017268351512029767
fit_2015_2019,11 La Altagracia,2,2017,25,0.0,0.0033059106208384037
fit_2015_2019,11 La Altagracia,2,2017,26,0.0,0.003333636559545994
fit_2015_2019,11 La Altagracia,2,2017,27,0.005892901215702295,0.0033117413986474276
fit_2015_2019,11 La Altagracia,2,2017,28,0.0,0.006178108975291252
fit_2015_2019,11 La Altagracia,2,2017,29,0.005892901215702295,0.00562726054340601
fit_2015_2019,11 La Altagracia,2,2017,30,0.0,0.008412099443376064
fit_2015_2019,11 La Altagracia,2,2017,31,0.005892901215702295,0.005697694607079029
fit_2015_2019,11 La Altagracia,2,2017,32,0.0,0.009312104433774948
fit_2015_2019,11 La Altagracia,2,2017,33,0.0,0.005478492937982082
fit_2015_2019,11 La Altagracia,2,2017,34,0.0,0.004897738341242075
fit_2015_2019,11 La Altagracia,2,2017,35,0.0,0.005542046390473843
fit_2015_2019,11 La Altagracia,2,2017,36,0.0,0.003753495402634144
fit_2015_2019,11 La Altagracia,2,2017,37,0.01178580429404974,0.0019466540543362498
fit_2015_2019,11 La Altagracia,2,2017,38,0.0,0.010302419774234295
fit_2015_2019,11 La Altagracia,2,2017,39,0.0,0.00382567523047328
fit_2015_2019,11 La Altagracia,2,2017,40,0.005892901215702295,0.0029032570309937
fit_2015_2019,11 La Altagracia,2,2017,41,0.0,0.005631195846945047
fit_2015_2019,11 La Altagracia,2,2017,42,0.0,0.00111795449629426
fit_2015_2019,11 La Altagracia,2,2017,43,0.005892901215702295,-0.0008935137884691358
fit_2015_2019,11 La Altagracia,2,2017,44,0.005892901215702295,0.0032767578959465027
fit_2015_2019,11 La Altagracia,2,2017,45,0.005892901215702295,0.0041711898520588875
fit_2015_2019,11 La Altagracia,2,2017,46,0.0,0.002927422523498535
fit_2015_2019,11 La Altagracia,2,2017,47,0.005892901215702295,4.7062698286026716e-05
fit_2015_2019,11 La Altagracia,2,2017,48,0.005892901215702295,0.003508602734655142
fit_2015_2019,11 La Altagracia,2,2017,49,0.005892901215702295,0.0035050364676862955
fit_2015_2019,11 La Altagracia,2,2017,50,0.0,0.006526360288262367
fit_2015_2019,11 La Altagracia,2,2017,51,0.0,0.0005886423750780523
fit_2015_2019,11 La Altagracia,2,2017,52,0.005892901215702295,-0.0005319268093444407
fit_2015_2019,11 La Altagracia,2,2018,1,0.0,0.0040560574270784855
fit_2015_2019,11 La Altagracia,2,2018,2,0.0057568782940506935,0.0013396689901128411
fit_2015_2019,11 La Altagracia,2,2018,3,0.0,0.0034690704196691513
fit_2015_2019,11 La Altagracia,2,2018,4,0.0,0.0001344137854175642
fit_2015_2019,11 La Altagracia,2,2018,5,0.0,-0.0002603117609396577
fit_2015_2019,11 La Altagracia,2,2018,6,0.0,-0.00016251375200226903
fit_2015_2019,11 La Altagracia,2,2018,7,0.0057568782940506935,-0.0007694493979215622
fit_2015_2019,11 La Altagracia,2,2018,8,0.0,0.0017508005257695913
fit_2015_2019,11 La Altagracia,2,2018,9,0.0,-0.002252366626635194
fit_2015_2019,11 La Altagracia,2,2018,10,0.0057568782940506935,-0.0009706819546408951
fit_2015_2019,11 La Altagracia,2,2018,11,0.0057568782940506935,0.0032985962461680174
fit_2015_2019,11 La Altagracia,2,2018,12,0.0057568782940506935,0.0038567513693124056
fit_2015_2019,11 La Altagracia,2,2018,13,0.0057568782940506935,0.004769526422023773
fit_2015_2019,11 La Altagracia,2,2018,14,0.0057568782940506935,0.0031962066423147917
fit_2015_2019,11 La Altagracia,2,2018,15,0.0,0.004289689473807812
fit_2015_2019,11 La Altagracia,2,2018,16,0.0,-6.795071385568008e-05
fit_2015_2019,11 La Altagracia,2,2018,17,0.0,-0.001494604628533125
fit_2015_2019,11 La Altagracia,2,2018,18,0.0,-0.0003343894786667079
fit_2015_2019,11 La Altagracia,2,2018,19,0.0,-0.0001444563240511343
fit_2015_2019,11 La Altagracia,2,2018,20,0.0,-0.00033896631794050336
fit_2015_2019,11 La Altagracia,2,2018,21,0.0,-0.0005553014343604445
fit_2015_2019,11 La Altagracia,2,2018,22,0.0057568782940506935,0.00044646390597335994
fit_2015_2019,11 La Altagracia,2,2018,23,0.0057568782940506935,0.0023015099577605724
fit_2015_2019,11 La Altagracia,2,2018,24,0.0,0.005820565391331911
fit_2015_2019,11 La Altagracia,2,2018,25,0.0,0.0019769142381846905
fit_2015_2019,11 La Altagracia,2,2018,26,0.0,0.0010075612226501107
fit_2015_2019,11 La Altagracia,2,2018,27,0.0,0.0015934162074699998
fit_2015_2019,11 La Altagracia,2,2018,28,0.0,0.0020533022470772266
fit_2015_2019,11 La Altagracia,2,2018,29,0.0,0.0029700533486902714
fit_2015_2019,11 La Altagracia,2,2018,30,0.0057568782940506935,0.0031102660577744246
fit_2015_2019,11 La Altagracia,2,2018,31,0.0,0.008018015883862972
fit_2015_2019,11 La Altagracia,2,2018,32,0.0057568782940506935,0.005237920675426722
fit_2015_2019,11 La Altagracia,2,2018,33,0.017270632088184357,0.00808998104184866
fit_2015_2019,11 La Altagracia,2,2018,34,0.011513756588101387,0.020013537257909775
fit_2015_2019,11 La Altagracia,2,2018,35,0.0057568782940506935,0.017948556691408157
fit_2015_2019,11 La Altagracia,2,2018,36,0.0,0.013973481953144073
fit_2015_2019,11 La Altagracia,2,2018,37,0.0,0.008031594567000866
fit_2015_2019,11 La Altagracia,2,2018,38,0.0,0.003695657942444086
fit_2015_2019,11 La Altagracia,2,2018,39,0.011513756588101387,0.003179774386808276
fit_2015_2019,11 La Altagracia,2,2018,40,0.011513756588101387,0.011126120574772358
fit_2015_2019,11 La Altagracia,2,2018,41,0.0057568782940506935,0.012089606374502182
fit_2015_2019,11 La Altagracia,2,2018,42,0.011513756588101387,0.0075975521467626095
fit_2015_2019,11 La Altagracia,2,2018,43,0.011513756588101387,0.010741899721324444
fit_2015_2019,11 La Altagracia,2,2018,44,0.0057568782940506935,0.012206285260617733
fit_2015_2019,11 La Altagracia,2,2018,45,0.0,0.00731563288718462
fit_2015_2019,11 La Altagracia,2,2018,46,0.011513756588101387,0.0002491821942385286
fit_2015_2019,11 La Altagracia,2,2018,47,0.0,0.007653743028640747
fit_2015_2019,11 La Altagracia,2,2018,48,0.0,0.0012056415434926748
fit_2015_2019,11 La Altagracia,2,2018,49,0.0,-1.7113836292992346e-05
fit_2015_2019,11 La Altagracia,2,2018,50,0.0,-0.001007618848234415
fit_2015_2019,11 La Altagracia,2,2018,51,0.0,-0.0018256311304867268
fit_2015_2019,11 La Altagracia,2,2018,52,0.0057568782940506935,-0.001569740241393447
fit_2015_2019,11 La Altagracia,2,2019,1,0.011259089224040508,0.005286474712193012
fit_2015_2019,11 La Altagracia,2,2019,2,0.005629546009004116,0.009670200757682323
fit_2015_2019,11 La Altagracia,2,2019,3,0.0,0.007267974782735109
fit_2015_2019,11 La Altagracia,2,2019,4,0.005629546009004116,0.0019943160004913807
fit_2015_2019,11 La Altagracia,2,2019,5,0.0,0.006182816810905933
fit_2015_2019,11 La Altagracia,2,2019,6,0.005629546009004116,0.002248945878818631
fit_2015_2019,11 La Altagracia,2,2019,7,0.0,0.005122414790093899
fit_2015_2019,11 La Altagracia,2,2019,8,0.0,0.0013780058361589909
fit_2015_2019,11 La Altagracia,2,2019,9,0.011259089224040508,0.0008293660939671099
fit_2015_2019,11 La Altagracia,2,2019,10,0.0,0.01031765528023243
fit_2015_2019,11 La Altagracia,2,2019,11,0.005629546009004116,0.0025196324568241835
fit_2015_2019,11 La Altagracia,2,2019,12,0.0,0.004872121848165989
fit_2015_2019,11 La Altagracia,2,2019,13,0.03940681740641594,0.002260807901620865
fit_2015_2019,11 La Altagracia,2,2019,14,0.0,0.03114871121942997
fit_2015_2019,11 La Altagracia,2,2019,15,0.0,0.004575016908347607
fit_2015_2019,11 La Altagracia,2,2019,16,0.022518180310726166,0.002225087955594063
fit_2015_2019,11 La Altagracia,2,2019,17,0.005629546009004116,0.0200154148042202
fit_2015_2019,11 La Altagracia,2,2019,18,0.0,0.009075997397303581
fit_2015_2019,11 La Altagracia,2,2019,19,0.005629546009004116,0.0024514207616448402
fit_2015_2019,11 La Altagracia,2,2019,20,0.005629546009004116,0.003562036668881774
fit_2015_2019,11 La Altagracia,2,2019,21,0.0,0.007528642192482948
fit_2015_2019,11 La Altagracia,2,2019,22,0.016888633370399475,0.0015144628705456853
fit_2015_2019,11 La Altagracia,2,2019,23,0.0,0.015370328910648823
fit_2015_2019,11 La Altagracia,2,2019,24,0.016888633370399475,0.006545639131218195
fit_2015_2019,11 La Altagracia,2,2019,25,0.0,0.016760649159550667
fit_2015_2019,11 La Altagracia,2,2019,26,0.022518180310726166,0.007462221663445234
fit_2015_2019,11 La Altagracia,2,2019,27,0.022518180310726166,0.022618994116783142
fit_2015_2019,11 La Altagracia,2,2019,28,0.06192499399185181,0.02735578827559948
fit_2015_2019,11 La Altagracia,2,2019,29,0.04503636062145233,0.06095524877309799
fit_2015_2019,11 La Altagracia,2,2019,30,0.07318408042192459,0.0593201145529747
fit_2015_2019,11 La Altagracia,2,2019,31,0.09570226818323135,0.0817035436630249
fit_2015_2019,11 La Altagracia,2,2019,32,0.0675545409321785,0.10751897096633911
fit_2015_2019,11 La Altagracia,2,2019,33,0.18577496707439423,0.09231417626142502
fit_2015_2019,11 La Altagracia,2,2019,34,0.19140450656414032,0.181189626455307
fit_2015_2019,11 La Altagracia,2,2019,35,0.16888634860515594,0.2123778760433197
fit_2015_2019,11 La Altagracia,2,2019,36,0.2758477032184601,0.19559793174266815
fit_2015_2019,11 La Altagracia,2,2019,37,0.208293154835701,0.26036518812179565
fit_2015_2019,11 La Altagracia,2,2019,38,0.23644088208675385,0.2088448852300644
fit_2015_2019,11 La Altagracia,2,2019,39,0.19140450656414032,0.2268797755241394
fit_2015_2019,11 La Altagracia,2,2019,40,0.17451587319374084,0.17924503982067108
fit_2015_2019,11 La Altagracia,2,2019,41,0.16888634860515594,0.1677211970090866
fit_2015_2019,11 La Altagracia,2,2019,42,0.16325679421424866,0.16361330449581146
fit_2015_2019,11 La Altagracia,2,2019,43,0.23644088208675385,0.15655624866485596
fit_2015_2019,11 La Altagracia,2,2019,44,0.18014542758464813,0.20878741145133972
fit_2015_2019,11 La Altagracia,2,2019,45,0.18014542758464813,0.16691207885742188
fit_2015_2019,11 La Altagracia,2,2019,46,0.1294795423746109,0.1622457057237625
fit_2015_2019,11 La Altagracia,2,2019,47,0.18014542758464813,0.12399347871541977
fit_2015_2019,11 La Altagracia,2,2019,48,0.14636816084384918,0.16063962876796722
fit_2015_2019,11 La Altagracia,2,2019,49,0.14636816084384918,0.13705027103424072
fit_2015_2019,11 La Altagracia,2,2019,50,0.19140450656414032,0.1402912437915802
fit_2015_2019,11 La Altagracia,2,2019,51,0.11822044104337692,0.16202646493911743
fit_2015_2019,11 La Altagracia,2,2019,52,0.15199771523475647,0.11149340122938156
fit_2015_2019,12 La Romana,2,2015,5,0.014975428581237793,0.00035130814649164677
fit_2015_2019,12 La Romana,2,2015,6,0.014975428581237793,0.011891113594174385
fit_2015_2019,12 La Romana,2,2015,7,0.014975428581237793,0.01147415116429329
fit_2015_2019,12 La Romana,2,2015,8,0.0,0.01044123899191618
fit_2015_2019,12 La Romana,2,2015,9,0.0,0.002165606478229165
fit_2015_2019,12 La Romana,2,2015,10,0.0074877128936350346,0.0017169349594041705
fit_2015_2019,12 La Romana,2,2015,11,0.0,0.007899080403149128
fit_2015_2019,12 La Romana,2,2015,12,0.0,0.003324165241792798
fit_2015_2019,12 La Romana,2,2015,13,0.0,0.0014852911699563265
fit_2015_2019,12 La Romana,2,2015,14,0.0,0.0008933695498853922
fit_2015_2019,12 La Romana,2,2015,15,0.0,0.0008786863181740046
fit_2015_2019,12 La Romana,2,2015,16,0.014975428581237793,0.0006207104306668043
fit_2015_2019,12 La Romana,2,2015,17,0.0074877128936350346,0.011315084993839264
fit_2015_2019,12 La Romana,2,2015,18,0.0074877128936350346,0.008298244327306747
fit_2015_2019,12 La Romana,2,2015,19,0.0074877128936350346,0.010024561546742916
fit_2015_2019,12 La Romana,2,2015,20,0.0074877128936350346,0.010623997077345848
fit_2015_2019,12 La Romana,2,2015,21,0.0074877128936350346,0.01036314107477665
fit_2015_2019,12 La Romana,2,2015,22,0.0,0.010755890980362892
fit_2015_2019,12 La Romana,2,2015,23,0.0074877128936350346,0.00577613664790988
fit_2015_2019,12 La Romana,2,2015,24,0.0,0.0084508853033185
fit_2015_2019,12 La Romana,2,2015,25,0.0,0.004870947916060686
fit_2015_2019,12 La Romana,2,2015,26,0.014975428581237793,0.004012235905975103
fit_2015_2019,12 La Romana,2,2015,27,0.0074877128936350346,0.015506775118410587
fit_2015_2019,12 La Romana,2,2015,28,0.0,0.01298806443810463
fit_2015_2019,12 La Romana,2,2015,29,0.0074877128936350346,0.007199237588793039
fit_2015_2019,12 La Romana,2,2015,30,0.0,0.012457923032343388
fit_2015_2019,12 La Romana,2,2015,31,0.0,0.006477660033851862
fit_2015_2019,12 La Romana,2,2015,32,0.014975428581237793,0.005067782010883093
fit_2015_2019,12 La Romana,2,2015,33,0.014975428581237793,0.015091389417648315
fit_2015_2019,12 La Romana,2,2015,34,0.0074877128936350346,0.017170319333672523
fit_2015_2019,12 La Romana,2,2015,35,0.0074877128936350346,0.012599674984812737
fit_2015_2019,12 La Romana,2,2015,36,0.02246314100921154,0.011533035896718502
fit_2015_2019,12 La Romana,2,2015,37,0.0,0.021445415914058685
fit_2015_2019,12 La Romana,2,2015,38,0.0074877128936350346,0.007881016470491886
fit_2015_2019,12 La Romana,2,2015,39,0.02246314100921154,0.010323082096874714
fit_2015_2019,12 La Romana,2,2015,40,0.04492628201842308,0.022228311747312546
fit_2015_2019,12 La Romana,2,2015,41,0.04492628201842308,0.040611669421195984
fit_2015_2019,12 La Romana,2,2015,42,0.037438567727804184,0.04483452066779137
fit_2015_2019,12 La Romana,2,2015,43,0.07487713545560837,0.04085731878876686
fit_2015_2019,12 La Romana,2,2015,44,0.029950853437185287,0.06549076735973358
fit_2015_2019,12 La Romana,2,2015,45,0.0074877128936350346,0.03768805414438248
fit_2015_2019,12 La Romana,2,2015,46,0.0,0.016065461561083794
fit_2015_2019,12 La Romana,2,2015,47,0.014975428581237793,0.006086487323045731
fit_2015_2019,12 La Romana,2,2015,48,0.029950853437185287,0.01518658734858036
fit_2015_2019,12 La Romana,2,2015,49,0.014975428581237793,0.027500692754983902
fit_2015_2019,12 La Romana,2,2015,50,0.02246314100921154,0.014616410247981548
fit_2015_2019,12 La Romana,2,2015,51,0.014975428581237793,0.01896638423204422
fit_2015_2019,12 La Romana,2,2015,52,0.02246314100921154,0.016718989238142967
fit_2015_2019,12 La Romana,2,2016,1,0.029660074040293694,0.021020036190748215
fit_2015_2019,12 La Romana,2,2016,2,0.014830037020146847,0.026929223909974098
fit_2015_2019,12 La Romana,2,2016,3,0.014830037020146847,0.018422190099954605
fit_2015_2019,12 La Romana,2,2016,4,0.03707509487867355,0.015685584396123886
fit_2015_2019,12 La Romana,2,2016,5,0.014830037020146847,0.03075934201478958
fit_2015_2019,12 La Romana,2,2016,6,0.022245056927204132,0.017569411545991898
fit_2015_2019,12 La Romana,2,2016,7,0.05932014808058739,0.020334232598543167
fit_2015_2019,12 La Romana,2,2016,8,0.014830037020146847,0.04585849121212959
fit_2015_2019,12 La Romana,2,2016,9,0.0,0.02104613184928894
fit_2015_2019,12 La Romana,2,2016,10,0.0,0.00682948250323534
fit_2015_2019,12 La Romana,2,2016,11,0.0,0.0042387498542666435
fit_2015_2019,12 La Romana,2,2016,12,0.0,0.0042543839663267136
fit_2015_2019,12 La Romana,2,2016,13,0.0,0.0021531819365918636
fit_2015_2019,12 La Romana,2,2016,14,0.0,0.0005299213225953281
fit_2015_2019,12 La Romana,2,2016,15,0.0,0.0010366071946918964
fit_2015_2019,12 La Romana,2,2016,16,0.007415018510073423,0.0012306836433708668
fit_2015_2019,12 La Romana,2,2016,17,0.0,0.006486600264906883
fit_2015_2019,12 La Romana,2,2016,18,0.0,0.002028706017881632
fit_2015_2019,12 La Romana,2,2016,19,0.0,0.0004973604809492826
fit_2015_2019,12 La Romana,2,2016,20,0.0,0.0014312330167740583
fit_2015_2019,12 La Romana,2,2016,21,0.014830037020146847,0.0027558074798434973
fit_2015_2019,12 La Romana,2,2016,22,0.0,0.012888404540717602
fit_2015_2019,12 La Romana,2,2016,23,0.007415018510073423,0.007524380460381508
fit_2015_2019,12 La Romana,2,2016,24,0.0,0.008829028345644474
fit_2015_2019,12 La Romana,2,2016,25,0.0,0.005546955391764641
fit_2015_2019,12 La Romana,2,2016,26,0.014830037020146847,0.0049275970086455345
fit_2015_2019,12 La Romana,2,2016,27,0.0,0.015071001835167408
fit_2015_2019,12 La Romana,2,2016,28,0.0,0.007457147818058729
fit_2015_2019,12 La Romana,2,2016,29,0.0,0.004709781613200903
fit_2015_2019,12 La Romana,2,2016,30,0.0,0.006154022645205259
fit_2015_2019,12 La Romana,2,2016,31,0.0,0.002933557378128171
fit_2015_2019,12 La Romana,2,2016,32,0.0,0.0018699270440265536
fit_2015_2019,12 La Romana,2,2016,33,0.0,0.0012830971973016858
fit_2015_2019,12 La Romana,2,2016,34,0.007415018510073423,0.0016963175730779767
fit_2015_2019,12 La Romana,2,2016,35,0.0,0.006354318931698799
fit_2015_2019,12 La Romana,2,2016,36,0.0,0.0025632991455495358
fit_2015_2019,12 La Romana,2,2016,37,0.0,-0.0001902883523143828
fit_2015_2019,12 La Romana,2,2016,38,0.0,-0.0010884474031627178
fit_2015_2019,12 La Romana,2,2016,39,0.0,0.000165047706104815
fit_2015_2019,12 La Romana,2,2016,40,0.007415018510073423,7.815689968992956e-06
fit_2015_2019,12 La Romana,2,2016,41,0.007415018510073423,0.005161171779036522
fit_2015_2019,12 La Romana,2,2016,42,0.0,0.006291776895523071
fit_2015_2019,12 La Romana,2,2016,43,0.0,0.0008190684020519257
fit_2015_2019,12 La Romana,2,2016,44,0.0,-5.137415791978128e-05
fit_2015_2019,12 La Romana,2,2016,45,0.014830037020146847,-0.00014568922051694244
fit_2015_2019,12 La Romana,2,2016,46,0.0,0.009614394046366215
fit_2015_2019,12 La Romana,2,2016,47,0.007415018510073423,0.0018974491395056248
fit_2015_2019,12 La Romana,2,2016,48,0.03707509487867355,0.00425990205258131
fit_2015_2019,12 La Romana,2,2016,49,0.0,0.027843723073601723
fit_2015_2019,12 La Romana,2,2016,50,0.007415018510073423,0.0035698427818715572
fit_2015_2019,12 La Romana,2,2016,51,0.014830037020146847,0.004282495006918907
fit_2015_2019,12 La Romana,2,2016,52,0.0,0.011729503981769085
fit_2015_2019,12 La Romana,2,2017,1,0.007344163954257965,0.0020072050392627716
fit_2015_2019,12 La Romana,2,2017,2,0.0,0.006224287208169699
fit_2015_2019,12 La Romana,2,2017,3,0.007344163954257965,0.002304414752870798
fit_2015_2019,12 La Romana,2,2017,4,0.0,0.005160673521459103
fit_2015_2019,12 La Romana,2,2017,5,0.0,0.0008989475318230689
fit_2015_2019,12 La Romana,2,2017,6,0.0,-0.00035788791137747467
fit_2015_2019,12 La Romana,2,2017,7,0.0,-0.0007976240012794733
fit_2015_2019,12 La Romana,2,2017,8,0.0,-0.0020709282252937555
fit_2015_2019,12 La Romana,2,2017,9,0.007344163954257965,2.283628964505624e-05
fit_2015_2019,12 La Romana,2,2017,10,0.0,0.006296404637396336
fit_2015_2019,12 La Romana,2,2017,11,0.0,0.001359402434900403
fit_2015_2019,12 La Romana,2,2017,12,0.0,-0.0005918665556237102
fit_2015_2019,12 La Romana,2,2017,13,0.0,-0.00012887555931229144
fit_2015_2019,12 La Romana,2,2017,14,0.0,-0.0010443312348797917
fit_2015_2019,12 La Romana,2,2017,15,0.0,0.0005772102740593255
fit_2015_2019,12 La Romana,2,2017,16,0.0,0.0013499236665666103
fit_2015_2019,12 La Romana,2,2017,17,0.0,0.00036178738810122013
fit_2015_2019,12 La Romana,2,2017,18,0.0,-0.0009664131794124842
fit_2015_2019,12 La Romana,2,2017,19,0.0,-0.0009115093271248043
fit_2015_2019,12 La Romana,2,2017,20,0.0,0.0007328467327170074
fit_2015_2019,12 La Romana,2,2017,21,0.0,0.0015138584421947598
fit_2015_2019,12 La Romana,2,2017,22,0.0,0.001443573972210288
fit_2015_2019,12 La Romana,2,2017,23,0.0,0.001470364280976355
fit_2015_2019,12 La Romana,2,2017,24,0.0,0.0015303940745070577
fit_2015_2019,12 La Romana,2,2017,25,0.0,0.0031609656289219856
fit_2015_2019,12 La Romana,2,2017,26,0.0,0.0028174833860248327
fit_2015_2019,12 La Romana,2,2017,27,0.0,0.0031098960898816586
fit_2015_2019,12 La Romana,2,2017,28,0.0,0.003811549162492156
fit_2015_2019,12 La Romana,2,2017,29,0.0,0.003046954283490777
fit_2015_2019,12 La Romana,2,2017,30,0.0,0.0043650902807712555
fit_2015_2019,12 La Romana,2,2017,31,0.0,0.003363348077982664
fit_2015_2019,12 La Romana,2,2017,32,0.0,0.002507931785658002
fit_2015_2019,12 La Romana,2,2017,33,0.0,0.0018909958889707923
fit_2015_2019,12 La Romana,2,2017,34,0.0,0.0010895513696596026
fit_2015_2019,12 La Romana,2,2017,35,0.0,0.00046468141954392195
fit_2015_2019,12 La Romana,2,2017,36,0.0,0.0011763557558879256
fit_2015_2019,12 La Romana,2,2017,37,0.007344163954257965,0.0003673363826237619
fit_2015_2019,12 La Romana,2,2017,38,0.0,0.0021861775312572718
fit_2015_2019,12 La Romana,2,2017,39,0.007344163954257965,0.0035277323331683874
fit_2015_2019,12 La Romana,2,2017,40,0.0,0.005380564369261265
fit_2015_2019,12 La Romana,2,2017,41,0.0,0.0016661703120917082
fit_2015_2019,12 La Romana,2,2017,42,0.007344163954257965,0.0022658035159111023
fit_2015_2019,12 La Romana,2,2017,43,0.0,0.004520131275057793
fit_2015_2019,12 La Romana,2,2017,44,0.0,0.0006372909410856664
fit_2015_2019,12 La Romana,2,2017,45,0.0,0.0006551801925525069
fit_2015_2019,12 La Romana,2,2017,46,0.0,-0.0008188000647351146
fit_2015_2019,12 La Romana,2,2017,47,0.0,-0.0021809623576700687
fit_2015_2019,12 La Romana,2,2017,48,0.007344163954257965,-0.001639466150663793
fit_2015_2019,12 La Romana,2,2017,49,0.0,0.006449063308537006
fit_2015_2019,12 La Romana,2,2017,50,0.0,0.0033258958719670773
fit_2015_2019,12 La Romana,2,2017,51,0.0,0.0011435500346124172
fit_2015_2019,12 La Romana,2,2017,52,0.0,0.0007853051065467298
fit_2015_2019,12 La Romana,2,2018,1,0.0,0.001239896402694285
fit_2015_2019,12 La Romana,2,2018,2,0.0,0.0011098317336291075
fit_2015_2019,12 La Romana,2,2018,3,0.0,0.001253891154192388
fit_2015_2019,12 La Romana,2,2018,4,0.0,0.00020323523494880646
fit_2015_2019,12 La Romana,2,2018,5,0.0,4.4439973862608895e-05
fit_2015_2019,12 La Romana,2,2018,6,0.0,-9.242402484233025e-06
fit_2015_2019,12 La Romana,2,2018,7,0.007272776216268539,-0.00028161462978459895
fit_2015_2019,12 La Romana,2,2018,8,0.007272776216268539,0.003607319202274084
fit_2015_2019,12 La Romana,2,2018,9,0.0,0.0037747123278677464
fit_2015_2019,12 La Romana,2,2018,10,0.0,-0.0005923058488406241
fit_2015_2019,12 La Romana,2,2018,11,0.0,-0.0006187207764014602
fit_2015_2019,12 La Romana,2,2018,12,0.0,-0.0004966478445567191
fit_2015_2019,12 La Romana,2,2018,13,0.0,-0.000428160245064646
fit_2015_2019,12 La Romana,2,2018,14,0.0,-0.0007980632362887263
fit_2015_2019,12 La Romana,2,2018,15,0.0,-0.0002165239566238597
fit_2015_2019,12 La Romana,2,2018,16,0.0,6.056015263311565e-05
fit_2015_2019,12 La Romana,2,2018,17,0.0,-0.001278714626096189
fit_2015_2019,12 La Romana,2,2018,18,0.0,-0.0007477734470739961
fit_2015_2019,12 La Romana,2,2018,19,0.0,-0.0003512033727020025
fit_2015_2019,12 La Romana,2,2018,20,0.0,-0.0005424674018286169
fit_2015_2019,12 La Romana,2,2018,21,0.007272776216268539,0.00017673593538347632
fit_2015_2019,12 La Romana,2,2018,22,0.0,0.005347649101167917
fit_2015_2019,12 La Romana,2,2018,23,0.0,0.003975370898842812
fit_2015_2019,12 La Romana,2,2018,24,0.007272776216268539,0.0023930161260068417
fit_2015_2019,12 La Romana,2,2018,25,0.007272776216268539,0.007497373968362808
fit_2015_2019,12 La Romana,2,2018,26,0.007272776216268539,0.00860567856580019
fit_2015_2019,12 La Romana,2,2018,27,0.0,0.00975458137691021
fit_2015_2019,12 La Romana,2,2018,28,0.0,0.005770581774413586
fit_2015_2019,12 La Romana,2,2018,29,0.0,0.0039450787007808685
fit_2015_2019,12 La Romana,2,2018,30,0.007272776216268539,0.004181282594799995
fit_2015_2019,12 La Romana,2,2018,31,0.0,0.008261755108833313
fit_2015_2019,12 La Romana,2,2018,32,0.0,0.004694572649896145
fit_2015_2019,12 La Romana,2,2018,33,0.0,0.0019899187609553337
fit_2015_2019,12 La Romana,2,2018,34,0.0,0.002087373286485672
fit_2015_2019,12 La Romana,2,2018,35,0.0,0.0021497062407433987
fit_2015_2019,12 La Romana,2,2018,36,0.007272776216268539,0.0011154520325362682
fit_2015_2019,12 La Romana,2,2018,37,0.0,0.005559599958360195
fit_2015_2019,12 La Romana,2,2018,38,0.0,0.0010885108495131135
fit_2015_2019,12 La Romana,2,2018,39,0.0,0.001219270285218954
fit_2015_2019,12 La Romana,2,2018,40,0.007272776216268539,0.001523182145319879
fit_2015_2019,12 La Romana,2,2018,41,0.0,0.007447365205734968
fit_2015_2019,12 La Romana,2,2018,42,0.0,0.0013443207135424018
fit_2015_2019,12 La Romana,2,2018,43,0.0,0.00035975637729279697
fit_2015_2019,12 La Romana,2,2018,44,0.0,0.0018940265290439129
fit_2015_2019,12 La Romana,2,2018,45,0.0,0.0006020204164087772
fit_2015_2019,12 La Romana,2,2018,46,0.007272776216268539,-9.46551444940269e-05
fit_2015_2019,12 La Romana,2,2018,47,0.0,0.004797592293471098
fit_2015_2019,12 La Romana,2,2018,48,0.007272776216268539,0.001277170144021511
fit_2015_2019,12 La Romana,2,2018,49,0.0,0.006430783774703741
fit_2015_2019,12 La Romana,2,2018,50,0.0,0.0018109554657712579
fit_2015_2019,12 La Romana,2,2018,51,0.014545554295182228,0.0007837541634216905
fit_2015_2019,12 La Romana,2,2018,52,0.014545554295182228,0.012021389789879322
fit_2015_2019,12 La Romana,2,2019,1,0.0,0.010589937679469585
fit_2015_2019,12 La Romana,2,2019,2,0.0,0.001313572283834219
fit_2015_2019,12 La Romana,2,2019,3,0.0,0.002363187726587057
fit_2015_2019,12 La Romana,2,2019,4,0.007206015754491091,0.0008854388142935932
fit_2015_2019,12 La Romana,2,2019,5,0.0,0.005910927429795265
fit_2015_2019,12 La Romana,2,2019,6,0.0,0.00047267592162825167
fit_2015_2019,12 La Romana,2,2019,7,0.014412032440304756,-0.0006938664009794593
fit_2015_2019,12 La Romana,2,2019,8,0.007206015754491091,0.008892063051462173
fit_2015_2019,12 La Romana,2,2019,9,0.007206015754491091,0.007578444667160511
fit_2015_2019,12 La Romana,2,2019,10,0.036030080169439316,0.007761685643345118
fit_2015_2019,12 La Romana,2,2019,11,0.02161804772913456,0.028148682788014412
fit_2015_2019,12 La Romana,2,2019,12,0.02161804772913456,0.020090578123927116
fit_2015_2019,12 La Romana,2,2019,13,0.014412032440304756,0.018827207386493683
fit_2015_2019,12 La Romana,2,2019,14,0.007206015754491091,0.015027249231934547
fit_2015_2019,12 La Romana,2,2019,15,0.028824063017964363,0.009044190868735313
fit_2015_2019,12 La Romana,2,2019,16,0.0,0.023171590641140938
fit_2015_2019,12 La Romana,2,2019,17,0.036030080169439316,0.007154232356697321
fit_2015_2019,12 La Romana,2,2019,18,0.014412032440304756,0.02744915708899498
fit_2015_2019,12 La Romana,2,2019,19,0.028824063017964363,0.01815684884786606
fit_2015_2019,12 La Romana,2,2019,20,0.02161804772913456,0.0275565292686224
fit_2015_2019,12 La Romana,2,2019,21,0.028824063017964363,0.025369718670845032
fit_2015_2019,12 La Romana,2,2019,22,0.028824063017964363,0.02891155146062374
fit_2015_2019,12 La Romana,2,2019,23,0.014412032440304756,0.03199482336640358
fit_2015_2019,12 La Romana,2,2019,24,0.014412032440304756,0.020396187901496887
fit_2015_2019,12 La Romana,2,2019,25,0.028824063017964363,0.02075078897178173
fit_2015_2019,12 La Romana,2,2019,26,0.036030080169439316,0.03229184076189995
fit_2015_2019,12 La Romana,2,2019,27,0.057648129761219025,0.0392572246491909
fit_2015_2019,12 La Romana,2,2019,28,0.12970829010009766,0.056512027978897095
fit_2015_2019,12 La Romana,2,2019,29,0.15853235125541687,0.11343494802713394
fit_2015_2019,12 La Romana,2,2019,30,0.2810346186161041,0.15493308007717133
fit_2015_2019,12 La Romana,2,2019,31,0.1873563975095749,0.25015023350715637
fit_2015_2019,12 La Romana,2,2019,32,0.2017684429883957,0.20915564894676208
fit_2015_2019,12 La Romana,2,2019,33,0.2233864814043045,0.2065153867006302
fit_2015_2019,12 La Romana,2,2019,34,0.18015038967132568,0.19935661554336548
fit_2015_2019,12 La Romana,2,2019,35,0.17294439673423767,0.17131926119327545
fit_2015_2019,12 La Romana,2,2019,36,0.11529625952243805,0.14786304533481598
fit_2015_2019,12 La Romana,2,2019,37,0.12970829010009766,0.10048849135637283
fit_2015_2019,12 La Romana,2,2019,38,0.10088422149419785,0.10661347210407257
fit_2015_2019,12 La Romana,2,2019,39,0.10088422149419785,0.09115985780954361
fit_2015_2019,12 La Romana,2,2019,40,0.057648129761219025,0.08893703669309616
fit_2015_2019,12 La Romana,2,2019,41,0.08647219836711884,0.06096414476633072
fit_2015_2019,12 La Romana,2,2019,42,0.10088422149419785,0.07760678976774216
fit_2015_2019,12 La Romana,2,2019,43,0.07206016033887863,0.08609241992235184
fit_2015_2019,12 La Romana,2,2019,44,0.028824063017964363,0.0664140060544014
fit_2015_2019,12 La Romana,2,2019,45,0.05044211074709892,0.033976711332798004
fit_2015_2019,12 La Romana,2,2019,46,0.057648129761219025,0.04277318716049194
fit_2015_2019,12 La Romana,2,2019,47,0.05044211074709892,0.04879232496023178
fit_2015_2019,12 La Romana,2,2019,48,0.04323609545826912,0.04497931897640228
fit_2015_2019,12 La Romana,2,2019,49,0.028824063017964363,0.039479613304138184
fit_2015_2019,12 La Romana,2,2019,50,0.014412032440304756,0.028219416737556458
fit_2015_2019,12 La Romana,2,2019,51,0.014412032440304756,0.013637184165418148
fit_2015_2019,12 La Romana,2,2019,52,0.007206015754491091,0.013050802052021027
fit_2015_2019,13 La Vega,0,2015,5,0.009637413546442986,0.00509739900007844
fit_2015_2019,13 La Vega,0,2015,6,0.014456122182309628,0.009087387472391129
fit_2015_2019,13 La Vega,0,2015,7,0.004818705841898918,0.012430565431714058
fit_2015_2019,13 La Vega,0,2015,8,0.03854966163635254,0.0053439210169017315
fit_2015_2019,13 La Vega,0,2015,9,0.03373095020651817,0.03192118555307388
fit_2015_2019,13 La Vega,0,2015,10,0.014456122182309628,0.03143184259533882
fit_2015_2019,13 La Vega,0,2015,11,0.009637413546442986,0.014002269133925438
fit_2015_2019,13 La Vega,0,2015,12,0.014456122182309628,0.00981230940669775
fit_2015_2019,13 La Vega,0,2015,13,0.01927483081817627,0.014981750398874283
fit_2015_2019,13 La Vega,0,2015,14,0.028912246227264404,0.021270891651511192
fit_2015_2019,13 La Vega,0,2015,15,0.03373095020651817,0.028114531189203262
fit_2015_2019,13 La Vega,0,2015,16,0.0,0.03259764984250069
fit_2015_2019,13 La Vega,0,2015,17,0.03373095020651817,0.00880132894963026
fit_2015_2019,13 La Vega,0,2015,18,0.028912246227264404,0.029097363352775574
fit_2015_2019,13 La Vega,0,2015,19,0.03854966163635254,0.03415564075112343
fit_2015_2019,13 La Vega,0,2015,20,0.028912246227264404,0.039941560477018356
fit_2015_2019,13 La Vega,0,2015,21,0.03854966163635254,0.032493654638528824
fit_2015_2019,13 La Vega,0,2015,22,0.0,0.038595158606767654
fit_2015_2019,13 La Vega,0,2015,23,0.028912246227264404,0.00998936127871275
fit_2015_2019,13 La Vega,0,2015,24,0.01927483081817627,0.027928883209824562
fit_2015_2019,13 La Vega,0,2015,25,0.009637413546442986,0.024993587285280228
fit_2015_2019,13 La Vega,0,2015,26,0.01927483081817627,0.01579362340271473
fit_2015_2019,13 La Vega,0,2015,27,0.03854966163635254,0.023620475083589554
fit_2015_2019,13 La Vega,0,2015,28,0.09155544638633728,0.040959473699331284
fit_2015_2019,13 La Vega,0,2015,29,0.09155544638633728,0.08722562342882156
fit_2015_2019,13 La Vega,0,2015,30,0.09155544638633728,0.10020985454320908
fit_2015_2019,13 La Vega,0,2015,31,0.12528640031814575,0.10159079730510712
fit_2015_2019,13 La Vega,0,2015,32,0.10601156949996948,0.1301560401916504
fit_2015_2019,13 La Vega,0,2015,33,0.1638360470533371,0.1225203201174736
fit_2015_2019,13 La Vega,0,2015,34,0.11564897745847702,0.1710963100194931
fit_2015_2019,13 La Vega,0,2015,35,0.10601156949996948,0.14360520243644714
fit_2015_2019,13 La Vega,0,2015,36,0.16865478456020355,0.13156230747699738
fit_2015_2019,13 La Vega,0,2015,37,0.2072044163942337,0.17514540255069733
fit_2015_2019,13 La Vega,0,2015,38,0.15419864654541016,0.21474649012088776
fit_2015_2019,13 La Vega,0,2015,39,0.22647924721240997,0.18909183144569397
fit_2015_2019,13 La Vega,0,2015,40,0.3373095393180847,0.24673257768154144
fit_2015_2019,13 La Vega,0,2015,41,0.37585920095443726,0.3294040560722351
fit_2015_2019,13 La Vega,0,2015,42,0.36140307784080505,0.38006165623664856
fit_2015_2019,13 La Vega,0,2015,43,0.4144088327884674,0.3726820647716522
fit_2015_2019,13 La Vega,0,2015,44,0.25539150834083557,0.38272374868392944
fit_2015_2019,13 La Vega,0,2015,45,0.356584370136261,0.2438092678785324
fit_2015_2019,13 La Vega,0,2015,46,0.2698476314544678,0.29937633872032166
fit_2015_2019,13 La Vega,0,2015,47,0.19756701588630676,0.1951267123222351
fit_2015_2019,13 La Vega,0,2015,48,0.12046769261360168,0.16317415237426758
fit_2015_2019,13 La Vega,0,2015,49,0.1493799239397049,0.09138225764036179
fit_2015_2019,13 La Vega,0,2015,50,0.048187073320150375,0.10814617574214935
fit_2015_2019,13 La Vega,0,2015,51,0.08673673123121262,0.048254601657390594
fit_2015_2019,13 La Vega,0,2015,52,0.08191803097724915,0.08632832765579224
fit_2015_2019,13 La Vega,0,2016,1,0.0816156193614006,0.08190807700157166
fit_2015_2019,13 La Vega,0,2016,2,0.08641653507947922,0.08532500267028809
fit_2015_2019,13 La Vega,0,2016,3,0.12962479889392853,0.08992450684309006
fit_2015_2019,13 La Vega,0,2016,4,0.1200229674577713,0.11840512603521347
fit_2015_2019,13 La Vega,0,2016,5,0.11042112857103348,0.11279362440109253
fit_2015_2019,13 La Vega,0,2016,6,0.1200229674577713,0.10252144932746887
fit_2015_2019,13 La Vega,0,2016,7,0.10081929713487625,0.10709679871797562
fit_2015_2019,13 La Vega,0,2016,8,0.07201377302408218,0.09078307449817657
fit_2015_2019,13 La Vega,0,2016,9,0.057611022144556046,0.07094983011484146
fit_2015_2019,13 La Vega,0,2016,10,0.04320826753973961,0.057475458830595016
fit_2015_2019,13 La Vega,0,2016,11,0.05281010642647743,0.042646244168281555
fit_2015_2019,13 La Vega,0,2016,12,0.04320826753973961,0.04916221275925636
fit_2015_2019,13 La Vega,0,2016,13,0.07201377302408218,0.04398680105805397
fit_2015_2019,13 La Vega,0,2016,14,0.04320826753973961,0.0620848722755909
fit_2015_2019,13 La Vega,0,2016,15,0.07681470364332199,0.04537516087293625
fit_2015_2019,13 La Vega,0,2016,16,0.04800918698310852,0.06725122779607773
fit_2015_2019,13 La Vega,0,2016,17,0.08641653507947922,0.05105963349342346
fit_2015_2019,13 La Vega,0,2016,18,0.07681470364332199,0.07696834951639175
fit_2015_2019,13 La Vega,0,2016,19,0.06721285730600357,0.07320195436477661
fit_2015_2019,13 La Vega,0,2016,20,0.057611022144556046,0.06843304634094238
fit_2015_2019,13 La Vega,0,2016,21,0.033606432378292084,0.057248178869485855
fit_2015_2019,13 La Vega,0,2016,22,0.06721285730600357,0.03317961096763611
fit_2015_2019,13 La Vega,0,2016,23,0.028805511072278023,0.05634447559714317
fit_2015_2019,13 La Vega,0,2016,24,0.0384073480963707,0.032731879502534866
fit_2015_2019,13 La Vega,0,2016,25,0.057611022144556046,0.03719184547662735
fit_2015_2019,13 La Vega,0,2016,26,0.033606432378292084,0.053313396871089935
fit_2015_2019,13 La Vega,0,2016,27,0.019203675910830498,0.03824421018362045
fit_2015_2019,13 La Vega,0,2016,28,0.0384073480963707,0.025453684851527214
fit_2015_2019,13 La Vega,0,2016,29,0.004800916649401188,0.03640392795205116
fit_2015_2019,13 La Vega,0,2016,30,0.014402756467461586,0.012518350966274738
fit_2015_2019,13 La Vega,0,2016,31,0.019203675910830498,0.01202288269996643
fit_2015_2019,13 La Vega,0,2016,32,0.019203675910830498,0.016858167946338654
fit_2015_2019,13 La Vega,0,2016,33,0.004800916649401188,0.017643790692090988
fit_2015_2019,13 La Vega,0,2016,34,0.028805511072278023,0.006625009700655937
fit_2015_2019,13 La Vega,0,2016,35,0.009601837024092674,0.02302766591310501
fit_2015_2019,13 La Vega,0,2016,36,0.004800916649401188,0.011895728297531605
fit_2015_2019,13 La Vega,0,2016,37,0.0,0.004418672528117895
fit_2015_2019,13 La Vega,0,2016,38,0.009601837024092674,-0.0004240343696437776
fit_2015_2019,13 La Vega,0,2016,39,0.02400459162890911,0.007945943623781204
fit_2015_2019,13 La Vega,0,2016,40,0.014402756467461586,0.02183733694255352
fit_2015_2019,13 La Vega,0,2016,41,0.019203675910830498,0.016119137406349182
fit_2015_2019,13 La Vega,0,2016,42,0.009601837024092674,0.0205316711217165
fit_2015_2019,13 La Vega,0,2016,43,0.02400459162890911,0.011483641341328621
fit_2015_2019,13 La Vega,0,2016,44,0.033606432378292084,0.021806159988045692
fit_2015_2019,13 La Vega,0,2016,45,0.014402756467461586,0.03129204735159874
fit_2015_2019,13 La Vega,0,2016,46,0.009601837024092674,0.013820239342749119
fit_2015_2019,13 La Vega,0,2016,47,0.014402756467461586,0.007286860607564449
fit_2015_2019,13 La Vega,0,2016,48,0.019203675910830498,0.010829977691173553
fit_2015_2019,13 La Vega,0,2016,49,0.019203675910830498,0.017625322565436363
fit_2015_2019,13 La Vega,0,2016,50,0.004800916649401188,0.015601087361574173
fit_2015_2019,13 La Vega,0,2016,51,0.009601837024092674,0.005249605979770422
fit_2015_2019,13 La Vega,0,2016,52,0.0,0.008936702273786068
fit_2015_2019,13 La Vega,0,2017,1,0.01913383975625038,0.002918728394433856
fit_2015_2019,13 La Vega,0,2017,2,0.0,0.01700984500348568
fit_2015_2019,13 La Vega,0,2017,3,0.0,0.0008780487696640193
fit_2015_2019,13 La Vega,0,2017,4,0.0,-0.0019753300584852695
fit_2015_2019,13 La Vega,0,2017,5,0.0,-0.0023422669619321823
fit_2015_2019,13 La Vega,0,2017,6,0.0,-0.003331467742100358
fit_2015_2019,13 La Vega,0,2017,7,0.0,-0.0007194969221018255
fit_2015_2019,13 La Vega,0,2017,8,0.004783460404723883,-0.0024739138316363096
fit_2015_2019,13 La Vega,0,2017,9,0.0,0.004130761604756117
fit_2015_2019,13 La Vega,0,2017,10,0.0,0.0027006049640476704
fit_2015_2019,13 La Vega,0,2017,11,0.004783460404723883,0.001049857004545629
fit_2015_2019,13 La Vega,0,2017,12,0.0,0.0038479238282889128
fit_2015_2019,13 La Vega,0,2017,13,0.004783460404723883,-2.582337947387714e-05
fit_2015_2019,13 La Vega,0,2017,14,0.0,0.0026247017085552216
fit_2015_2019,13 La Vega,0,2017,15,0.0,0.0014528186293318868
fit_2015_2019,13 La Vega,0,2017,16,0.004783460404723883,0.003037145594134927
fit_2015_2019,13 La Vega,0,2017,17,0.0,0.004645335953682661
fit_2015_2019,13 La Vega,0,2017,18,0.004783460404723883,-0.0012150730472058058
fit_2015_2019,13 La Vega,0,2017,19,0.00956691987812519,-0.0010721891885623336
fit_2015_2019,13 La Vega,0,2017,20,0.0,0.00724885705858469
fit_2015_2019,13 La Vega,0,2017,21,0.004783460404723883,0.0017973746871575713
fit_2015_2019,13 La Vega,0,2017,22,0.004783460404723883,0.0053329323418438435
fit_2015_2019,13 La Vega,0,2017,23,0.0,0.00508694676682353
fit_2015_2019,13 La Vega,0,2017,24,0.0,0.0010270382044836879
fit_2015_2019,13 La Vega,0,2017,25,0.014350381679832935,0.0011938890675082803
fit_2015_2019,13 La Vega,0,2017,26,0.004783460404723883,0.012626023963093758
fit_2015_2019,13 La Vega,0,2017,27,0.004783460404723883,0.006318550556898117
fit_2015_2019,13 La Vega,0,2017,28,0.00956691987812519,0.004748494829982519
fit_2015_2019,13 La Vega,0,2017,29,0.004783460404723883,0.007881177589297295
fit_2015_2019,13 La Vega,0,2017,30,0.004783460404723883,0.006267610937356949
fit_2015_2019,13 La Vega,0,2017,31,0.004783460404723883,0.0027414741925895214
fit_2015_2019,13 La Vega,0,2017,32,0.00956691987812519,0.0021376179065555334
fit_2015_2019,13 La Vega,0,2017,33,0.0,0.006419485434889793
fit_2015_2019,13 La Vega,0,2017,34,0.00956691987812519,-0.0020421314984560013
fit_2015_2019,13 La Vega,0,2017,35,0.004783460404723883,0.0051996661350131035
fit_2015_2019,13 La Vega,0,2017,36,0.004783460404723883,0.002919337246567011
fit_2015_2019,13 La Vega,0,2017,37,0.0,0.0028224668931216
fit_2015_2019,13 La Vega,0,2017,38,0.00956691987812519,-0.0021598301827907562
fit_2015_2019,13 La Vega,0,2017,39,0.00956691987812519,0.006529832724481821
fit_2015_2019,13 La Vega,0,2017,40,0.014350381679832935,0.009399625472724438
fit_2015_2019,13 La Vega,0,2017,41,0.0,0.014817299321293831
fit_2015_2019,13 La Vega,0,2017,42,0.004783460404723883,0.003074792679399252
fit_2015_2019,13 La Vega,0,2017,43,0.004783460404723883,0.00472014956176281
fit_2015_2019,13 La Vega,0,2017,44,0.0,0.005815057083964348
fit_2015_2019,13 La Vega,0,2017,45,0.004783460404723883,0.0021592224948108196
fit_2015_2019,13 La Vega,0,2017,46,0.004783460404723883,0.004376842640340328
fit_2015_2019,13 La Vega,0,2017,47,0.0,0.004339713603258133
fit_2015_2019,13 La Vega,0,2017,48,0.0,0.0004734623362310231
fit_2015_2019,13 La Vega,0,2017,49,0.014350381679832935,-2.4098611902445555e-05
fit_2015_2019,13 La Vega,0,2017,50,0.004783460404723883,0.015186427161097527
fit_2015_2019,13 La Vega,0,2017,51,0.0,0.004936443641781807
fit_2015_2019,13 La Vega,0,2017,52,0.004783460404723883,-0.00014104816364124417
fit_2015_2019,13 La Vega,0,2018,1,0.004764859098941088,0.004018987063318491
fit_2015_2019,13 La Vega,0,2018,2,0.0,0.004720414988696575
fit_2015_2019,13 La Vega,0,2018,3,0.0,-0.0009901796001940966
fit_2015_2019,13 La Vega,0,2018,4,0.004764859098941088,-0.0025339676067233086
fit_2015_2019,13 La Vega,0,2018,5,0.0,0.0007215210935100913
fit_2015_2019,13 La Vega,0,2018,6,0.009529714472591877,-0.0033407052978873253
fit_2015_2019,13 La Vega,0,2018,7,0.004764859098941088,0.005015789996832609
fit_2015_2019,13 La Vega,0,2018,8,0.004764859098941088,0.00012210384011268616
fit_2015_2019,13 La Vega,0,2018,9,0.0,0.002786913886666298
fit_2015_2019,13 La Vega,0,2018,10,0.023824283853173256,0.0016266247257590294
fit_2015_2019,13 La Vega,0,2018,11,0.0,0.020121637731790543
fit_2015_2019,13 La Vega,0,2018,12,0.009529714472591877,0.0026422343216836452
fit_2015_2019,13 La Vega,0,2018,13,0.0,0.007133872248232365
fit_2015_2019,13 La Vega,0,2018,14,0.014294571243226528,0.0006696401396766305
fit_2015_2019,13 La Vega,0,2018,15,0.009529714472591877,0.011389225721359253
fit_2015_2019,13 La Vega,0,2018,16,0.004764859098941088,0.0097404345870018
fit_2015_2019,13 La Vega,0,2018,17,0.0,0.004843074828386307
fit_2015_2019,13 La Vega,0,2018,18,0.004764859098941088,0.0024932546075433493
fit_2015_2019,13 La Vega,0,2018,19,0.004764859098941088,0.002268775599077344
fit_2015_2019,13 La Vega,0,2018,20,0.0,0.007451747078448534
fit_2015_2019,13 La Vega,0,2018,21,0.0,0.002008914714679122
fit_2015_2019,13 La Vega,0,2018,22,0.0,0.0012579344911500812
fit_2015_2019,13 La Vega,0,2018,23,0.0,0.0013181045651435852
fit_2015_2019,13 La Vega,0,2018,24,0.0,0.001992610050365329
fit_2015_2019,13 La Vega,0,2018,25,0.0,0.0017607309855520725
fit_2015_2019,13 La Vega,0,2018,26,0.0,0.0007907669642008841
fit_2015_2019,13 La Vega,0,2018,27,0.004764859098941088,0.0023752751294523478
fit_2015_2019,13 La Vega,0,2018,28,0.0,0.006169094238430262
fit_2015_2019,13 La Vega,0,2018,29,0.014294571243226528,0.002641561906784773
fit_2015_2019,13 La Vega,0,2018,30,0.0,0.013776278123259544
fit_2015_2019,13 La Vega,0,2018,31,0.0,0.001105956849642098
fit_2015_2019,13 La Vega,0,2018,32,0.009529714472591877,-0.00022490773699246347
fit_2015_2019,13 La Vega,0,2018,33,0.0,0.006459537427872419
fit_2015_2019,13 La Vega,0,2018,34,0.0,0.00048600396257825196
fit_2015_2019,13 La Vega,0,2018,35,0.004764859098941088,-0.00023252048413269222
fit_2015_2019,13 La Vega,0,2018,36,0.0,0.0024278308264911175
fit_2015_2019,13 La Vega,0,2018,37,0.0,0.0016357478452846408
fit_2015_2019,13 La Vega,0,2018,38,0.004764859098941088,0.0002890721370931715
fit_2015_2019,13 La Vega,0,2018,39,0.0,0.006902440916746855
fit_2015_2019,13 La Vega,0,2018,40,0.0,0.004354312550276518
fit_2015_2019,13 La Vega,0,2018,41,0.004764859098941088,0.0013892792630940676
fit_2015_2019,13 La Vega,0,2018,42,0.0,0.0073463632725179195
fit_2015_2019,13 La Vega,0,2018,43,0.009529714472591877,0.003452932694926858
fit_2015_2019,13 La Vega,0,2018,44,0.004764859098941088,0.01163734495639801
fit_2015_2019,13 La Vega,0,2018,45,0.004764859098941088,0.009634830057621002
fit_2015_2019,13 La Vega,0,2018,46,0.019059428945183754,0.008470817469060421
fit_2015_2019,13 La Vega,0,2018,47,0.014294571243226528,0.0195465050637722
fit_2015_2019,13 La Vega,0,2018,48,0.023824283853173256,0.018602371215820312
fit_2015_2019,13 La Vega,0,2018,49,0.028589142486453056,0.026772309094667435
fit_2015_2019,13 La Vega,0,2018,50,0.004764859098941088,0.03385639563202858
fit_2015_2019,13 La Vega,0,2018,51,0.004764859098941088,0.009223372675478458
fit_2015_2019,13 La Vega,0,2018,52,0.0,0.00800921581685543
fit_2015_2019,13 La Vega,0,2019,1,0.004748653620481491,0.005866345018148422
fit_2015_2019,13 La Vega,0,2019,2,0.0,0.007374881766736507
fit_2015_2019,13 La Vega,0,2019,3,0.0,0.006170627195388079
fit_2015_2019,13 La Vega,0,2019,4,0.014245965518057346,0.001755599630996585
fit_2015_2019,13 La Vega,0,2019,5,0.004748653620481491,0.01274088118225336
fit_2015_2019,13 La Vega,0,2019,6,0.009497311897575855,0.005427610594779253
fit_2015_2019,13 La Vega,0,2019,7,0.009497311897575855,0.0094066197052598
fit_2015_2019,13 La Vega,0,2019,8,0.004748653620481491,0.008290241472423077
fit_2015_2019,13 La Vega,0,2019,9,0.0,0.0077728754840791225
fit_2015_2019,13 La Vega,0,2019,10,0.004748653620481491,0.005742531735450029
fit_2015_2019,13 La Vega,0,2019,11,0.0,0.008764258585870266
fit_2015_2019,13 La Vega,0,2019,12,0.009497311897575855,0.00418290076777339
fit_2015_2019,13 La Vega,0,2019,13,0.014245965518057346,0.01110579539090395
fit_2015_2019,13 La Vega,0,2019,14,0.004748653620481491,0.01467564795166254
fit_2015_2019,13 La Vega,0,2019,15,0.004748653620481491,0.0056761447340250015
fit_2015_2019,13 La Vega,0,2019,16,0.004748653620481491,0.004475084599107504
fit_2015_2019,13 La Vega,0,2019,17,0.009497311897575855,0.007346111815422773
fit_2015_2019,13 La Vega,0,2019,18,0.0,0.011240809224545956
fit_2015_2019,13 La Vega,0,2019,19,0.004748653620481491,0.0037989099510014057
fit_2015_2019,13 La Vega,0,2019,20,0.009497311897575855,0.0027818409726023674
fit_2015_2019,13 La Vega,0,2019,21,0.0,0.013621649704873562
fit_2015_2019,13 La Vega,0,2019,22,0.004748653620481491,0.005294758826494217
fit_2015_2019,13 La Vega,0,2019,23,0.009497311897575855,0.004651716910302639
fit_2015_2019,13 La Vega,0,2019,24,0.014245965518057346,0.008933956734836102
fit_2015_2019,13 La Vega,0,2019,25,0.028491932898759842,0.01663139835000038
fit_2015_2019,13 La Vega,0,2019,26,0.014245965518057346,0.029746204614639282
fit_2015_2019,13 La Vega,0,2019,27,0.052235208451747894,0.0210101418197155
fit_2015_2019,13 La Vega,0,2019,28,0.03798924386501312,0.05010148510336876
fit_2015_2019,13 La Vega,0,2019,29,0.10447042435407639,0.04523239657282829
fit_2015_2019,13 La Vega,0,2019,30,0.07122983038425446,0.09954021126031876
fit_2015_2019,13 La Vega,0,2019,31,0.099721759557724,0.08254007995128632
fit_2015_2019,13 La Vega,0,2019,32,0.052235208451747894,0.10433099418878555
fit_2015_2019,13 La Vega,0,2019,33,0.07122983038425446,0.06906750798225403
fit_2015_2019,13 La Vega,0,2019,34,0.09022445231676102,0.07900241762399673
fit_2015_2019,13 La Vega,0,2019,35,0.0949731096625328,0.09497765451669693
fit_2015_2019,13 La Vega,0,2019,36,0.0949731096625328,0.10411311686038971
fit_2015_2019,13 La Vega,0,2019,37,0.10921907424926758,0.10941190272569656
fit_2015_2019,13 La Vega,0,2019,38,0.056983865797519684,0.12007154524326324
fit_2015_2019,13 La Vega,0,2019,39,0.061732519418001175,0.08208443224430084
fit_2015_2019,13 La Vega,0,2019,40,0.10447042435407639,0.07699691504240036
fit_2015_2019,13 La Vega,0,2019,41,0.0949731096625328,0.10540222376585007
fit_2015_2019,13 La Vega,0,2019,42,0.07597848773002625,0.10180480033159256
fit_2015_2019,13 La Vega,0,2019,43,0.061732519418001175,0.08496402204036713
fit_2015_2019,13 La Vega,0,2019,44,0.10447042435407639,0.07172635942697525
fit_2015_2019,13 La Vega,0,2019,45,0.11871638894081116,0.10434015840291977
fit_2015_2019,13 La Vega,0,2019,46,0.1424596607685089,0.11820116639137268
fit_2015_2019,13 La Vega,0,2019,47,0.1994435042142868,0.13851997256278992
fit_2015_2019,13 La Vega,0,2019,48,0.1472083181142807,0.1822241097688675
fit_2015_2019,13 La Vega,0,2019,49,0.17095161974430084,0.142142653465271
fit_2015_2019,13 La Vega,0,2019,50,0.1472083181142807,0.15448088943958282
fit_2015_2019,13 La Vega,0,2019,51,0.11871638894081116,0.12192890048027039
fit_2015_2019,13 La Vega,0,2019,52,0.052235208451747894,0.10416027903556824
fit_2015_2019,14 María Trinidad Sánchez,2,2015,5,0.05508362501859665,0.003491324372589588
fit_2015_2019,14 María Trinidad Sánchez,2,2015,6,0.013770906254649162,0.046379245817661285
fit_2015_2019,14 María Trinidad Sánchez,2,2015,7,0.013770906254649162,0.012971647083759308
fit_2015_2019,14 María Trinidad Sánchez,2,2015,8,0.0,0.011067557148635387
fit_2015_2019,14 María Trinidad Sánchez,2,2015,9,0.013770906254649162,0.00386249553412199
fit_2015_2019,14 María Trinidad Sánchez,2,2015,10,0.0,0.013433692045509815
fit_2015_2019,14 María Trinidad Sánchez,2,2015,11,0.0,0.0041139679960906506
fit_2015_2019,14 María Trinidad Sánchez,2,2015,12,0.027541812509298325,0.003985981456935406
fit_2015_2019,14 María Trinidad Sánchez,2,2015,13,0.013770906254649162,0.025917883962392807
fit_2015_2019,14 María Trinidad Sánchez,2,2015,14,0.013770906254649162,0.01686028391122818
fit_2015_2019,14 María Trinidad Sánchez,2,2015,15,0.0,0.014488239772617817
fit_2015_2019,14 María Trinidad Sánchez,2,2015,16,0.013770906254649162,0.003068802645429969
fit_2015_2019,14 María Trinidad Sánchez,2,2015,17,0.0,0.01474611647427082
fit_2015_2019,14 María Trinidad Sánchez,2,2015,18,0.027541812509298325,0.006462352816015482
fit_2015_2019,14 María Trinidad Sánchez,2,2015,19,0.04131271690130234,0.02608417347073555
fit_2015_2019,14 María Trinidad Sánchez,2,2015,20,0.06885453313589096,0.042353399097919464
fit_2015_2019,14 María Trinidad Sánchez,2,2015,21,0.013770906254649162,0.060789499431848526
fit_2015_2019,14 María Trinidad Sánchez,2,2015,22,0.0,0.017886579036712646
fit_2015_2019,14 María Trinidad Sánchez,2,2015,23,0.013770906254649162,0.0038483801763504744
fit_2015_2019,14 María Trinidad Sánchez,2,2015,24,0.0,0.015370499342679977
fit_2015_2019,14 María Trinidad Sánchez,2,2015,25,0.013770906254649162,0.006517295725643635
fit_2015_2019,14 María Trinidad Sánchez,2,2015,26,0.027541812509298325,0.016315877437591553
fit_2015_2019,14 María Trinidad Sánchez,2,2015,27,0.027541812509298325,0.028938956558704376
fit_2015_2019,14 María Trinidad Sánchez,2,2015,28,0.08262543380260468,0.031790755689144135
fit_2015_2019,14 María Trinidad Sánchez,2,2015,29,0.027541812509298325,0.0771888867020607
fit_2015_2019,14 María Trinidad Sánchez,2,2015,30,0.027541812509298325,0.03644649684429169
fit_2015_2019,14 María Trinidad Sánchez,2,2015,31,0.04131271690130234,0.032947029918432236
fit_2015_2019,14 María Trinidad Sánchez,2,2015,32,0.013770906254649162,0.04431815817952156
fit_2015_2019,14 María Trinidad Sánchez,2,2015,33,0.1101672500371933,0.02367595210671425
fit_2015_2019,14 María Trinidad Sánchez,2,2015,34,0.013770906254649162,0.10232160985469818
fit_2015_2019,14 María Trinidad Sánchez,2,2015,35,0.06885453313589096,0.03373635932803154
fit_2015_2019,14 María Trinidad Sánchez,2,2015,36,0.1101672500371933,0.07217342406511307
fit_2015_2019,14 María Trinidad Sánchez,2,2015,37,0.09639634191989899,0.1086895614862442
fit_2015_2019,14 María Trinidad Sánchez,2,2015,38,0.12393815070390701,0.10601558536291122
fit_2015_2019,14 María Trinidad Sánchez,2,2015,39,0.06885453313589096,0.13540680706501007
fit_2015_2019,14 María Trinidad Sánchez,2,2015,40,0.1101672500371933,0.09198908507823944
fit_2015_2019,14 María Trinidad Sánchez,2,2015,41,0.09639634191989899,0.12372294813394547
fit_2015_2019,14 María Trinidad Sánchez,2,2015,42,0.2065635770559311,0.11501969397068024
fit_2015_2019,14 María Trinidad Sánchez,2,2015,43,0.2203344851732254,0.20899850130081177
fit_2015_2019,14 María Trinidad Sánchez,2,2015,44,0.24787630140781403,0.22627058625221252
fit_2015_2019,14 María Trinidad Sánchez,2,2015,45,0.3305017352104187,0.2551546096801758
fit_2015_2019,14 María Trinidad Sánchez,2,2015,46,0.26164722442626953,0.3079730272293091
fit_2015_2019,14 María Trinidad Sánchez,2,2015,47,0.2341054081916809,0.23557306826114655
fit_2015_2019,14 María Trinidad Sánchez,2,2015,48,0.17902174592018127,0.2049984633922577
fit_2015_2019,14 María Trinidad Sánchez,2,2015,49,0.19279266893863678,0.14907009899616241
fit_2015_2019,14 María Trinidad Sánchez,2,2015,50,0.13770905137062073,0.15242783725261688
fit_2015_2019,14 María Trinidad Sánchez,2,2015,51,0.1101672500371933,0.12453210353851318
fit_2015_2019,14 María Trinidad Sánchez,2,2015,52,0.09639634191989899,0.11263629794120789
fit_2015_2019,14 María Trinidad Sánchez,2,2016,1,0.17907369136810303,0.09999474138021469
fit_2015_2019,14 María Trinidad Sánchez,2,2016,2,0.16529880464076996,0.16455458104610443
fit_2015_2019,14 María Trinidad Sánchez,2,2016,3,0.09642430394887924,0.15547986328601837
fit_2015_2019,14 María Trinidad Sánchez,2,2016,4,0.1928485929965973,0.09368422627449036
fit_2015_2019,14 María Trinidad Sánchez,2,2016,5,0.1101992055773735,0.15831291675567627
fit_2015_2019,14 María Trinidad Sánchez,2,2016,6,0.08264940232038498,0.09283465147018433
fit_2015_2019,14 María Trinidad Sánchez,2,2016,7,0.04132470488548279,0.06809474527835846
fit_2015_2019,14 María Trinidad Sánchez,2,2016,8,0.013774901628494263,0.03668518736958504
fit_2015_2019,14 María Trinidad Sánchez,2,2016,9,0.04132470488548279,0.01867000386118889
fit_2015_2019,14 María Trinidad Sánchez,2,2016,10,0.04132470488548279,0.04142552614212036
fit_2015_2019,14 María Trinidad Sánchez,2,2016,11,0.04132470488548279,0.04184719920158386
fit_2015_2019,14 María Trinidad Sánchez,2,2016,12,0.08264940232038498,0.03993387892842293
fit_2015_2019,14 María Trinidad Sánchez,2,2016,13,0.027549801394343376,0.07121991366147995
fit_2015_2019,14 María Trinidad Sánchez,2,2016,14,0.027549801394343376,0.02871895208954811
fit_2015_2019,14 María Trinidad Sánchez,2,2016,15,0.04132470488548279,0.02623393014073372
fit_2015_2019,14 María Trinidad Sánchez,2,2016,16,0.013774901628494263,0.03888364136219025
fit_2015_2019,14 María Trinidad Sánchez,2,2016,17,0.04132470488548279,0.019943363964557648
fit_2015_2019,14 María Trinidad Sánchez,2,2016,18,0.013774901628494263,0.041305337101221085
fit_2015_2019,14 María Trinidad Sánchez,2,2016,19,0.05509960278868675,0.017915962263941765
fit_2015_2019,14 María Trinidad Sánchez,2,2016,20,0.04132470488548279,0.05169040709733963
fit_2015_2019,14 María Trinidad Sánchez,2,2016,21,0.027549801394343376,0.04123581945896149
fit_2015_2019,14 María Trinidad Sánchez,2,2016,22,0.05509960278868675,0.02536332793533802
fit_2015_2019,14 María Trinidad Sánchez,2,2016,23,0.013774901628494263,0.045565564185380936
fit_2015_2019,14 María Trinidad Sánchez,2,2016,24,0.013774901628494263,0.013400367461144924
fit_2015_2019,14 María Trinidad Sánchez,2,2016,25,0.06887450814247131,0.013275003992021084
fit_2015_2019,14 María Trinidad Sánchez,2,2016,26,0.0,0.059113189578056335
fit_2015_2019,14 María Trinidad Sánchez,2,2016,27,0.04132470488548279,0.007420672103762627
fit_2015_2019,14 María Trinidad Sánchez,2,2016,28,0.0,0.038190875202417374
fit_2015_2019,14 María Trinidad Sánchez,2,2016,29,0.027549801394343376,0.006578713655471802
fit_2015_2019,14 María Trinidad Sánchez,2,2016,30,0.0,0.024453941732645035
fit_2015_2019,14 María Trinidad Sánchez,2,2016,31,0.0,0.001727495575323701
fit_2015_2019,14 María Trinidad Sánchez,2,2016,32,0.013774901628494263,-0.0009058296564035118
fit_2015_2019,14 María Trinidad Sánchez,2,2016,33,0.027549801394343376,0.012381777167320251
fit_2015_2019,14 María Trinidad Sánchez,2,2016,34,0.013774901628494263,0.024721797555685043
fit_2015_2019,14 María Trinidad Sánchez,2,2016,35,0.05509960278868675,0.013637429103255272
fit_2015_2019,14 María Trinidad Sánchez,2,2016,36,0.013774901628494263,0.04575924575328827
fit_2015_2019,14 María Trinidad Sánchez,2,2016,37,0.013774901628494263,0.013199739158153534
fit_2015_2019,14 María Trinidad Sánchez,2,2016,38,0.013774901628494263,0.010469045490026474
fit_2015_2019,14 María Trinidad Sánchez,2,2016,39,0.0,0.01179554034024477
fit_2015_2019,14 María Trinidad Sánchez,2,2016,40,0.0,0.00018485108739696443
fit_2015_2019,14 María Trinidad Sánchez,2,2016,41,0.0,0.0008840144728310406
fit_2015_2019,14 María Trinidad Sánchez,2,2016,42,0.0,0.0010232755448669195
fit_2015_2019,14 María Trinidad Sánchez,2,2016,43,0.0,0.0002667141961865127
fit_2015_2019,14 María Trinidad Sánchez,2,2016,44,0.0,0.0015814801445230842
fit_2015_2019,14 María Trinidad Sánchez,2,2016,45,0.04132470488548279,0.00034044889616779983
fit_2015_2019,14 María Trinidad Sánchez,2,2016,46,0.013774901628494263,0.03285215049982071
fit_2015_2019,14 María Trinidad Sánchez,2,2016,47,0.04132470488548279,0.01145690493285656
fit_2015_2019,14 María Trinidad Sánchez,2,2016,48,0.027549801394343376,0.034387070685625076
fit_2015_2019,14 María Trinidad Sánchez,2,2016,49,0.013774901628494263,0.024070585146546364
fit_2015_2019,14 María Trinidad Sánchez,2,2016,50,0.0,0.011305294930934906
fit_2015_2019,14 María Trinidad Sánchez,2,2016,51,0.0,-0.0012933250982314348
fit_2015_2019,14 María Trinidad Sánchez,2,2016,52,0.013774901628494263,8.459374657832086e-05
fit_2015_2019,14 María Trinidad Sánchez,2,2017,1,0.0,0.015177475288510323
fit_2015_2019,14 María Trinidad Sánchez,2,2017,2,0.02755896747112274,0.006364041939377785
fit_2015_2019,14 María Trinidad Sánchez,2,2017,3,0.013779482804238796,0.026160255074501038
fit_2015_2019,14 María Trinidad Sánchez,2,2017,4,0.0,0.012474387884140015
fit_2015_2019,14 María Trinidad Sánchez,2,2017,5,0.013779482804238796,0.0018808066379278898
fit_2015_2019,14 María Trinidad Sánchez,2,2017,6,0.04133845120668411,0.010745137929916382
fit_2015_2019,14 María Trinidad Sánchez,2,2017,7,0.0,0.029930632561445236
fit_2015_2019,14 María Trinidad Sánchez,2,2017,8,0.0,-0.0019862568005919456
fit_2015_2019,14 María Trinidad Sánchez,2,2017,9,0.0,-0.0005077994428575039
fit_2015_2019,14 María Trinidad Sánchez,2,2017,10,0.013779482804238796,0.002339230151847005
fit_2015_2019,14 María Trinidad Sánchez,2,2017,11,0.02755896747112274,0.011163558810949326
fit_2015_2019,14 María Trinidad Sánchez,2,2017,12,0.0,0.020558800548315048
fit_2015_2019,14 María Trinidad Sánchez,2,2017,13,0.013779482804238796,0.002462915377691388
fit_2015_2019,14 María Trinidad Sánchez,2,2017,14,0.013779482804238796,0.00758106866851449
fit_2015_2019,14 María Trinidad Sánchez,2,2017,15,0.0,0.011624963022768497
fit_2015_2019,14 María Trinidad Sánchez,2,2017,16,0.013779482804238796,0.0027432560455054045
fit_2015_2019,14 María Trinidad Sánchez,2,2017,17,0.013779482804238796,0.01217370480298996
fit_2015_2019,14 María Trinidad Sánchez,2,2017,18,0.0,0.01309980172663927
fit_2015_2019,14 María Trinidad Sánchez,2,2017,19,0.0,0.001460570958442986
fit_2015_2019,14 María Trinidad Sánchez,2,2017,20,0.0,0.0018243385711684823
fit_2015_2019,14 María Trinidad Sánchez,2,2017,21,0.0,0.004215382970869541
fit_2015_2019,14 María Trinidad Sánchez,2,2017,22,0.02755896747112274,0.003931625746190548
fit_2015_2019,14 María Trinidad Sánchez,2,2017,23,0.0,0.027964642271399498
fit_2015_2019,14 María Trinidad Sánchez,2,2017,24,0.013779482804238796,0.007190979551523924
fit_2015_2019,14 María Trinidad Sánchez,2,2017,25,0.013779482804238796,0.013477835804224014
fit_2015_2019,14 María Trinidad Sánchez,2,2017,26,0.013779482804238796,0.013723380863666534
fit_2015_2019,14 María Trinidad Sánchez,2,2017,27,0.013779482804238796,0.014168661087751389
fit_2015_2019,14 María Trinidad Sánchez,2,2017,28,0.013779482804238796,0.015752099454402924
fit_2015_2019,14 María Trinidad Sánchez,2,2017,29,0.013779482804238796,0.01524802390486002
fit_2015_2019,14 María Trinidad Sánchez,2,2017,30,0.02755896747112274,0.013354805298149586
fit_2015_2019,14 María Trinidad Sánchez,2,2017,31,0.013779482804238796,0.024506701156497
fit_2015_2019,14 María Trinidad Sánchez,2,2017,32,0.0,0.013364707119762897
fit_2015_2019,14 María Trinidad Sánchez,2,2017,33,0.0,0.0011113981017842889
fit_2015_2019,14 María Trinidad Sánchez,2,2017,34,0.0,0.003674824023619294
fit_2015_2019,14 María Trinidad Sánchez,2,2017,35,0.0,-0.00024716107873246074
fit_2015_2019,14 María Trinidad Sánchez,2,2017,36,0.0,-0.0018145908834412694
fit_2015_2019,14 María Trinidad Sánchez,2,2017,37,0.0,0.0028394574765115976
fit_2015_2019,14 María Trinidad Sánchez,2,2017,38,0.0,-0.0009529331582598388
fit_2015_2019,14 María Trinidad Sánchez,2,2017,39,0.013779482804238796,0.003363153664395213
fit_2015_2019,14 María Trinidad Sánchez,2,2017,40,0.0,0.011520026251673698
fit_2015_2019,14 María Trinidad Sánchez,2,2017,41,0.0,-0.0005544413579627872
fit_2015_2019,14 María Trinidad Sánchez,2,2017,42,0.0,-0.0003554598952177912
fit_2015_2019,14 María Trinidad Sánchez,2,2017,43,0.0,0.00030609432724304497
fit_2015_2019,14 María Trinidad Sánchez,2,2017,44,0.0,0.0010452402057126164
fit_2015_2019,14 María Trinidad Sánchez,2,2017,45,0.0,0.0006253848550841212
fit_2015_2019,14 María Trinidad Sánchez,2,2017,46,0.0,0.0014544936129823327
fit_2015_2019,14 María Trinidad Sánchez,2,2017,47,0.0,-0.00047005838132463396
fit_2015_2019,14 María Trinidad Sánchez,2,2017,48,0.0,-0.0017479897942394018
fit_2015_2019,14 María Trinidad Sánchez,2,2017,49,0.0,0.0012826756574213505
fit_2015_2019,14 María Trinidad Sánchez,2,2017,50,0.0,0.0020832333248108625
fit_2015_2019,14 María Trinidad Sánchez,2,2017,51,0.0,0.0013057912001386285
fit_2015_2019,14 María Trinidad Sánchez,2,2017,52,0.0,0.0015370763139799237
fit_2015_2019,14 María Trinidad Sánchez,2,2018,1,0.0,0.0025470787659287453
fit_2015_2019,14 María Trinidad Sánchez,2,2018,2,0.0,0.0018965682247653604
fit_2015_2019,14 María Trinidad Sánchez,2,2018,3,0.013780361041426659,0.0012165213702246547
fit_2015_2019,14 María Trinidad Sánchez,2,2018,4,0.027560722082853317,0.010707607492804527
fit_2015_2019,14 María Trinidad Sánchez,2,2018,5,0.0,0.01933545060455799
fit_2015_2019,14 María Trinidad Sánchez,2,2018,6,0.0,-0.006611156277358532
fit_2015_2019,14 María Trinidad Sánchez,2,2018,7,0.0,-0.005630463361740112
fit_2015_2019,14 María Trinidad Sánchez,2,2018,8,0.0,-0.0016400202875956893
fit_2015_2019,14 María Trinidad Sánchez,2,2018,9,0.0,1.6831003449624404e-05
fit_2015_2019,14 María Trinidad Sánchez,2,2018,10,0.0,0.0010872354032471776
fit_2015_2019,14 María Trinidad Sánchez,2,2018,11,0.0,0.0015296703204512596
fit_2015_2019,14 María Trinidad Sánchez,2,2018,12,0.0,-0.0001374351413687691
fit_2015_2019,14 María Trinidad Sánchez,2,2018,13,0.013780361041426659,-0.0015963636105880141
fit_2015_2019,14 María Trinidad Sánchez,2,2018,14,0.0,0.009059236384928226
fit_2015_2019,14 María Trinidad Sánchez,2,2018,15,0.0,-0.0013222029665485024
fit_2015_2019,14 María Trinidad Sánchez,2,2018,16,0.0,-0.002351866802200675
fit_2015_2019,14 María Trinidad Sánchez,2,2018,17,0.0,-0.0012086472706869245
fit_2015_2019,14 María Trinidad Sánchez,2,2018,18,0.0,0.00040938513120636344
fit_2015_2019,14 María Trinidad Sánchez,2,2018,19,0.027560722082853317,0.0019279355183243752
fit_2015_2019,14 María Trinidad Sánchez,2,2018,20,0.0,0.020549362525343895
fit_2015_2019,14 María Trinidad Sánchez,2,2018,21,0.0,0.0031891583930701017
fit_2015_2019,14 María Trinidad Sánchez,2,2018,22,0.0,-0.00014640063454862684
fit_2015_2019,14 María Trinidad Sánchez,2,2018,23,0.0,0.0005501829436980188
fit_2015_2019,14 María Trinidad Sánchez,2,2018,24,0.0,0.0002026427973760292
fit_2015_2019,14 María Trinidad Sánchez,2,2018,25,0.0,-0.00065374601399526
fit_2015_2019,14 María Trinidad Sánchez,2,2018,26,0.0,-0.0013979726936668158
fit_2015_2019,14 María Trinidad Sánchez,2,2018,27,0.013780361041426659,-0.0005427355063147843
fit_2015_2019,14 María Trinidad Sánchez,2,2018,28,0.0,0.01356458943337202
fit_2015_2019,14 María Trinidad Sánchez,2,2018,29,0.0,0.003495933720842004
fit_2015_2019,14 María Trinidad Sánchez,2,2018,30,0.0,-0.00019583050743676722
fit_2015_2019,14 María Trinidad Sánchez,2,2018,31,0.0,-0.0014867671998217702
fit_2015_2019,14 María Trinidad Sánchez,2,2018,32,0.0,-0.0005305864033289254
fit_2015_2019,14 María Trinidad Sánchez,2,2018,33,0.0,-0.0010978137142956257
fit_2015_2019,14 María Trinidad Sánchez,2,2018,34,0.0,-0.0005130717763677239
fit_2015_2019,14 María Trinidad Sánchez,2,2018,35,0.0,-0.0001745816698530689
fit_2015_2019,14 María Trinidad Sánchez,2,2018,36,0.0,0.004223173949867487
fit_2015_2019,14 María Trinidad Sánchez,2,2018,37,0.0,-0.00024276260228361934
fit_2015_2019,14 María Trinidad Sánchez,2,2018,38,0.013780361041426659,-2.9876782718929462e-06
fit_2015_2019,14 María Trinidad Sánchez,2,2018,39,0.0,0.015139122493565083
fit_2015_2019,14 María Trinidad Sánchez,2,2018,40,0.0,0.0045499359257519245
fit_2015_2019,14 María Trinidad Sánchez,2,2018,41,0.0,0.0018987965304404497
fit_2015_2019,14 María Trinidad Sánchez,2,2018,42,0.0,0.0027317097410559654
fit_2015_2019,14 María Trinidad Sánchez,2,2018,43,0.013780361041426659,0.001814896473661065
fit_2015_2019,14 María Trinidad Sánchez,2,2018,44,0.0,0.014835411682724953
fit_2015_2019,14 María Trinidad Sánchez,2,2018,45,0.0,0.0063124047592282295
fit_2015_2019,14 María Trinidad Sánchez,2,2018,46,0.0,0.003464113688096404
fit_2015_2019,14 María Trinidad Sánchez,2,2018,47,0.013780361041426659,0.0031630920711904764
fit_2015_2019,14 María Trinidad Sánchez,2,2018,48,0.0,0.01693098247051239
fit_2015_2019,14 María Trinidad Sánchez,2,2018,49,0.0,0.006348172668367624
fit_2015_2019,14 María Trinidad Sánchez,2,2018,50,0.0,0.0037274665664881468
fit_2015_2019,14 María Trinidad Sánchez,2,2018,51,0.0,0.0037336251698434353
fit_2015_2019,14 María Trinidad Sánchez,2,2018,52,0.013780361041426659,0.003332560183480382
fit_2015_2019,14 María Trinidad Sánchez,2,2019,1,0.0,0.017589572817087173
fit_2015_2019,14 María Trinidad Sánchez,2,2019,2,0.0,0.00334144476801157
fit_2015_2019,14 María Trinidad Sánchez,2,2019,3,0.0,0.004303550813347101
fit_2015_2019,14 María Trinidad Sánchez,2,2019,4,0.013787682168185711,0.004961255006492138
fit_2015_2019,14 María Trinidad Sánchez,2,2019,5,0.013787682168185711,0.01565716788172722
fit_2015_2019,14 María Trinidad Sánchez,2,2019,6,0.0,0.012328676879405975
fit_2015_2019,14 María Trinidad Sánchez,2,2019,7,0.0,0.00044126855209469795
fit_2015_2019,14 María Trinidad Sánchez,2,2019,8,0.0,0.0034382680896669626
fit_2015_2019,14 María Trinidad Sánchez,2,2019,9,0.013787682168185711,0.005624027457088232
fit_2015_2019,14 María Trinidad Sánchez,2,2019,10,0.027575360611081123,0.01630285009741783
fit_2015_2019,14 María Trinidad Sánchez,2,2019,11,0.0,0.025707099586725235
fit_2015_2019,14 María Trinidad Sánchez,2,2019,12,0.027575360611081123,0.003111084457486868
fit_2015_2019,14 María Trinidad Sánchez,2,2019,13,0.013787682168185711,0.025032026693224907
fit_2015_2019,14 María Trinidad Sánchez,2,2019,14,0.013787682168185711,0.014407886192202568
fit_2015_2019,14 María Trinidad Sánchez,2,2019,15,0.0,0.008727583102881908
fit_2015_2019,14 María Trinidad Sánchez,2,2019,16,0.0,0.002365573775023222
fit_2015_2019,14 María Trinidad Sánchez,2,2019,17,0.0,0.004403705708682537
fit_2015_2019,14 María Trinidad Sánchez,2,2019,18,0.027575360611081123,0.0035285246558487415
fit_2015_2019,14 María Trinidad Sánchez,2,2019,19,0.04136304184794426,0.02376159466803074
fit_2015_2019,14 María Trinidad Sánchez,2,2019,20,0.013787682168185711,0.038214780390262604
fit_2015_2019,14 María Trinidad Sánchez,2,2019,21,0.0,0.014349885284900665
fit_2015_2019,14 María Trinidad Sánchez,2,2019,22,0.013787682168185711,0.0016012294217944145
fit_2015_2019,14 María Trinidad Sánchez,2,2019,23,0.013787682168185711,0.015581267885863781
fit_2015_2019,14 María Trinidad Sánchez,2,2019,24,0.027575360611081123,0.01400152686983347
fit_2015_2019,14 María Trinidad Sánchez,2,2019,25,0.0,0.02625279687345028
fit_2015_2019,14 María Trinidad Sánchez,2,2019,26,0.027575360611081123,0.006625212263315916
fit_2015_2019,14 María Trinidad Sánchez,2,2019,27,0.08272608369588852,0.02622082456946373
fit_2015_2019,14 María Trinidad Sánchez,2,2019,28,0.013787682168185711,0.0762883797287941
fit_2015_2019,14 María Trinidad Sánchez,2,2019,29,0.055150724947452545,0.02631762996315956
fit_2015_2019,14 María Trinidad Sánchez,2,2019,30,0.013787682168185711,0.054681066423654556
fit_2015_2019,14 María Trinidad Sánchez,2,2019,31,0.06893839687108994,0.02318577654659748
fit_2015_2019,14 María Trinidad Sánchez,2,2019,32,0.16545216739177704,0.07113181054592133
fit_2015_2019,14 María Trinidad Sánchez,2,2019,33,0.08272608369588852,0.15276645123958588
fit_2015_2019,14 María Trinidad Sánchez,2,2019,34,0.08272608369588852,0.0967295691370964
fit_2015_2019,14 María Trinidad Sánchez,2,2019,35,0.12408912926912308,0.0956820547580719
fit_2015_2019,14 María Trinidad Sánchez,2,2019,36,0.04136304184794426,0.12111438065767288
fit_2015_2019,14 María Trinidad Sánchez,2,2019,37,0.12408912926912308,0.05860487371683121
fit_2015_2019,14 María Trinidad Sánchez,2,2019,38,0.055150724947452545,0.12529999017715454
fit_2015_2019,14 María Trinidad Sánchez,2,2019,39,0.0965137630701065,0.076265349984169
fit_2015_2019,14 María Trinidad Sánchez,2,2019,40,0.12408912926912308,0.10666720569133759
fit_2015_2019,14 María Trinidad Sánchez,2,2019,41,0.0965137630701065,0.126560240983963
fit_2015_2019,14 María Trinidad Sánchez,2,2019,42,0.0965137630701065,0.10472435504198074
fit_2015_2019,14 María Trinidad Sánchez,2,2019,43,0.1103014424443245,0.10202265530824661
fit_2015_2019,14 María Trinidad Sánchez,2,2019,44,0.08272608369588852,0.11168310046195984
fit_2015_2019,14 María Trinidad Sánchez,2,2019,45,0.13787679374217987,0.08978350460529327
fit_2015_2019,14 María Trinidad Sánchez,2,2019,46,0.0965137630701065,0.13127201795578003
fit_2015_2019,14 María Trinidad Sánchez,2,2019,47,0.0965137630701065,0.09643112868070602
fit_2015_2019,14 María Trinidad Sánchez,2,2019,48,0.16545216739177704,0.09538453817367554
fit_2015_2019,14 María Trinidad Sánchez,2,2019,49,0.16545216739177704,0.14776688814163208
fit_2015_2019,14 María Trinidad Sánchez,2,2019,50,0.12408912926912308,0.14728224277496338
fit_2015_2019,14 María Trinidad Sánchez,2,2019,51,0.055150724947452545,0.1062793955206871
fit_2015_2019,14 María Trinidad Sánchez,2,2019,52,0.055150724947452545,0.05367664992809296
fit_2015_2019,15 Monte Cristi,2,2015,5,0.03416853025555611,0.02901550754904747
fit_2015_2019,15 Monte Cristi,2,2015,6,0.05125280097126961,0.04172025993466377
fit_2015_2019,15 Monte Cristi,2,2015,7,0.0,0.04090547189116478
fit_2015_2019,15 Monte Cristi,2,2015,8,0.0,0.004038010258227587
fit_2015_2019,15 Monte Cristi,2,2015,9,0.10250560194253922,0.017458511516451836
fit_2015_2019,15 Monte Cristi,2,2015,10,0.017084266990423203,0.09407351166009903
fit_2015_2019,15 Monte Cristi,2,2015,11,0.0,0.013819304294884205
fit_2015_2019,15 Monte Cristi,2,2015,12,0.0,0.006382531952112913
fit_2015_2019,15 Monte Cristi,2,2015,13,0.08542133867740631,0.008039317093789577
fit_2015_2019,15 Monte Cristi,2,2015,14,0.0,0.07917266339063644
fit_2015_2019,15 Monte Cristi,2,2015,15,0.0,0.006321087013930082
fit_2015_2019,15 Monte Cristi,2,2015,16,0.0,0.008558460511267185
fit_2015_2019,15 Monte Cristi,2,2015,17,0.10250560194253922,0.008765039965510368
fit_2015_2019,15 Monte Cristi,2,2015,18,0.017084266990423203,0.09089048206806183
fit_2015_2019,15 Monte Cristi,2,2015,19,0.0,0.027249297127127647
fit_2015_2019,15 Monte Cristi,2,2015,20,0.0,0.011772770434617996
fit_2015_2019,15 Monte Cristi,2,2015,21,0.017084266990423203,0.006335250101983547
fit_2015_2019,15 Monte Cristi,2,2015,22,0.0,0.02031470090150833
fit_2015_2019,15 Monte Cristi,2,2015,23,0.03416853025555611,0.007176798302680254
fit_2015_2019,15 Monte Cristi,2,2015,24,0.06833706796169281,0.03329994156956673
fit_2015_2019,15 Monte Cristi,2,2015,25,0.0,0.06321963667869568
fit_2015_2019,15 Monte Cristi,2,2015,26,0.0,0.010645724833011627
fit_2015_2019,15 Monte Cristi,2,2015,27,0.017084266990423203,0.010648520663380623
fit_2015_2019,15 Monte Cristi,2,2015,28,0.03416853025555611,0.024912089109420776
fit_2015_2019,15 Monte Cristi,2,2015,29,0.05125280097126961,0.03765176236629486
fit_2015_2019,15 Monte Cristi,2,2015,30,0.05125280097126961,0.05143231898546219
fit_2015_2019,15 Monte Cristi,2,2015,31,0.03416853025555611,0.05776313319802284
fit_2015_2019,15 Monte Cristi,2,2015,32,0.08542133867740631,0.046917520463466644
fit_2015_2019,15 Monte Cristi,2,2015,33,0.05125280097126961,0.08830595016479492
fit_2015_2019,15 Monte Cristi,2,2015,34,0.10250560194253922,0.06270384043455124
fit_2015_2019,15 Monte Cristi,2,2015,35,0.11958986520767212,0.11002246290445328
fit_2015_2019,15 Monte Cristi,2,2015,36,0.10250560194253922,0.11597543209791183
fit_2015_2019,15 Monte Cristi,2,2015,37,0.10250560194253922,0.09850657731294632
fit_2015_2019,15 Monte Cristi,2,2015,38,0.22209545969963074,0.10758750885725021
fit_2015_2019,15 Monte Cristi,2,2015,39,0.10250560194253922,0.1958131194114685
fit_2015_2019,15 Monte Cristi,2,2015,40,0.03416853025555611,0.06616101413965225
fit_2015_2019,15 Monte Cristi,2,2015,41,0.18792693316936493,0.059066545218229294
fit_2015_2019,15 Monte Cristi,2,2015,42,0.23917971551418304,0.15824662148952484
fit_2015_2019,15 Monte Cristi,2,2015,43,0.0,0.16205672919750214
fit_2015_2019,15 Monte Cristi,2,2015,44,0.017084266990423203,-0.02321654185652733
fit_2015_2019,15 Monte Cristi,2,2015,45,0.18792693316936493,0.04463944211602211
fit_2015_2019,15 Monte Cristi,2,2015,46,0.05125280097126961,0.13768833875656128
fit_2015_2019,15 Monte Cristi,2,2015,47,0.15375840663909912,0.008470882661640644
fit_2015_2019,15 Monte Cristi,2,2015,48,0.0,0.1483694314956665
fit_2015_2019,15 Monte Cristi,2,2015,49,0.05125280097126961,-0.021728169173002243
fit_2015_2019,15 Monte Cristi,2,2015,50,0.06833706796169281,0.06634926795959473
fit_2015_2019,15 Monte Cristi,2,2015,51,0.03416853025555611,0.04897060990333557
fit_2015_2019,15 Monte Cristi,2,2015,52,0.03416853025555611,0.029140235856175423
fit_2015_2019,15 Monte Cristi,2,2016,1,0.08492203056812286,0.04909760132431984
fit_2015_2019,15 Monte Cristi,2,2016,2,0.1019064337015152,0.08973300457000732
fit_2015_2019,15 Monte Cristi,2,2016,3,0.0,0.09632846713066101
fit_2015_2019,15 Monte Cristi,2,2016,4,0.08492203056812286,0.014437905512750149
fit_2015_2019,15 Monte Cristi,2,2016,5,0.13587525486946106,0.09363598376512527
fit_2015_2019,15 Monte Cristi,2,2016,6,0.1528596431016922,0.1189914420247078
fit_2015_2019,15 Monte Cristi,2,2016,7,0.0,0.12829191982746124
fit_2015_2019,15 Monte Cristi,2,2016,8,0.13587525486946106,0.005390208680182695
fit_2015_2019,15 Monte Cristi,2,2016,9,0.0,0.12306597828865051
fit_2015_2019,15 Monte Cristi,2,2016,10,0.13587525486946106,-0.0015338320517912507
fit_2015_2019,15 Monte Cristi,2,2016,11,0.06793762743473053,0.132394939661026
fit_2015_2019,15 Monte Cristi,2,2016,12,0.016984406858682632,0.060447171330451965
fit_2015_2019,15 Monte Cristi,2,2016,13,0.0,0.02416134811937809
fit_2015_2019,15 Monte Cristi,2,2016,14,0.016984406858682632,0.005731269251555204
fit_2015_2019,15 Monte Cristi,2,2016,15,0.016984406858682632,0.024787740781903267
fit_2015_2019,15 Monte Cristi,2,2016,16,0.016984406858682632,0.022128339856863022
fit_2015_2019,15 Monte Cristi,2,2016,17,0.033968809992074966,0.022599173709750175
fit_2015_2019,15 Monte Cristi,2,2016,18,0.0,0.035206619650125504
fit_2015_2019,15 Monte Cristi,2,2016,19,0.016984406858682632,0.0070068552158772945
fit_2015_2019,15 Monte Cristi,2,2016,20,0.0,0.022728852927684784
fit_2015_2019,15 Monte Cristi,2,2016,21,0.06793762743473053,0.014718016609549522
fit_2015_2019,15 Monte Cristi,2,2016,22,0.11889083683490753,0.0687018409371376
fit_2015_2019,15 Monte Cristi,2,2016,23,0.016984406858682632,0.10051782429218292
fit_2015_2019,15 Monte Cristi,2,2016,24,0.0,0.02138528972864151
fit_2015_2019,15 Monte Cristi,2,2016,25,0.0,0.00527214864268899
fit_2015_2019,15 Monte Cristi,2,2016,26,0.0,-0.0014748787507414818
fit_2015_2019,15 Monte Cristi,2,2016,27,0.0,0.0018638098845258355
fit_2015_2019,15 Monte Cristi,2,2016,28,0.0509532168507576,0.004321713466197252
fit_2015_2019,15 Monte Cristi,2,2016,29,0.0,0.04521823301911354
fit_2015_2019,15 Monte Cristi,2,2016,30,0.016984406858682632,0.0022161013912409544
fit_2015_2019,15 Monte Cristi,2,2016,31,0.016984406858682632,0.018270084634423256
fit_2015_2019,15 Monte Cristi,2,2016,32,0.033968809992074966,0.01802460290491581
fit_2015_2019,15 Monte Cristi,2,2016,33,0.016984406858682632,0.031434252858161926
fit_2015_2019,15 Monte Cristi,2,2016,34,0.0,0.01725618727505207
fit_2015_2019,15 Monte Cristi,2,2016,35,0.0,0.003459941828623414
fit_2015_2019,15 Monte Cristi,2,2016,36,0.0,0.0017435646150261164
fit_2015_2019,15 Monte Cristi,2,2016,37,0.0,-0.004832014907151461
fit_2015_2019,15 Monte Cristi,2,2016,38,0.0,-0.000864188012201339
fit_2015_2019,15 Monte Cristi,2,2016,39,0.033968809992074966,-0.002453798661008477
fit_2015_2019,15 Monte Cristi,2,2016,40,0.016984406858682632,0.02475828491151333
fit_2015_2019,15 Monte Cristi,2,2016,41,0.0,0.01102093979716301
fit_2015_2019,15 Monte Cristi,2,2016,42,0.0,0.0017793866572901607
fit_2015_2019,15 Monte Cristi,2,2016,43,0.0,0.00561357568949461
fit_2015_2019,15 Monte Cristi,2,2016,44,0.0,0.001993009587749839
fit_2015_2019,15 Monte Cristi,2,2016,45,0.0,-0.006225742399692535
fit_2015_2019,15 Monte Cristi,2,2016,46,0.0,0.00010446259693708271
fit_2015_2019,15 Monte Cristi,2,2016,47,0.016984406858682632,0.002381160156801343
fit_2015_2019,15 Monte Cristi,2,2016,48,0.08492203056812286,0.01157390233129263
fit_2015_2019,15 Monte Cristi,2,2016,49,0.033968809992074966,0.06809995323419571
fit_2015_2019,15 Monte Cristi,2,2016,50,0.016984406858682632,0.012876546941697598
fit_2015_2019,15 Monte Cristi,2,2016,51,0.0,0.008950456976890564
fit_2015_2019,15 Monte Cristi,2,2016,52,0.0509532168507576,0.004377687815576792
fit_2015_2019,15 Monte Cristi,2,2017,1,0.03377609699964523,0.055688273161649704
fit_2015_2019,15 Monte Cristi,2,2017,2,0.0,0.0320572592318058
fit_2015_2019,15 Monte Cristi,2,2017,3,0.0,0.001120065338909626
fit_2015_2019,15 Monte Cristi,2,2017,4,0.0,0.011311400681734085
fit_2015_2019,15 Monte Cristi,2,2017,5,0.0,0.014554974623024464
fit_2015_2019,15 Monte Cristi,2,2017,6,0.13510438799858093,0.007835120894014835
fit_2015_2019,15 Monte Cristi,2,2017,7,0.0,0.11427677422761917
fit_2015_2019,15 Monte Cristi,2,2017,8,0.0,-0.004194190260022879
fit_2015_2019,15 Monte Cristi,2,2017,9,0.016888048499822617,0.0024819986429065466
fit_2015_2019,15 Monte Cristi,2,2017,10,0.0,0.017304545268416405
fit_2015_2019,15 Monte Cristi,2,2017,11,0.0,0.005399295128881931
fit_2015_2019,15 Monte Cristi,2,2017,12,0.06755219399929047,0.002747409977018833
fit_2015_2019,15 Monte Cristi,2,2017,13,0.06755219399929047,0.06325775384902954
fit_2015_2019,15 Monte Cristi,2,2017,14,0.0,0.051204878836870193
fit_2015_2019,15 Monte Cristi,2,2017,15,0.0,-0.0025260676629841328
fit_2015_2019,15 Monte Cristi,2,2017,16,0.0,0.0028001682367175817
fit_2015_2019,15 Monte Cristi,2,2017,17,0.0,0.004962482955306768
fit_2015_2019,15 Monte Cristi,2,2017,18,0.0,-0.0009186292882077396
fit_2015_2019,15 Monte Cristi,2,2017,19,0.0,-7.070575975376414e-06
fit_2015_2019,15 Monte Cristi,2,2017,20,0.1013282835483551,0.003138644387945533
fit_2015_2019,15 Monte Cristi,2,2017,21,0.03377609699964523,0.08591452240943909
fit_2015_2019,15 Monte Cristi,2,2017,22,0.0,0.04159265756607056
fit_2015_2019,15 Monte Cristi,2,2017,23,0.0,0.0073996842838823795
fit_2015_2019,15 Monte Cristi,2,2017,24,0.0,0.0004987246356904507
fit_2015_2019,15 Monte Cristi,2,2017,25,0.0,0.002197467489168048
fit_2015_2019,15 Monte Cristi,2,2017,26,0.0,0.0012181513011455536
fit_2015_2019,15 Monte Cristi,2,2017,27,0.0,4.205941149848513e-05
fit_2015_2019,15 Monte Cristi,2,2017,28,0.0,0.003183078020811081
fit_2015_2019,15 Monte Cristi,2,2017,29,0.0,0.004444008227437735
fit_2015_2019,15 Monte Cristi,2,2017,30,0.0,0.0006162857753224671
fit_2015_2019,15 Monte Cristi,2,2017,31,0.0,-4.7149886086117476e-05
fit_2015_2019,15 Monte Cristi,2,2017,32,0.0,0.00174976687412709
fit_2015_2019,15 Monte Cristi,2,2017,33,0.016888048499822617,0.0010315057588741183
fit_2015_2019,15 Monte Cristi,2,2017,34,0.0,0.014213385060429573
fit_2015_2019,15 Monte Cristi,2,2017,35,0.0,0.0008849242585711181
fit_2015_2019,15 Monte Cristi,2,2017,36,0.0,-0.0005689506651833653
fit_2015_2019,15 Monte Cristi,2,2017,37,0.0,-0.00017920765094459057
fit_2015_2019,15 Monte Cristi,2,2017,38,0.0,-0.005263449624180794
fit_2015_2019,15 Monte Cristi,2,2017,39,0.0,-4.403568527777679e-05
fit_2015_2019,15 Monte Cristi,2,2017,40,0.016888048499822617,-0.005653307307511568
fit_2015_2019,15 Monte Cristi,2,2017,41,0.0,0.008721736259758472
fit_2015_2019,15 Monte Cristi,2,2017,42,0.0,-0.0015950693050399423
fit_2015_2019,15 Monte Cristi,2,2017,43,0.0,0.0006622591754421592
fit_2015_2019,15 Monte Cristi,2,2017,44,0.016888048499822617,0.0017000454245135188
fit_2015_2019,15 Monte Cristi,2,2017,45,0.0,0.01460773404687643
fit_2015_2019,15 Monte Cristi,2,2017,46,0.0,0.0003774244978558272
fit_2015_2019,15 Monte Cristi,2,2017,47,0.0,0.00581795908510685
fit_2015_2019,15 Monte Cristi,2,2017,48,0.0,-0.0010813286062330008
fit_2015_2019,15 Monte Cristi,2,2017,49,0.0,-0.0020241637248545885
fit_2015_2019,15 Monte Cristi,2,2017,50,0.0,0.0029781388584524393
fit_2015_2019,15 Monte Cristi,2,2017,51,0.0,0.0049390229396522045
fit_2015_2019,15 Monte Cristi,2,2017,52,0.0,0.005558887962251902
fit_2015_2019,15 Monte Cristi,2,2018,1,0.016787275671958923,0.00902191735804081
fit_2015_2019,15 Monte Cristi,2,2018,2,0.0,0.02692389115691185
fit_2015_2019,15 Monte Cristi,2,2018,3,0.016787275671958923,-0.006641959771513939
fit_2015_2019,15 Monte Cristi,2,2018,4,0.0,0.013301950879395008
fit_2015_2019,15 Monte Cristi,2,2018,5,0.0,0.005890697706490755
fit_2015_2019,15 Monte Cristi,2,2018,6,0.0,0.0038875797763466835
fit_2015_2019,15 Monte Cristi,2,2018,7,0.0,0.0051771667785942554
fit_2015_2019,15 Monte Cristi,2,2018,8,0.033574555069208145,0.008469044230878353
fit_2015_2019,15 Monte Cristi,2,2018,9,0.0,0.033949777483940125
fit_2015_2019,15 Monte Cristi,2,2018,10,0.08393638581037521,0.0008402120438404381
fit_2015_2019,15 Monte Cristi,2,2018,11,0.0,0.07387006282806396
fit_2015_2019,15 Monte Cristi,2,2018,12,0.0,0.000434548914199695
fit_2015_2019,15 Monte Cristi,2,2018,13,0.0,-0.0018037698464468122
fit_2015_2019,15 Monte Cristi,2,2018,14,0.016787275671958923,0.004596374463289976
fit_2015_2019,15 Monte Cristi,2,2018,15,0.016787275671958923,0.017510315403342247
fit_2015_2019,15 Monte Cristi,2,2018,16,0.0,0.013103080913424492
fit_2015_2019,15 Monte Cristi,2,2018,17,0.0,0.0008022462716326118
fit_2015_2019,15 Monte Cristi,2,2018,18,0.0,0.002934136427938938
fit_2015_2019,15 Monte Cristi,2,2018,19,0.0,0.002473103115335107
fit_2015_2019,15 Monte Cristi,2,2018,20,0.0,0.0008394998731091619
fit_2015_2019,15 Monte Cristi,2,2018,21,0.016787275671958923,0.0030322393868118525
fit_2015_2019,15 Monte Cristi,2,2018,22,0.0,0.016478992998600006
fit_2015_2019,15 Monte Cristi,2,2018,23,0.016787275671958923,0.006295109633356333
fit_2015_2019,15 Monte Cristi,2,2018,24,0.016787275671958923,0.016061684116721153
fit_2015_2019,15 Monte Cristi,2,2018,25,0.0,0.015367736108601093
fit_2015_2019,15 Monte Cristi,2,2018,26,0.0,0.00256046443246305
fit_2015_2019,15 Monte Cristi,2,2018,27,0.0,0.0038214477244764566
fit_2015_2019,15 Monte Cristi,2,2018,28,0.0,0.006066631060093641
fit_2015_2019,15 Monte Cristi,2,2018,29,0.016787275671958923,0.004350879695266485
fit_2015_2019,15 Monte Cristi,2,2018,30,0.0,0.014366216957569122
fit_2015_2019,15 Monte Cristi,2,2018,31,0.016787275671958923,0.003845891449600458
fit_2015_2019,15 Monte Cristi,2,2018,32,0.0,0.017093736678361893
fit_2015_2019,15 Monte Cristi,2,2018,33,0.033574555069208145,0.004883114248514175
fit_2015_2019,15 Monte Cristi,2,2018,34,0.0,0.03179062530398369
fit_2015_2019,15 Monte Cristi,2,2018,35,0.0,0.005587472580373287
fit_2015_2019,15 Monte Cristi,2,2018,36,0.0,0.004245597869157791
fit_2015_2019,15 Monte Cristi,2,2018,37,0.0,0.003798648016527295
fit_2015_2019,15 Monte Cristi,2,2018,38,0.0,0.004421759396791458
fit_2015_2019,15 Monte Cristi,2,2018,39,0.0,0.005013390444219112
fit_2015_2019,15 Monte Cristi,2,2018,40,0.0,0.00634831702336669
fit_2015_2019,15 Monte Cristi,2,2018,41,0.0,0.003647376550361514
fit_2015_2019,15 Monte Cristi,2,2018,42,0.016787275671958923,0.003203658852726221
fit_2015_2019,15 Monte Cristi,2,2018,43,0.0,0.017496980726718903
fit_2015_2019,15 Monte Cristi,2,2018,44,0.0,0.004525800701230764
fit_2015_2019,15 Monte Cristi,2,2018,45,0.0,0.006792296655476093
fit_2015_2019,15 Monte Cristi,2,2018,46,0.0,0.008678755722939968
fit_2015_2019,15 Monte Cristi,2,2018,47,0.0,0.007488103583455086
fit_2015_2019,15 Monte Cristi,2,2018,48,0.08393638581037521,0.008901706896722317
fit_2015_2019,15 Monte Cristi,2,2018,49,0.0,0.07834962010383606
fit_2015_2019,15 Monte Cristi,2,2018,50,0.033574555069208145,-0.0014958432875573635
fit_2015_2019,15 Monte Cristi,2,2018,51,0.0,0.037710607051849365
fit_2015_2019,15 Monte Cristi,2,2018,52,0.0,-0.0007811377290636301
fit_2015_2019,15 Monte Cristi,2,2019,1,0.016695857048034668,0.011820705607533455
fit_2015_2019,15 Monte Cristi,2,2019,2,0.06678342819213867,0.03507065027952194
fit_2015_2019,15 Monte Cristi,2,2019,3,0.033391714096069336,0.06547737866640091
fit_2015_2019,15 Monte Cristi,2,2019,4,0.06678342819213867,0.03347219154238701
fit_2015_2019,15 Monte Cristi,2,2019,5,0.08347928524017334,0.067087322473526
fit_2015_2019,15 Monte Cristi,2,2019,6,0.033391714096069336,0.07244934886693954
fit_2015_2019,15 Monte Cristi,2,2019,7,0.033391714096069336,0.027010725811123848
fit_2015_2019,15 Monte Cristi,2,2019,8,0.08347928524017334,0.03952566161751747
fit_2015_2019,15 Monte Cristi,2,2019,9,0.016695857048034668,0.07843836396932602
fit_2015_2019,15 Monte Cristi,2,2019,10,0.1001751571893692,0.022577039897441864
fit_2015_2019,15 Monte Cristi,2,2019,11,0.1502627283334732,0.09241143614053726
fit_2015_2019,15 Monte Cristi,2,2019,12,0.16695857048034668,0.12999263405799866
fit_2015_2019,15 Monte Cristi,2,2019,13,0.2003502994775772,0.14626280963420868
fit_2015_2019,15 Monte Cristi,2,2019,14,0.18365444242954254,0.17395973205566406
fit_2015_2019,15 Monte Cristi,2,2019,15,0.08347928524017334,0.16275717318058014
fit_2015_2019,15 Monte Cristi,2,2019,16,0.033391714096069336,0.07320688664913177
fit_2015_2019,15 Monte Cristi,2,2019,17,0.016695857048034668,0.02145586907863617
fit_2015_2019,15 Monte Cristi,2,2019,18,0.016695857048034668,0.008023012429475784
fit_2015_2019,15 Monte Cristi,2,2019,19,0.1001751571893692,0.019184241071343422
fit_2015_2019,15 Monte Cristi,2,2019,20,0.1001751571893692,0.09499727189540863
fit_2015_2019,15 Monte Cristi,2,2019,21,0.08347928524017334,0.094886414706707
fit_2015_2019,15 Monte Cristi,2,2019,22,0.2003502994775772,0.07702703773975372
fit_2015_2019,15 Monte Cristi,2,2019,23,0.08347928524017334,0.1744079887866974
fit_2015_2019,15 Monte Cristi,2,2019,24,0.11687100678682327,0.08312315493822098
fit_2015_2019,15 Monte Cristi,2,2019,25,0.25043785572052,0.11096536368131638
fit_2015_2019,15 Monte Cristi,2,2019,26,0.1001751571893692,0.20614458620548248
fit_2015_2019,15 Monte Cristi,2,2019,27,0.18365444242954254,0.10306619107723236
fit_2015_2019,15 Monte Cristi,2,2019,28,0.16695857048034668,0.18601176142692566
fit_2015_2019,15 Monte Cristi,2,2019,29,0.2003502994775772,0.16004325449466705
fit_2015_2019,15 Monte Cristi,2,2019,30,0.2003502994775772,0.20384861528873444
fit_2015_2019,15 Monte Cristi,2,2019,31,0.23374201357364655,0.20276322960853577
fit_2015_2019,15 Monte Cristi,2,2019,32,0.11687100678682327,0.2280755192041397
fit_2015_2019,15 Monte Cristi,2,2019,33,0.28382956981658936,0.13432039320468903
fit_2015_2019,15 Monte Cristi,2,2019,34,0.18365444242954254,0.26305490732192993
fit_2015_2019,15 Monte Cristi,2,2019,35,0.18365444242954254,0.1541772335767746
fit_2015_2019,15 Monte Cristi,2,2019,36,0.0500875748693943,0.161331906914711
fit_2015_2019,15 Monte Cristi,2,2019,37,0.1001751571893692,0.023153508082032204
fit_2015_2019,15 Monte Cristi,2,2019,38,0.0500875748693943,0.1027427539229393
fit_2015_2019,15 Monte Cristi,2,2019,39,0.0500875748693943,0.04480252042412758
fit_2015_2019,15 Monte Cristi,2,2019,40,0.13356685638427734,0.059790272265672684
fit_2015_2019,15 Monte Cristi,2,2019,41,0.033391714096069336,0.11496090888977051
fit_2015_2019,15 Monte Cristi,2,2019,42,0.016695857048034668,0.012270956300199032
fit_2015_2019,15 Monte Cristi,2,2019,43,0.016695857048034668,0.02782771736383438
fit_2015_2019,15 Monte Cristi,2,2019,44,0.0,0.02042216807603836
fit_2015_2019,15 Monte Cristi,2,2019,45,0.0500875748693943,0.011043630540370941
fit_2015_2019,15 Monte Cristi,2,2019,46,0.1001751571893692,0.052448488771915436
fit_2015_2019,15 Monte Cristi,2,2019,47,0.033391714096069336,0.08611708134412766
fit_2015_2019,15 Monte Cristi,2,2019,48,0.016695857048034668,0.02622956782579422
fit_2015_2019,15 Monte Cristi,2,2019,49,0.033391714096069336,0.02810061164200306
fit_2015_2019,15 Monte Cristi,2,2019,50,0.0500875748693943,0.03840969130396843
fit_2015_2019,15 Monte Cristi,2,2019,51,0.016695857048034668,0.044131238013505936
fit_2015_2019,15 Monte Cristi,2,2019,52,0.0,0.01662677526473999
fit_2015_2019,17 Peravia,3,2015,5,0.02033880725502968,0.019890472292900085
fit_2015_2019,17 Peravia,3,2015,6,0.02033880725502968,0.02010904811322689
fit_2015_2019,17 Peravia,3,2015,7,0.0,0.022228891029953957
fit_2015_2019,17 Peravia,3,2015,8,0.0,0.00559521559625864
fit_2015_2019,17 Peravia,3,2015,9,0.030508210882544518,0.0023067223373800516
fit_2015_2019,17 Peravia,3,2015,10,0.04067761451005936,0.028110289946198463
fit_2015_2019,17 Peravia,3,2015,11,0.02033880725502968,0.04025867208838463
fit_2015_2019,17 Peravia,3,2015,12,0.02033880725502968,0.02301196940243244
fit_2015_2019,17 Peravia,3,2015,13,0.01016940362751484,0.02175995148718357
fit_2015_2019,17 Peravia,3,2015,14,0.02033880725502968,0.015025007538497448
fit_2015_2019,17 Peravia,3,2015,15,0.0,0.022241896018385887
fit_2015_2019,17 Peravia,3,2015,16,0.01016940362751484,0.004976904019713402
fit_2015_2019,17 Peravia,3,2015,17,0.030508210882544518,0.011030212044715881
fit_2015_2019,17 Peravia,3,2015,18,0.01016940362751484,0.03170552849769592
fit_2015_2019,17 Peravia,3,2015,19,0.01016940362751484,0.014290394261479378
fit_2015_2019,17 Peravia,3,2015,20,0.0,0.013719473965466022
fit_2015_2019,17 Peravia,3,2015,21,0.01016940362751484,0.004630644340068102
fit_2015_2019,17 Peravia,3,2015,22,0.04067761451005936,0.010991862043738365
fit_2015_2019,17 Peravia,3,2015,23,0.030508210882544518,0.03810597583651543
fit_2015_2019,17 Peravia,3,2015,24,0.01016940362751484,0.03216075524687767
fit_2015_2019,17 Peravia,3,2015,25,0.01016940362751484,0.01455897931009531
fit_2015_2019,17 Peravia,3,2015,26,0.050847020000219345,0.012462418526411057
fit_2015_2019,17 Peravia,3,2015,27,0.04067761451005936,0.048419635742902756
fit_2015_2019,17 Peravia,3,2015,28,0.030508210882544518,0.04184727370738983
fit_2015_2019,17 Peravia,3,2015,29,0.02033880725502968,0.030006475746631622
fit_2015_2019,17 Peravia,3,2015,30,0.030508210882544518,0.0206464733928442
fit_2015_2019,17 Peravia,3,2015,31,0.030508210882544518,0.02949356660246849
fit_2015_2019,17 Peravia,3,2015,32,0.04067761451005936,0.028584808111190796
fit_2015_2019,17 Peravia,3,2015,33,0.02033880725502968,0.037534087896347046
fit_2015_2019,17 Peravia,3,2015,34,0.01016940362751484,0.020758282393217087
fit_2015_2019,17 Peravia,3,2015,35,0.02033880725502968,0.012055537663400173
fit_2015_2019,17 Peravia,3,2015,36,0.04067761451005936,0.02342289686203003
fit_2015_2019,17 Peravia,3,2015,37,0.050847020000219345,0.04266347363591194
fit_2015_2019,17 Peravia,3,2015,38,0.13220225274562836,0.05458984524011612
fit_2015_2019,17 Peravia,3,2015,39,0.02033880725502968,0.11551076173782349
fit_2015_2019,17 Peravia,3,2015,40,0.10169404000043869,0.032363876700401306
fit_2015_2019,17 Peravia,3,2015,41,0.1728798747062683,0.0956534892320633
fit_2015_2019,17 Peravia,3,2015,42,0.08135523647069931,0.15382251143455505
fit_2015_2019,17 Peravia,3,2015,43,0.13220225274562836,0.08558175712823868
fit_2015_2019,17 Peravia,3,2015,44,0.10169404000043869,0.1271902471780777
fit_2015_2019,17 Peravia,3,2015,45,0.11186344176530838,0.0972629189491272
fit_2015_2019,17 Peravia,3,2015,46,0.061016425490379333,0.10945581644773483
fit_2015_2019,17 Peravia,3,2015,47,0.10169404000043869,0.062157172709703445
fit_2015_2019,17 Peravia,3,2015,48,0.061016425490379333,0.09421396255493164
fit_2015_2019,17 Peravia,3,2015,49,0.07118581980466843,0.06541489064693451
fit_2015_2019,17 Peravia,3,2015,50,0.21355746686458588,0.07267624884843826
fit_2015_2019,17 Peravia,3,2015,51,0.0915246307849884,0.18931744992733002
fit_2015_2019,17 Peravia,3,2015,52,0.14237165451049805,0.10860997438430786
fit_2015_2019,17 Peravia,3,2016,1,0.17178422212600708,0.1414136439561844
fit_2015_2019,17 Peravia,3,2016,2,0.07073467969894409,0.14772142469882965
fit_2015_2019,17 Peravia,3,2016,3,0.14146937429904938,0.07342758029699326
fit_2015_2019,17 Peravia,3,2016,4,0.14146937429904938,0.12372506409883499
fit_2015_2019,17 Peravia,3,2016,5,0.09094458818435669,0.12348092347383499
fit_2015_2019,17 Peravia,3,2016,6,0.040419816970825195,0.08962149918079376
fit_2015_2019,17 Peravia,3,2016,7,0.050524771213531494,0.04746897146105766
fit_2015_2019,17 Peravia,3,2016,8,0.020209910348057747,0.050713591277599335
fit_2015_2019,17 Peravia,3,2016,9,0.020209910348057747,0.026616279035806656
fit_2015_2019,17 Peravia,3,2016,10,0.0,0.026004783809185028
fit_2015_2019,17 Peravia,3,2016,11,0.020209910348057747,0.005556565709412098
fit_2015_2019,17 Peravia,3,2016,12,0.030314862728118896,0.021817246451973915
fit_2015_2019,17 Peravia,3,2016,13,0.050524771213531494,0.033697158098220825
fit_2015_2019,17 Peravia,3,2016,14,0.030314862728118896,0.05069392919540405
fit_2015_2019,17 Peravia,3,2016,15,0.030314862728118896,0.037509508430957794
fit_2015_2019,17 Peravia,3,2016,16,0.0,0.035481344908475876
fit_2015_2019,17 Peravia,3,2016,17,0.0,0.010252496227622032
fit_2015_2019,17 Peravia,3,2016,18,0.020209910348057747,0.005133423488587141
fit_2015_2019,17 Peravia,3,2016,19,0.0,0.018480578437447548
fit_2015_2019,17 Peravia,3,2016,20,0.0,0.006530132610350847
fit_2015_2019,17 Peravia,3,2016,21,0.0,0.00630158931016922
fit_2015_2019,17 Peravia,3,2016,22,0.010104955174028873,0.0049608731642365456
fit_2015_2019,17 Peravia,3,2016,23,0.040419816970825195,0.013609061948955059
fit_2015_2019,17 Peravia,3,2016,24,0.10104954242706299,0.039782434701919556
fit_2015_2019,17 Peravia,3,2016,25,0.010104955174028873,0.09389045089483261
fit_2015_2019,17 Peravia,3,2016,26,0.050524771213531494,0.020161446183919907
fit_2015_2019,17 Peravia,3,2016,27,0.010104955174028873,0.04820869490504265
fit_2015_2019,17 Peravia,3,2016,28,0.0,0.013965600170195103
fit_2015_2019,17 Peravia,3,2016,29,0.030314862728118896,0.0005883740377612412
fit_2015_2019,17 Peravia,3,2016,30,0.010104955174028873,0.02741328999400139
fit_2015_2019,17 Peravia,3,2016,31,0.040419816970825195,0.009533785283565521
fit_2015_2019,17 Peravia,3,2016,32,0.020209910348057747,0.034653209149837494
fit_2015_2019,17 Peravia,3,2016,33,0.0,0.018678976222872734
fit_2015_2019,17 Peravia,3,2016,34,0.020209910348057747,0.001556253875605762
fit_2015_2019,17 Peravia,3,2016,35,0.010104955174028873,0.01754012331366539
fit_2015_2019,17 Peravia,3,2016,36,0.0,0.01077164988964796
fit_2015_2019,17 Peravia,3,2016,37,0.0,0.0028833849355578423
fit_2015_2019,17 Peravia,3,2016,38,0.0,0.0017343582585453987
fit_2015_2019,17 Peravia,3,2016,39,0.0,0.0008781345095485449
fit_2015_2019,17 Peravia,3,2016,40,0.010104955174028873,-0.0014500711113214493
fit_2015_2019,17 Peravia,3,2016,41,0.0,0.010913749225437641
fit_2015_2019,17 Peravia,3,2016,42,0.0,0.00276337587274611
fit_2015_2019,17 Peravia,3,2016,43,0.0,0.003369190264493227
fit_2015_2019,17 Peravia,3,2016,44,0.0,-0.0008216140558943152
fit_2015_2019,17 Peravia,3,2016,45,0.0,0.0015988078666850924
fit_2015_2019,17 Peravia,3,2016,46,0.0,0.0014117518439888954
fit_2015_2019,17 Peravia,3,2016,47,0.0,0.0011600087163969874
fit_2015_2019,17 Peravia,3,2016,48,0.010104955174028873,0.0007324068574234843
fit_2015_2019,17 Peravia,3,2016,49,0.020209910348057747,0.012102710083127022
fit_2015_2019,17 Peravia,3,2016,50,0.0,0.017892030999064445
fit_2015_2019,17 Peravia,3,2016,51,0.0,0.0016234642826020718
fit_2015_2019,17 Peravia,3,2016,52,0.0,-0.00012030473590129986
fit_2015_2019,17 Peravia,3,2017,1,0.0,-0.00040879310108721256
fit_2015_2019,17 Peravia,3,2017,2,0.0,-0.0015251802979037166
fit_2015_2019,17 Peravia,3,2017,3,0.0,-0.0013891225680708885
fit_2015_2019,17 Peravia,3,2017,4,0.0,-0.0004661300336010754
fit_2015_2019,17 Peravia,3,2017,5,0.0,0.0010825328063219786
fit_2015_2019,17 Peravia,3,2017,6,0.0,-0.00021898210979998112
fit_2015_2019,17 Peravia,3,2017,7,0.0,0.0015188467223197222
fit_2015_2019,17 Peravia,3,2017,8,0.0,-0.0013721140567213297
fit_2015_2019,17 Peravia,3,2017,9,0.010041938163340092,-0.001300948322750628
fit_2015_2019,17 Peravia,3,2017,10,0.0,0.009836947545409203
fit_2015_2019,17 Peravia,3,2017,11,0.0,0.0022593217436224222
fit_2015_2019,17 Peravia,3,2017,12,0.0,-0.0006581911002285779
fit_2015_2019,17 Peravia,3,2017,13,0.0,0.0005702697671949863
fit_2015_2019,17 Peravia,3,2017,14,0.010041938163340092,0.0007059084018692374
fit_2015_2019,17 Peravia,3,2017,15,0.0,0.011362825520336628
fit_2015_2019,17 Peravia,3,2017,16,0.0,0.0022205293644219637
fit_2015_2019,17 Peravia,3,2017,17,0.0,0.0035992846824228764
fit_2015_2019,17 Peravia,3,2017,18,0.0,0.0030912940856069326
fit_2015_2019,17 Peravia,3,2017,19,0.0,0.0024758256040513515
fit_2015_2019,17 Peravia,3,2017,20,0.010041938163340092,0.001172107644379139
fit_2015_2019,17 Peravia,3,2017,21,0.010041938163340092,0.008809886872768402
fit_2015_2019,17 Peravia,3,2017,22,0.010041938163340092,0.013126860372722149
fit_2015_2019,17 Peravia,3,2017,23,0.0,0.01261588092893362
fit_2015_2019,17 Peravia,3,2017,24,0.0,0.0035171075724065304
fit_2015_2019,17 Peravia,3,2017,25,0.0,0.001901196432299912
fit_2015_2019,17 Peravia,3,2017,26,0.0,0.002198632340878248
fit_2015_2019,17 Peravia,3,2017,27,0.0,0.001942253322340548
fit_2015_2019,17 Peravia,3,2017,28,0.0,0.0002966143365483731
fit_2015_2019,17 Peravia,3,2017,29,0.0,-0.0004873280122410506
fit_2015_2019,17 Peravia,3,2017,30,0.0,0.00028420178568921983
fit_2015_2019,17 Peravia,3,2017,31,0.0,0.001000233693048358
fit_2015_2019,17 Peravia,3,2017,32,0.0,2.066067281702999e-05
fit_2015_2019,17 Peravia,3,2017,33,0.0,0.0005191309610381722
fit_2015_2019,17 Peravia,3,2017,34,0.0,0.0008324345690198243
fit_2015_2019,17 Peravia,3,2017,35,0.0,0.0010358017170801759
fit_2015_2019,17 Peravia,3,2017,36,0.0,0.0011794290039688349
fit_2015_2019,17 Peravia,3,2017,37,0.0,0.0029238208662718534
fit_2015_2019,17 Peravia,3,2017,38,0.0,0.002813284518197179
fit_2015_2019,17 Peravia,3,2017,39,0.04016775265336037,0.003230047645047307
fit_2015_2019,17 Peravia,3,2017,40,0.0,0.03212613984942436
fit_2015_2019,17 Peravia,3,2017,41,0.020083876326680183,0.0038552219048142433
fit_2015_2019,17 Peravia,3,2017,42,0.020083876326680183,0.015812190249562263
fit_2015_2019,17 Peravia,3,2017,43,0.0,0.019377509132027626
fit_2015_2019,17 Peravia,3,2017,44,0.0,0.0015039379941299558
fit_2015_2019,17 Peravia,3,2017,45,0.0,0.0013652590569108725
fit_2015_2019,17 Peravia,3,2017,46,0.0,0.003171993652358651
fit_2015_2019,17 Peravia,3,2017,47,0.010041938163340092,0.0018996436847373843
fit_2015_2019,17 Peravia,3,2017,48,0.0,0.011944247409701347
fit_2015_2019,17 Peravia,3,2017,49,0.010041938163340092,0.0014259727904573083
fit_2015_2019,17 Peravia,3,2017,50,0.0,0.009113666601479053
fit_2015_2019,17 Peravia,3,2017,51,0.010041938163340092,-0.00012535933637991548
fit_2015_2019,17 Peravia,3,2017,52,0.0,0.008024296723306179
fit_2015_2019,17 Peravia,3,2018,1,0.0,0.0006771628395654261
fit_2015_2019,17 Peravia,3,2018,2,0.0,-0.001411670004017651
fit_2015_2019,17 Peravia,3,2018,3,0.0,-0.0019625104032456875
fit_2015_2019,17 Peravia,3,2018,4,0.0,0.00011194751277798787
fit_2015_2019,17 Peravia,3,2018,5,0.0,0.00019228816381655633
fit_2015_2019,17 Peravia,3,2018,6,0.0,-0.0013567756395787
fit_2015_2019,17 Peravia,3,2018,7,0.0,0.0010166564024984837
fit_2015_2019,17 Peravia,3,2018,8,0.0,-0.000616959820035845
fit_2015_2019,17 Peravia,3,2018,9,0.0,-0.0024925386533141136
fit_2015_2019,17 Peravia,3,2018,10,0.0,-0.0007362336618825793
fit_2015_2019,17 Peravia,3,2018,11,0.0,0.0006602499051950872
fit_2015_2019,17 Peravia,3,2018,12,0.0,0.0013266579480841756
fit_2015_2019,17 Peravia,3,2018,13,0.0,0.0010621894616633654
fit_2015_2019,17 Peravia,3,2018,14,0.0,-0.00016928893455769867
fit_2015_2019,17 Peravia,3,2018,15,0.0,0.0012324366252869368
fit_2015_2019,17 Peravia,3,2018,16,0.0,0.000577254977542907
fit_2015_2019,17 Peravia,3,2018,17,0.0,0.00027942462475039065
fit_2015_2019,17 Peravia,3,2018,18,0.0,0.0009165953379124403
fit_2015_2019,17 Peravia,3,2018,19,0.0,0.0026857645716518164
fit_2015_2019,17 Peravia,3,2018,20,0.0,0.0014395560137927532
fit_2015_2019,17 Peravia,3,2018,21,0.0,0.0017775169108062983
fit_2015_2019,17 Peravia,3,2018,22,0.0,0.0013627969892695546
fit_2015_2019,17 Peravia,3,2018,23,0.0,0.002621422288939357
fit_2015_2019,17 Peravia,3,2018,24,0.0,0.0019624391570687294
fit_2015_2019,17 Peravia,3,2018,25,0.0,0.0014289460377767682
fit_2015_2019,17 Peravia,3,2018,26,0.0,0.00233263592235744
fit_2015_2019,17 Peravia,3,2018,27,0.0,0.0012046158080920577
fit_2015_2019,17 Peravia,3,2018,28,0.0,0.0018615630688145757
fit_2015_2019,17 Peravia,3,2018,29,0.0,0.0006563022034242749
fit_2015_2019,17 Peravia,3,2018,30,0.0,0.0011678185546770692
fit_2015_2019,17 Peravia,3,2018,31,0.0,0.0014342025388032198
fit_2015_2019,17 Peravia,3,2018,32,0.0,0.0004922357038594782
fit_2015_2019,17 Peravia,3,2018,33,0.0,0.0016435838770121336
fit_2015_2019,17 Peravia,3,2018,34,0.0,0.0012435480020940304
fit_2015_2019,17 Peravia,3,2018,35,0.0,0.0008259136229753494
fit_2015_2019,17 Peravia,3,2018,36,0.0,0.002508966252207756
fit_2015_2019,17 Peravia,3,2018,37,0.0,0.0033944733440876007
fit_2015_2019,17 Peravia,3,2018,38,0.0,0.0033563098404556513
fit_2015_2019,17 Peravia,3,2018,39,0.009976941160857677,0.0023242568131536245
fit_2015_2019,17 Peravia,3,2018,40,0.0,0.008545857854187489
fit_2015_2019,17 Peravia,3,2018,41,0.0,0.0015564702916890383
fit_2015_2019,17 Peravia,3,2018,42,0.0,0.0058973622508347034
fit_2015_2019,17 Peravia,3,2018,43,0.009976941160857677,0.0027026855386793613
fit_2015_2019,17 Peravia,3,2018,44,0.0,0.010218871757388115
fit_2015_2019,17 Peravia,3,2018,45,0.0,-0.0006800327682867646
fit_2015_2019,17 Peravia,3,2018,46,0.0,0.0007869082037359476
fit_2015_2019,17 Peravia,3,2018,47,0.0,0.0005621962482109666
fit_2015_2019,17 Peravia,3,2018,48,0.019953882321715355,0.00043069530511274934
fit_2015_2019,17 Peravia,3,2018,49,0.0,0.021955452859401703
fit_2015_2019,17 Peravia,3,2018,50,0.0,0.0018173783319070935
fit_2015_2019,17 Peravia,3,2018,51,0.0,-0.00027558134752325714
fit_2015_2019,17 Peravia,3,2018,52,0.0,0.0004186276928521693
fit_2015_2019,17 Peravia,3,2019,1,0.019835054874420166,-9.512448741588742e-05
fit_2015_2019,17 Peravia,3,2019,2,0.019835054874420166,0.014955821447074413
fit_2015_2019,17 Peravia,3,2019,3,0.0,0.015320686623454094
fit_2015_2019,17 Peravia,3,2019,4,0.0,0.00012573272397276014
fit_2015_2019,17 Peravia,3,2019,5,0.009917526505887508,0.0010138298384845257
fit_2015_2019,17 Peravia,3,2019,6,0.03967010974884033,0.009722194634377956
fit_2015_2019,17 Peravia,3,2019,7,0.04958763346076012,0.03843912109732628
fit_2015_2019,17 Peravia,3,2019,8,0.04958763346076012,0.0492686852812767
fit_2015_2019,17 Peravia,3,2019,9,0.02975258231163025,0.049286022782325745
fit_2015_2019,17 Peravia,3,2019,10,0.08925774693489075,0.03443324193358421
fit_2015_2019,17 Peravia,3,2019,11,0.07934021949768066,0.08401153236627579
fit_2015_2019,17 Peravia,3,2019,12,0.07934021949768066,0.08334355801343918
fit_2015_2019,17 Peravia,3,2019,13,0.06942269206047058,0.08500868082046509
fit_2015_2019,17 Peravia,3,2019,14,0.10909279435873032,0.07700776308774948
fit_2015_2019,17 Peravia,3,2019,15,0.06942269206047058,0.10834446549415588
fit_2015_2019,17 Peravia,3,2019,16,0.14876291155815125,0.08167920261621475
fit_2015_2019,17 Peravia,3,2019,17,0.0595051646232605,0.14547380805015564
fit_2015_2019,17 Peravia,3,2019,18,0.1685979813337326,0.08015882968902588
fit_2015_2019,17 Peravia,3,2019,19,0.24793818593025208,0.15840168297290802
fit_2015_2019,17 Peravia,3,2019,20,0.2975258231163025,0.23217083513736725
fit_2015_2019,17 Peravia,3,2019,21,0.22810311615467072,0.28281018137931824
fit_2015_2019,17 Peravia,3,2019,22,0.14876291155815125,0.22031554579734802
fit_2015_2019,17 Peravia,3,2019,23,0.1685979813337326,0.1403334140777588
fit_2015_2019,17 Peravia,3,2019,24,0.1785154938697815,0.1425171196460724
fit_2015_2019,17 Peravia,3,2019,25,0.13884538412094116,0.15987226366996765
fit_2015_2019,17 Peravia,3,2019,26,0.18843302130699158,0.13409624993801117
fit_2015_2019,17 Peravia,3,2019,27,0.1785154938697815,0.1754753142595291
fit_2015_2019,17 Peravia,3,2019,28,0.21818560361862183,0.17320400476455688
fit_2015_2019,17 Peravia,3,2019,29,0.09917527437210083,0.19156377017498016
fit_2015_2019,17 Peravia,3,2019,30,0.07934021949768066,0.09212146699428558
fit_2015_2019,17 Peravia,3,2019,31,0.09917527437210083,0.06753772497177124
fit_2015_2019,17 Peravia,3,2019,32,0.009917526505887508,0.07753955572843552
fit_2015_2019,17 Peravia,3,2019,33,0.04958763346076012,0.014690741896629333
fit_2015_2019,17 Peravia,3,2019,34,0.04958763346076012,0.04674861952662468
fit_2015_2019,17 Peravia,3,2019,35,0.04958763346076012,0.04568609967827797
fit_2015_2019,17 Peravia,3,2019,36,0.04958763346076012,0.048187173902988434
fit_2015_2019,17 Peravia,3,2019,37,0.07934021949768066,0.05536109581589699
fit_2015_2019,17 Peravia,3,2019,38,0.02975258231163025,0.07879780977964401
fit_2015_2019,17 Peravia,3,2019,39,0.0595051646232605,0.04072326794266701
fit_2015_2019,17 Peravia,3,2019,40,0.02975258231163025,0.060891151428222656
fit_2015_2019,17 Peravia,3,2019,41,0.09917527437210083,0.03754705935716629
fit_2015_2019,17 Peravia,3,2019,42,0.0595051646232605,0.08875755965709686
fit_2015_2019,17 Peravia,3,2019,43,0.04958763346076012,0.06177641823887825
fit_2015_2019,17 Peravia,3,2019,44,0.019835054874420166,0.052030447870492935
fit_2015_2019,17 Peravia,3,2019,45,0.08925774693489075,0.024240970611572266
fit_2015_2019,17 Peravia,3,2019,46,0.009917526505887508,0.08035976439714432
fit_2015_2019,17 Peravia,3,2019,47,0.02975258231163025,0.01714434288442135
fit_2015_2019,17 Peravia,3,2019,48,0.03967010974884033,0.02924264781177044
fit_2015_2019,17 Peravia,3,2019,49,0.03967010974884033,0.0383751280605793
fit_2015_2019,17 Peravia,3,2019,50,0.019835054874420166,0.04268311336636543
fit_2015_2019,17 Peravia,3,2019,51,0.019835054874420166,0.023381805047392845
fit_2015_2019,17 Peravia,3,2019,52,0.0,0.02063032053411007
fit_2015_2019,18 Puerto Plata,2,2015,5,0.0,0.01908106356859207
fit_2015_2019,18 Puerto Plata,2,2015,6,0.0,0.008886915631592274
fit_2015_2019,18 Puerto Plata,2,2015,7,0.0,0.0010011212434619665
fit_2015_2019,18 Puerto Plata,2,2015,8,0.0059264302253723145,0.00216640904545784
fit_2015_2019,18 Puerto Plata,2,2015,9,0.011852860450744629,0.00986611656844616
fit_2015_2019,18 Puerto Plata,2,2015,10,0.0,0.01229767594486475
fit_2015_2019,18 Puerto Plata,2,2015,11,0.0,0.00404276791960001
fit_2015_2019,18 Puerto Plata,2,2015,12,0.0,0.0030701777432113886
fit_2015_2019,18 Puerto Plata,2,2015,13,0.0059264302253723145,0.00244259275496006
fit_2015_2019,18 Puerto Plata,2,2015,14,0.017779290676116943,0.007578033953905106
fit_2015_2019,18 Puerto Plata,2,2015,15,0.011852860450744629,0.015005144290626049
fit_2015_2019,18 Puerto Plata,2,2015,16,0.017779290676116943,0.011623919010162354
fit_2015_2019,18 Puerto Plata,2,2015,17,0.0059264302253723145,0.016468344256281853
fit_2015_2019,18 Puerto Plata,2,2015,18,0.0059264302253723145,0.009647403843700886
fit_2015_2019,18 Puerto Plata,2,2015,19,0.011852860450744629,0.006314380094408989
fit_2015_2019,18 Puerto Plata,2,2015,20,0.0059264302253723145,0.015692394226789474
fit_2015_2019,18 Puerto Plata,2,2015,21,0.017779290676116943,0.01243655476719141
fit_2015_2019,18 Puerto Plata,2,2015,22,0.017779290676116943,0.018597397953271866
fit_2015_2019,18 Puerto Plata,2,2015,23,0.017779290676116943,0.020192012190818787
fit_2015_2019,18 Puerto Plata,2,2015,24,0.017779290676116943,0.020567314699292183
fit_2015_2019,18 Puerto Plata,2,2015,25,0.0059264302253723145,0.020927313715219498
fit_2015_2019,18 Puerto Plata,2,2015,26,0.011852860450744629,0.012128837406635284
fit_2015_2019,18 Puerto Plata,2,2015,27,0.029632151126861572,0.015678340569138527
fit_2015_2019,18 Puerto Plata,2,2015,28,0.023705720901489258,0.028440069407224655
fit_2015_2019,18 Puerto Plata,2,2015,29,0.05333787202835083,0.02793910540640354
fit_2015_2019,18 Puerto Plata,2,2015,30,0.05926430597901344,0.05040958151221275
fit_2015_2019,18 Puerto Plata,2,2015,31,0.0414850153028965,0.058724623173475266
fit_2015_2019,18 Puerto Plata,2,2015,32,0.05926430597901344,0.04886539652943611
fit_2015_2019,18 Puerto Plata,2,2015,33,0.0414850153028965,0.06081191450357437
fit_2015_2019,18 Puerto Plata,2,2015,34,0.023705720901489258,0.051257748156785965
fit_2015_2019,18 Puerto Plata,2,2015,35,0.047411441802978516,0.037526026368141174
fit_2015_2019,18 Puerto Plata,2,2015,36,0.08889645338058472,0.05333798751235008
fit_2015_2019,18 Puerto Plata,2,2015,37,0.0829700231552124,0.0848325565457344
fit_2015_2019,18 Puerto Plata,2,2015,38,0.08889645338058472,0.08641349524259567
fit_2015_2019,18 Puerto Plata,2,2015,39,0.07111716270446777,0.09381864219903946
fit_2015_2019,18 Puerto Plata,2,2015,40,0.10667575150728226,0.08339643478393555
fit_2015_2019,18 Puerto Plata,2,2015,41,0.1244550347328186,0.10779828578233719
fit_2015_2019,18 Puerto Plata,2,2015,42,0.17186647653579712,0.12310926616191864
fit_2015_2019,18 Puerto Plata,2,2015,43,0.165940061211586,0.15700969099998474
fit_2015_2019,18 Puerto Plata,2,2015,44,0.0829700231552124,0.14810436964035034
fit_2015_2019,18 Puerto Plata,2,2015,45,0.13630791008472443,0.09203031659126282
fit_2015_2019,18 Puerto Plata,2,2015,46,0.13038146495819092,0.1254454106092453
fit_2015_2019,18 Puerto Plata,2,2015,47,0.10074931383132935,0.11364997923374176
fit_2015_2019,18 Puerto Plata,2,2015,48,0.10667575150728226,0.09204558283090591
fit_2015_2019,18 Puerto Plata,2,2015,49,0.0829700231552124,0.09669607132673264
fit_2015_2019,18 Puerto Plata,2,2015,50,0.03555858135223389,0.0754128098487854
fit_2015_2019,18 Puerto Plata,2,2015,51,0.047411441802978516,0.042084164917469025
fit_2015_2019,18 Puerto Plata,2,2015,52,0.10074931383132935,0.05127103254199028
fit_2015_2019,18 Puerto Plata,2,2016,1,0.09453970193862915,0.08809477090835571
fit_2015_2019,18 Puerto Plata,2,2016,2,0.09453970193862915,0.0902547612786293
fit_2015_2019,18 Puerto Plata,2,2016,3,0.0531785786151886,0.09172484278678894
fit_2015_2019,18 Puerto Plata,2,2016,4,0.06499604135751724,0.05858056619763374
fit_2015_2019,18 Puerto Plata,2,2016,5,0.07090476900339127,0.06124161183834076
fit_2015_2019,18 Puerto Plata,2,2016,6,0.06499604135751724,0.06690998375415802
fit_2015_2019,18 Puerto Plata,2,2016,7,0.11226588487625122,0.06101483479142189
fit_2015_2019,18 Puerto Plata,2,2016,8,0.06499604135751724,0.09258817136287689
fit_2015_2019,18 Puerto Plata,2,2016,9,0.06499604135751724,0.06565887480974197
fit_2015_2019,18 Puerto Plata,2,2016,10,0.08272223174571991,0.0613003633916378
fit_2015_2019,18 Puerto Plata,2,2016,11,0.02363492362201214,0.07236754149198532
fit_2015_2019,18 Puerto Plata,2,2016,12,0.08272223174571991,0.034240975975990295
fit_2015_2019,18 Puerto Plata,2,2016,13,0.02954365499317646,0.06732628494501114
fit_2015_2019,18 Puerto Plata,2,2016,14,0.03545238450169563,0.0355384387075901
fit_2015_2019,18 Puerto Plata,2,2016,15,0.04136111959815025,0.03388914838433266
fit_2015_2019,18 Puerto Plata,2,2016,16,0.04726984724402428,0.03845028206706047
fit_2015_2019,18 Puerto Plata,2,2016,17,0.03545238450169563,0.04511231556534767
fit_2015_2019,18 Puerto Plata,2,2016,18,0.03545238450169563,0.03702040761709213
fit_2015_2019,18 Puerto Plata,2,2016,19,0.02363492362201214,0.03435971215367317
fit_2015_2019,18 Puerto Plata,2,2016,20,0.05908730998635292,0.03171844035387039
fit_2015_2019,18 Puerto Plata,2,2016,21,0.0531785786151886,0.05343671888113022
fit_2015_2019,18 Puerto Plata,2,2016,22,0.011817460879683495,0.04906560108065605
fit_2015_2019,18 Puerto Plata,2,2016,23,0.02954365499317646,0.01851469837129116
fit_2015_2019,18 Puerto Plata,2,2016,24,0.017726194113492966,0.02733764238655567
fit_2015_2019,18 Puerto Plata,2,2016,25,0.017726194113492966,0.02123303711414337
fit_2015_2019,18 Puerto Plata,2,2016,26,0.0,0.018736332654953003
fit_2015_2019,18 Puerto Plata,2,2016,27,0.011817460879683495,0.006637380924075842
fit_2015_2019,18 Puerto Plata,2,2016,28,0.005908731836825609,0.01199814397841692
fit_2015_2019,18 Puerto Plata,2,2016,29,0.0,0.008584795519709587
fit_2015_2019,18 Puerto Plata,2,2016,30,0.0,0.002691785804927349
fit_2015_2019,18 Puerto Plata,2,2016,31,0.011817460879683495,0.0004457036266103387
fit_2015_2019,18 Puerto Plata,2,2016,32,0.011817460879683495,0.00896301306784153
fit_2015_2019,18 Puerto Plata,2,2016,33,0.005908731836825609,0.0105117317289114
fit_2015_2019,18 Puerto Plata,2,2016,34,0.0,0.006039507687091827
fit_2015_2019,18 Puerto Plata,2,2016,35,0.017726194113492966,-0.00013008613314013928
fit_2015_2019,18 Puerto Plata,2,2016,36,0.011817460879683495,0.014051043428480625
fit_2015_2019,18 Puerto Plata,2,2016,37,0.017726194113492966,0.010162497870624065
fit_2015_2019,18 Puerto Plata,2,2016,38,0.017726194113492966,0.014101997017860413
fit_2015_2019,18 Puerto Plata,2,2016,39,0.011817460879683495,0.01576867140829563
fit_2015_2019,18 Puerto Plata,2,2016,40,0.011817460879683495,0.011984932236373425
fit_2015_2019,18 Puerto Plata,2,2016,41,0.0,0.012441408820450306
fit_2015_2019,18 Puerto Plata,2,2016,42,0.011817460879683495,0.004857660736888647
fit_2015_2019,18 Puerto Plata,2,2016,43,0.017726194113492966,0.010343708097934723
fit_2015_2019,18 Puerto Plata,2,2016,44,0.017726194113492966,0.015488849021494389
fit_2015_2019,18 Puerto Plata,2,2016,45,0.0,0.016002990305423737
fit_2015_2019,18 Puerto Plata,2,2016,46,0.005908731836825609,0.003960438538342714
fit_2015_2019,18 Puerto Plata,2,2016,47,0.005908731836825609,0.004410197492688894
fit_2015_2019,18 Puerto Plata,2,2016,48,0.017726194113492966,0.007006598636507988
fit_2015_2019,18 Puerto Plata,2,2016,49,0.02363492362201214,0.01745498552918434
fit_2015_2019,18 Puerto Plata,2,2016,50,0.011817460879683495,0.01805035211145878
fit_2015_2019,18 Puerto Plata,2,2016,51,0.005908731836825609,0.010298486799001694
fit_2015_2019,18 Puerto Plata,2,2016,52,0.005908731836825609,0.006668393965810537
fit_2015_2019,18 Puerto Plata,2,2017,1,0.005891617853194475,0.006355248857289553
fit_2015_2019,18 Puerto Plata,2,2017,2,0.005891617853194475,0.00746868085116148
fit_2015_2019,18 Puerto Plata,2,2017,3,0.005891617853194475,0.007173965685069561
fit_2015_2019,18 Puerto Plata,2,2017,4,0.0,0.0030554139520972967
fit_2015_2019,18 Puerto Plata,2,2017,5,0.005891617853194475,0.0007826021173968911
fit_2015_2019,18 Puerto Plata,2,2017,6,0.005891617853194475,0.004750918131321669
fit_2015_2019,18 Puerto Plata,2,2017,7,0.005891617853194475,0.002934992080554366
fit_2015_2019,18 Puerto Plata,2,2017,8,0.0,0.002131648361682892
fit_2015_2019,18 Puerto Plata,2,2017,9,0.0,0.00034178298665210605
fit_2015_2019,18 Puerto Plata,2,2017,10,0.005891617853194475,0.0011598371202126145
fit_2015_2019,18 Puerto Plata,2,2017,11,0.0,0.004206232726573944
fit_2015_2019,18 Puerto Plata,2,2017,12,0.0,6.976966687943786e-05
fit_2015_2019,18 Puerto Plata,2,2017,13,0.005891617853194475,-0.00013976312766317278
fit_2015_2019,18 Puerto Plata,2,2017,14,0.005891617853194475,0.0017103634309023619
fit_2015_2019,18 Puerto Plata,2,2017,15,0.005891617853194475,0.00445572379976511
fit_2015_2019,18 Puerto Plata,2,2017,16,0.0,0.004923786036670208
fit_2015_2019,18 Puerto Plata,2,2017,17,0.005891617853194475,0.0014540086267516017
fit_2015_2019,18 Puerto Plata,2,2017,18,0.0,0.0030714257154613733
fit_2015_2019,18 Puerto Plata,2,2017,19,0.0,-0.0005914905341342092
fit_2015_2019,18 Puerto Plata,2,2017,20,0.005891617853194475,0.0007299127755686641
fit_2015_2019,18 Puerto Plata,2,2017,21,0.0,0.004106311127543449
fit_2015_2019,18 Puerto Plata,2,2017,22,0.0,0.00557895191013813
fit_2015_2019,18 Puerto Plata,2,2017,23,0.005891617853194475,0.0026962270494550467
fit_2015_2019,18 Puerto Plata,2,2017,24,0.0,0.00572748901322484
fit_2015_2019,18 Puerto Plata,2,2017,25,0.017674855887889862,0.002669594483450055
fit_2015_2019,18 Puerto Plata,2,2017,26,0.01178323570638895,0.015449153259396553
fit_2015_2019,18 Puerto Plata,2,2017,27,0.01178323570638895,0.013791806064546108
fit_2015_2019,18 Puerto Plata,2,2017,28,0.017674855887889862,0.011509454809129238
fit_2015_2019,18 Puerto Plata,2,2017,29,0.0,0.016511062160134315
fit_2015_2019,18 Puerto Plata,2,2017,30,0.0,0.004539195913821459
fit_2015_2019,18 Puerto Plata,2,2017,31,0.017674855887889862,0.0013890479458495975
fit_2015_2019,18 Puerto Plata,2,2017,32,0.005891617853194475,0.013251918368041515
fit_2015_2019,18 Puerto Plata,2,2017,33,0.0,0.006803066469728947
fit_2015_2019,18 Puerto Plata,2,2017,34,0.0,0.0009379088878631592
fit_2015_2019,18 Puerto Plata,2,2017,35,0.0,0.0007271950598806143
fit_2015_2019,18 Puerto Plata,2,2017,36,0.005891617853194475,0.001379248104058206
fit_2015_2019,18 Puerto Plata,2,2017,37,0.005891617853194475,0.0054060048423707485
fit_2015_2019,18 Puerto Plata,2,2017,38,0.005891617853194475,0.003117205575108528
fit_2015_2019,18 Puerto Plata,2,2017,39,0.0,0.007459399290382862
fit_2015_2019,18 Puerto Plata,2,2017,40,0.0,0.001490771770477295
fit_2015_2019,18 Puerto Plata,2,2017,41,0.0,0.0012486655032262206
fit_2015_2019,18 Puerto Plata,2,2017,42,0.0,0.0016736333491280675
fit_2015_2019,18 Puerto Plata,2,2017,43,0.0,0.0008248510421253741
fit_2015_2019,18 Puerto Plata,2,2017,44,0.0,0.0008769190171733499
fit_2015_2019,18 Puerto Plata,2,2017,45,0.0,0.0006374512449838221
fit_2015_2019,18 Puerto Plata,2,2017,46,0.0,0.002496761502698064
fit_2015_2019,18 Puerto Plata,2,2017,47,0.005891617853194475,0.0022432408295571804
fit_2015_2019,18 Puerto Plata,2,2017,48,0.0,0.004313055891543627
fit_2015_2019,18 Puerto Plata,2,2017,49,0.0,0.0005424338742159307
fit_2015_2019,18 Puerto Plata,2,2017,50,0.0,0.00016160869563464075
fit_2015_2019,18 Puerto Plata,2,2017,51,0.0,0.0012683598324656487
fit_2015_2019,18 Puerto Plata,2,2017,52,0.0,0.0011876454809680581
fit_2015_2019,18 Puerto Plata,2,2018,1,0.0,0.0008684663916938007
fit_2015_2019,18 Puerto Plata,2,2018,2,0.0,0.0010532318847253919
fit_2015_2019,18 Puerto Plata,2,2018,3,0.0,-0.0016674228245392442
fit_2015_2019,18 Puerto Plata,2,2018,4,0.0,-0.0020168100018054247
fit_2015_2019,18 Puerto Plata,2,2018,5,0.005872921086847782,-0.0007045096135698259
fit_2015_2019,18 Puerto Plata,2,2018,6,0.005872921086847782,0.0035717233549803495
fit_2015_2019,18 Puerto Plata,2,2018,7,0.0,-0.0016678766114637256
fit_2015_2019,18 Puerto Plata,2,2018,8,0.0,-0.00385957770049572
fit_2015_2019,18 Puerto Plata,2,2018,9,0.0,-0.002464898629114032
fit_2015_2019,18 Puerto Plata,2,2018,10,0.0,-0.0012510968372225761
fit_2015_2019,18 Puerto Plata,2,2018,11,0.005872921086847782,-3.082257535425015e-05
fit_2015_2019,18 Puerto Plata,2,2018,12,0.0,0.00343863433226943
fit_2015_2019,18 Puerto Plata,2,2018,13,0.0,-0.0020872519817203283
fit_2015_2019,18 Puerto Plata,2,2018,14,0.0,-0.002684990642592311
fit_2015_2019,18 Puerto Plata,2,2018,15,0.0,-0.0012576972367241979
fit_2015_2019,18 Puerto Plata,2,2018,16,0.0,-0.0017144049052149057
fit_2015_2019,18 Puerto Plata,2,2018,17,0.0,-0.001531302696093917
fit_2015_2019,18 Puerto Plata,2,2018,18,0.0,-0.0011741251219063997
fit_2015_2019,18 Puerto Plata,2,2018,19,0.0,-0.0010715118842199445
fit_2015_2019,18 Puerto Plata,2,2018,20,0.0,-0.0017590009374544024
fit_2015_2019,18 Puerto Plata,2,2018,21,0.0,-4.384943167679012e-05
fit_2015_2019,18 Puerto Plata,2,2018,22,0.0,-0.00012351555051282048
fit_2015_2019,18 Puerto Plata,2,2018,23,0.0,-0.0006580756744369864
fit_2015_2019,18 Puerto Plata,2,2018,24,0.0,-0.0010796280112117529
fit_2015_2019,18 Puerto Plata,2,2018,25,0.005872921086847782,-0.0004001129709649831
fit_2015_2019,18 Puerto Plata,2,2018,26,0.0,0.002278266940265894
fit_2015_2019,18 Puerto Plata,2,2018,27,0.0,0.003979915287345648
fit_2015_2019,18 Puerto Plata,2,2018,28,0.0,0.001787932706065476
fit_2015_2019,18 Puerto Plata,2,2018,29,0.0,0.001085456577129662
fit_2015_2019,18 Puerto Plata,2,2018,30,0.0,0.0006114846910350025
fit_2015_2019,18 Puerto Plata,2,2018,31,0.005872921086847782,-0.0003175827150698751
fit_2015_2019,18 Puerto Plata,2,2018,32,0.0,0.004420045763254166
fit_2015_2019,18 Puerto Plata,2,2018,33,0.005872921086847782,0.00018677742627914995
fit_2015_2019,18 Puerto Plata,2,2018,34,0.0,0.004449489992111921
fit_2015_2019,18 Puerto Plata,2,2018,35,0.0,0.0016943584196269512
fit_2015_2019,18 Puerto Plata,2,2018,36,0.0,0.0007429385441355407
fit_2015_2019,18 Puerto Plata,2,2018,37,0.0,0.001175792538560927
fit_2015_2019,18 Puerto Plata,2,2018,38,0.0,0.0015711261657997966
fit_2015_2019,18 Puerto Plata,2,2018,39,0.0,0.003962138667702675
fit_2015_2019,18 Puerto Plata,2,2018,40,0.0,0.00468040443956852
fit_2015_2019,18 Puerto Plata,2,2018,41,0.0,0.0025380593724548817
fit_2015_2019,18 Puerto Plata,2,2018,42,0.0,0.0032006839755922556
fit_2015_2019,18 Puerto Plata,2,2018,43,0.0,0.0022058156318962574
fit_2015_2019,18 Puerto Plata,2,2018,44,0.0,0.0030910251662135124
fit_2015_2019,18 Puerto Plata,2,2018,45,0.0,0.0033698556944727898
fit_2015_2019,18 Puerto Plata,2,2018,46,0.0,0.0033246923703700304
fit_2015_2019,18 Puerto Plata,2,2018,47,0.01761876419186592,0.003568448359146714
fit_2015_2019,18 Puerto Plata,2,2018,48,0.01761876419186592,0.017668766900897026
fit_2015_2019,18 Puerto Plata,2,2018,49,0.0,0.019563084468245506
fit_2015_2019,18 Puerto Plata,2,2018,50,0.005872921086847782,0.005669393576681614
fit_2015_2019,18 Puerto Plata,2,2018,51,0.011745842173695564,0.011276175267994404
fit_2015_2019,18 Puerto Plata,2,2018,52,0.0,0.011280306614935398
fit_2015_2019,18 Puerto Plata,2,2019,1,0.011714215390384197,0.002467923332005739
fit_2015_2019,18 Puerto Plata,2,2019,2,0.01757132261991501,0.01327248103916645
fit_2015_2019,18 Puerto Plata,2,2019,3,0.01757132261991501,0.018635127693414688
fit_2015_2019,18 Puerto Plata,2,2019,4,0.005857108160853386,0.01681399717926979
fit_2015_2019,18 Puerto Plata,2,2019,5,0.011714215390384197,0.008938794024288654
fit_2015_2019,18 Puerto Plata,2,2019,6,0.0,0.012178190052509308
fit_2015_2019,18 Puerto Plata,2,2019,7,0.0,0.0025421041063964367
fit_2015_2019,18 Puerto Plata,2,2019,8,0.005857108160853386,0.0016245873412117362
fit_2015_2019,18 Puerto Plata,2,2019,9,0.0,0.008006110787391663
fit_2015_2019,18 Puerto Plata,2,2019,10,0.0,0.005378903355449438
fit_2015_2019,18 Puerto Plata,2,2019,11,0.005857108160853386,0.004098435398191214
fit_2015_2019,18 Puerto Plata,2,2019,12,0.01757132261991501,0.0071490113623440266
fit_2015_2019,18 Puerto Plata,2,2019,13,0.011714215390384197,0.01538809947669506
fit_2015_2019,18 Puerto Plata,2,2019,14,0.0,0.01168481819331646
fit_2015_2019,18 Puerto Plata,2,2019,15,0.005857108160853386,0.0012797773815691471
fit_2015_2019,18 Puerto Plata,2,2019,16,0.005857108160853386,0.00584748387336731
fit_2015_2019,18 Puerto Plata,2,2019,17,0.011714215390384197,0.007389371283352375
fit_2015_2019,18 Puerto Plata,2,2019,18,0.01757132261991501,0.010758764110505581
fit_2015_2019,18 Puerto Plata,2,2019,19,0.0,0.013275062665343285
fit_2015_2019,18 Puerto Plata,2,2019,20,0.005857108160853386,0.006294661667197943
fit_2015_2019,18 Puerto Plata,2,2019,21,0.01757132261991501,0.008410371840000153
fit_2015_2019,18 Puerto Plata,2,2019,22,0.005857108160853386,0.015902532264590263
fit_2015_2019,18 Puerto Plata,2,2019,23,0.005857108160853386,0.008864018134772778
fit_2015_2019,18 Puerto Plata,2,2019,24,0.023428428918123245,0.008291776292026043
fit_2015_2019,18 Puerto Plata,2,2019,25,0.005857108160853386,0.02199389785528183
fit_2015_2019,18 Puerto Plata,2,2019,26,0.03514264523983002,0.012458431534469128
fit_2015_2019,18 Puerto Plata,2,2019,27,0.052713967859745026,0.03142049163579941
fit_2015_2019,18 Puerto Plata,2,2019,28,0.03514264523983002,0.0479995496571064
fit_2015_2019,18 Puerto Plata,2,2019,29,0.07614240050315857,0.041563212871551514
fit_2015_2019,18 Puerto Plata,2,2019,30,0.10542793571949005,0.07083439826965332
fit_2015_2019,18 Puerto Plata,2,2019,31,0.023428428918123245,0.09728369861841202
fit_2015_2019,18 Puerto Plata,2,2019,32,0.05857107415795326,0.04451783746480942
fit_2015_2019,18 Puerto Plata,2,2019,33,0.05857107415795326,0.061898935586214066
fit_2015_2019,18 Puerto Plata,2,2019,34,0.12299925833940506,0.06319978833198547
fit_2015_2019,18 Puerto Plata,2,2019,35,0.08785660564899445,0.11101464182138443
fit_2015_2019,18 Puerto Plata,2,2019,36,0.08785660564899445,0.09379894286394119
fit_2015_2019,18 Puerto Plata,2,2019,37,0.0644281804561615,0.09313316643238068
fit_2015_2019,18 Puerto Plata,2,2019,38,0.0644281804561615,0.07514853030443192
fit_2015_2019,18 Puerto Plata,2,2019,39,0.05857107415795326,0.0733572393655777
fit_2015_2019,18 Puerto Plata,2,2019,40,0.05857107415795326,0.06736655533313751
fit_2015_2019,18 Puerto Plata,2,2019,41,0.052713967859745026,0.06510109454393387
fit_2015_2019,18 Puerto Plata,2,2019,42,0.05857107415795326,0.05911996588110924
fit_2015_2019,18 Puerto Plata,2,2019,43,0.05857107415795326,0.06076807901263237
fit_2015_2019,18 Puerto Plata,2,2019,44,0.0644281804561615,0.06016208976507187
fit_2015_2019,18 Puerto Plata,2,2019,45,0.09371371567249298,0.06560278683900833
fit_2015_2019,18 Puerto Plata,2,2019,46,0.1464276760816574,0.08648799359798431
fit_2015_2019,18 Puerto Plata,2,2019,47,0.0644281804561615,0.12322733551263809
fit_2015_2019,18 Puerto Plata,2,2019,48,0.0644281804561615,0.06441432237625122
fit_2015_2019,18 Puerto Plata,2,2019,49,0.07028529047966003,0.062040165066719055
fit_2015_2019,18 Puerto Plata,2,2019,50,0.12299925833940506,0.0651349425315857
fit_2015_2019,18 Puerto Plata,2,2019,51,0.09957082569599152,0.09803720563650131
fit_2015_2019,18 Puerto Plata,2,2019,52,0.02928553707897663,0.08702238649129868
fit_2015_2019,19 Hermanas Mirabal,0,2015,5,0.14749597012996674,0.09657102078199387
fit_2015_2019,19 Hermanas Mirabal,0,2015,6,0.042141709476709366,0.12484167516231537
fit_2015_2019,19 Hermanas Mirabal,0,2015,7,0.042141709476709366,0.03270038962364197
fit_2015_2019,19 Hermanas Mirabal,0,2015,8,0.021070854738354683,0.035354096442461014
fit_2015_2019,19 Hermanas Mirabal,0,2015,9,0.0632125586271286,0.02457522414624691
fit_2015_2019,19 Hermanas Mirabal,0,2015,10,0.042141709476709366,0.05551206320524216
fit_2015_2019,19 Hermanas Mirabal,0,2015,11,0.042141709476709366,0.04139705374836922
fit_2015_2019,19 Hermanas Mirabal,0,2015,12,0.189637690782547,0.045371923595666885
fit_2015_2019,19 Hermanas Mirabal,0,2015,13,0.0632125586271286,0.16261333227157593
fit_2015_2019,19 Hermanas Mirabal,0,2015,14,0.14749597012996674,0.061418138444423676
fit_2015_2019,19 Hermanas Mirabal,0,2015,15,0.0632125586271286,0.12535879015922546
fit_2015_2019,19 Hermanas Mirabal,0,2015,16,0.0632125586271286,0.06343480199575424
fit_2015_2019,19 Hermanas Mirabal,0,2015,17,0.08428341895341873,0.06009162589907646
fit_2015_2019,19 Hermanas Mirabal,0,2015,18,0.0632125586271286,0.07785887271165848
fit_2015_2019,19 Hermanas Mirabal,0,2015,19,0.042141709476709366,0.06847423315048218
fit_2015_2019,19 Hermanas Mirabal,0,2015,20,0.0632125586271286,0.04899230971932411
fit_2015_2019,19 Hermanas Mirabal,0,2015,21,0.0632125586271286,0.0652756541967392
fit_2015_2019,19 Hermanas Mirabal,0,2015,22,0.08428341895341873,0.06584998220205307
fit_2015_2019,19 Hermanas Mirabal,0,2015,23,0.0632125586271286,0.08239982277154922
fit_2015_2019,19 Hermanas Mirabal,0,2015,24,0.1264251321554184,0.06359965354204178
fit_2015_2019,19 Hermanas Mirabal,0,2015,25,0.08428341895341873,0.12258415669202805
fit_2015_2019,19 Hermanas Mirabal,0,2015,26,0.08428341895341873,0.08768878877162933
fit_2015_2019,19 Hermanas Mirabal,0,2015,27,0.1264251321554184,0.09124810248613358
fit_2015_2019,19 Hermanas Mirabal,0,2015,28,0.14749597012996674,0.1327071338891983
fit_2015_2019,19 Hermanas Mirabal,0,2015,29,0.14749597012996674,0.1476186066865921
fit_2015_2019,19 Hermanas Mirabal,0,2015,30,0.08428341895341873,0.15213271975517273
fit_2015_2019,19 Hermanas Mirabal,0,2015,31,0.14749597012996674,0.0944429561495781
fit_2015_2019,19 Hermanas Mirabal,0,2015,32,0.14749597012996674,0.15243391692638397
fit_2015_2019,19 Hermanas Mirabal,0,2015,33,0.21070851385593414,0.1534806191921234
fit_2015_2019,19 Hermanas Mirabal,0,2015,34,0.16856685280799866,0.21860626339912415
fit_2015_2019,19 Hermanas Mirabal,0,2015,35,0.1264251321554184,0.18461966514587402
fit_2015_2019,19 Hermanas Mirabal,0,2015,36,0.21070851385593414,0.14099912345409393
fit_2015_2019,19 Hermanas Mirabal,0,2015,37,0.23177941143512726,0.22530785202980042
fit_2015_2019,19 Hermanas Mirabal,0,2015,38,0.2528502643108368,0.2344302088022232
fit_2015_2019,19 Hermanas Mirabal,0,2015,39,0.3371336758136749,0.2653352618217468
fit_2015_2019,19 Hermanas Mirabal,0,2015,40,0.48462966084480286,0.3401558995246887
fit_2015_2019,19 Hermanas Mirabal,0,2015,41,0.3371336758136749,0.4399765431880951
fit_2015_2019,19 Hermanas Mirabal,0,2015,42,0.21070851385593414,0.2941385507583618
fit_2015_2019,19 Hermanas Mirabal,0,2015,43,0.6531965136528015,0.2302543967962265
fit_2015_2019,19 Hermanas Mirabal,0,2015,44,0.23177941143512726,0.5792956948280334
fit_2015_2019,19 Hermanas Mirabal,0,2015,45,0.23177941143512726,0.13937443494796753
fit_2015_2019,19 Hermanas Mirabal,0,2015,46,0.1264251321554184,0.2667388319969177
fit_2015_2019,19 Hermanas Mirabal,0,2015,47,0.21070851385593414,0.10140718519687653
fit_2015_2019,19 Hermanas Mirabal,0,2015,48,0.27392107248306274,0.20548516511917114
fit_2015_2019,19 Hermanas Mirabal,0,2015,49,0.16856685280799866,0.25016021728515625
fit_2015_2019,19 Hermanas Mirabal,0,2015,50,0.10535427182912827,0.15396349132061005
fit_2015_2019,19 Hermanas Mirabal,0,2015,51,0.08428341895341873,0.11552900820970535
fit_2015_2019,19 Hermanas Mirabal,0,2015,52,0.23177941143512726,0.10130798071622849
fit_2015_2019,19 Hermanas Mirabal,0,2016,1,0.27404269576072693,0.22877682745456696
fit_2015_2019,19 Hermanas Mirabal,0,2016,2,0.18972186744213104,0.2583450376987457
fit_2015_2019,19 Hermanas Mirabal,0,2016,3,0.18972186744213104,0.1867900788784027
fit_2015_2019,19 Hermanas Mirabal,0,2016,4,0.10540104657411575,0.17570172250270844
fit_2015_2019,19 Hermanas Mirabal,0,2016,5,0.2108020782470703,0.10328695178031921
fit_2015_2019,19 Hermanas Mirabal,0,2016,6,0.08432082831859589,0.18803629279136658
fit_2015_2019,19 Hermanas Mirabal,0,2016,7,0.1475614607334137,0.08522743731737137
fit_2015_2019,19 Hermanas Mirabal,0,2016,8,0.06324062496423721,0.1342875063419342
fit_2015_2019,19 Hermanas Mirabal,0,2016,9,0.10540104657411575,0.06632501631975174
fit_2015_2019,19 Hermanas Mirabal,0,2016,10,0.04216041788458824,0.1047530546784401
fit_2015_2019,19 Hermanas Mirabal,0,2016,11,0.04216041788458824,0.04805378243327141
fit_2015_2019,19 Hermanas Mirabal,0,2016,12,0.04216041788458824,0.04235530272126198
fit_2015_2019,19 Hermanas Mirabal,0,2016,13,0.08432082831859589,0.044230133295059204
fit_2015_2019,19 Hermanas Mirabal,0,2016,14,0.02108020894229412,0.07711430639028549
fit_2015_2019,19 Hermanas Mirabal,0,2016,15,0.06324062496423721,0.02485295943915844
fit_2015_2019,19 Hermanas Mirabal,0,2016,16,0.04216041788458824,0.0596495158970356
fit_2015_2019,19 Hermanas Mirabal,0,2016,17,0.0,0.04609738290309906
fit_2015_2019,19 Hermanas Mirabal,0,2016,18,0.10540104657411575,0.003652323270216584
fit_2015_2019,19 Hermanas Mirabal,0,2016,19,0.06324062496423721,0.09256534278392792
fit_2015_2019,19 Hermanas Mirabal,0,2016,20,0.04216041788458824,0.06795132905244827
fit_2015_2019,19 Hermanas Mirabal,0,2016,21,0.12648124992847443,0.04381141811609268
fit_2015_2019,19 Hermanas Mirabal,0,2016,22,0.02108020894229412,0.11487600952386856
fit_2015_2019,19 Hermanas Mirabal,0,2016,23,0.04216041788458824,0.020683621987700462
fit_2015_2019,19 Hermanas Mirabal,0,2016,24,0.04216041788458824,0.041245151311159134
fit_2015_2019,19 Hermanas Mirabal,0,2016,25,0.08432082831859589,0.04571547359228134
fit_2015_2019,19 Hermanas Mirabal,0,2016,26,0.04216041788458824,0.08366691321134567
fit_2015_2019,19 Hermanas Mirabal,0,2016,27,0.02108020894229412,0.04561812803149223
fit_2015_2019,19 Hermanas Mirabal,0,2016,28,0.02108020894229412,0.028834238648414612
fit_2015_2019,19 Hermanas Mirabal,0,2016,29,0.04216041788458824,0.02250153012573719
fit_2015_2019,19 Hermanas Mirabal,0,2016,30,0.10540104657411575,0.04331644997000694
fit_2015_2019,19 Hermanas Mirabal,0,2016,31,0.08432082831859589,0.09815287590026855
fit_2015_2019,19 Hermanas Mirabal,0,2016,32,0.02108020894229412,0.08087795227766037
fit_2015_2019,19 Hermanas Mirabal,0,2016,33,0.02108020894229412,0.02478463016450405
fit_2015_2019,19 Hermanas Mirabal,0,2016,34,0.04216041788458824,0.024491731077432632
fit_2015_2019,19 Hermanas Mirabal,0,2016,35,0.02108020894229412,0.040577009320259094
fit_2015_2019,19 Hermanas Mirabal,0,2016,36,0.04216041788458824,0.022463245317339897
fit_2015_2019,19 Hermanas Mirabal,0,2016,37,0.08432082831859589,0.04385913535952568
fit_2015_2019,19 Hermanas Mirabal,0,2016,38,0.0,0.08500871062278748
fit_2015_2019,19 Hermanas Mirabal,0,2016,39,0.06324062496423721,0.004206692799925804
fit_2015_2019,19 Hermanas Mirabal,0,2016,40,0.04216041788458824,0.06532500684261322
fit_2015_2019,19 Hermanas Mirabal,0,2016,41,0.0,0.04259591922163963
fit_2015_2019,19 Hermanas Mirabal,0,2016,42,0.02108020894229412,0.0027502302546054125
fit_2015_2019,19 Hermanas Mirabal,0,2016,43,0.0,0.02176928147673607
fit_2015_2019,19 Hermanas Mirabal,0,2016,44,0.0,-1.2688257811532822e-05
fit_2015_2019,19 Hermanas Mirabal,0,2016,45,0.02108020894229412,-0.0031195287592709064
fit_2015_2019,19 Hermanas Mirabal,0,2016,46,0.02108020894229412,0.01683298498392105
fit_2015_2019,19 Hermanas Mirabal,0,2016,47,0.08432082831859589,0.019207479432225227
fit_2015_2019,19 Hermanas Mirabal,0,2016,48,0.0,0.07909707725048065
fit_2015_2019,19 Hermanas Mirabal,0,2016,49,0.04216041788458824,0.0017106730956584215
fit_2015_2019,19 Hermanas Mirabal,0,2016,50,0.06324062496423721,0.045051638036966324
fit_2015_2019,19 Hermanas Mirabal,0,2016,51,0.04216041788458824,0.05843644216656685
fit_2015_2019,19 Hermanas Mirabal,0,2016,52,0.04216041788458824,0.038448747247457504
fit_2015_2019,19 Hermanas Mirabal,0,2017,1,0.0,0.042300596833229065
fit_2015_2019,19 Hermanas Mirabal,0,2017,2,0.0,-0.000901408027857542
fit_2015_2019,19 Hermanas Mirabal,0,2017,3,0.02108979970216751,-0.0006023023161105812
fit_2015_2019,19 Hermanas Mirabal,0,2017,4,0.0,0.01861445978283882
fit_2015_2019,19 Hermanas Mirabal,0,2017,5,0.02108979970216751,-0.0017214298713952303
fit_2015_2019,19 Hermanas Mirabal,0,2017,6,0.0,0.015315600670874119
fit_2015_2019,19 Hermanas Mirabal,0,2017,7,0.0,0.003326516365632415
fit_2015_2019,19 Hermanas Mirabal,0,2017,8,0.0,-0.001297101378440857
fit_2015_2019,19 Hermanas Mirabal,0,2017,9,0.02108979970216751,0.0014208320062607527
fit_2015_2019,19 Hermanas Mirabal,0,2017,10,0.0,0.02100987546145916
fit_2015_2019,19 Hermanas Mirabal,0,2017,11,0.02108979970216751,0.0011180179426446557
fit_2015_2019,19 Hermanas Mirabal,0,2017,12,0.0,0.018206752836704254
fit_2015_2019,19 Hermanas Mirabal,0,2017,13,0.02108979970216751,0.0014646934578195214
fit_2015_2019,19 Hermanas Mirabal,0,2017,14,0.02108979970216751,0.01634087599813938
fit_2015_2019,19 Hermanas Mirabal,0,2017,15,0.02108979970216751,0.020465245470404625
fit_2015_2019,19 Hermanas Mirabal,0,2017,16,0.0,0.021172350272536278
fit_2015_2019,19 Hermanas Mirabal,0,2017,17,0.02108979970216751,0.003103767754510045
fit_2015_2019,19 Hermanas Mirabal,0,2017,18,0.02108979970216751,0.016228225082159042
fit_2015_2019,19 Hermanas Mirabal,0,2017,19,0.04217959940433502,0.013544824905693531
fit_2015_2019,19 Hermanas Mirabal,0,2017,20,0.0,0.03772759065032005
fit_2015_2019,19 Hermanas Mirabal,0,2017,21,0.02108979970216751,0.0058600460179150105
fit_2015_2019,19 Hermanas Mirabal,0,2017,22,0.04217959940433502,0.02283182181417942
fit_2015_2019,19 Hermanas Mirabal,0,2017,23,0.0,0.04211080074310303
fit_2015_2019,19 Hermanas Mirabal,0,2017,24,0.02108979970216751,0.0034313637297600508
fit_2015_2019,19 Hermanas Mirabal,0,2017,25,0.0,0.023592596873641014
fit_2015_2019,19 Hermanas Mirabal,0,2017,26,0.0,0.005970972590148449
fit_2015_2019,19 Hermanas Mirabal,0,2017,27,0.0,0.0030606864020228386
fit_2015_2019,19 Hermanas Mirabal,0,2017,28,0.0,0.004614046309143305
fit_2015_2019,19 Hermanas Mirabal,0,2017,29,0.0,-0.0011999629205092788
fit_2015_2019,19 Hermanas Mirabal,0,2017,30,0.02108979970216751,0.0006698041688650846
fit_2015_2019,19 Hermanas Mirabal,0,2017,31,0.0,0.020050186663866043
fit_2015_2019,19 Hermanas Mirabal,0,2017,32,0.02108979970216751,0.0001241231948370114
fit_2015_2019,19 Hermanas Mirabal,0,2017,33,0.0,0.02000742219388485
fit_2015_2019,19 Hermanas Mirabal,0,2017,34,0.0,-0.0007920516654849052
fit_2015_2019,19 Hermanas Mirabal,0,2017,35,0.0,0.0010129050351679325
fit_2015_2019,19 Hermanas Mirabal,0,2017,36,0.02108979970216751,-0.001035507651977241
fit_2015_2019,19 Hermanas Mirabal,0,2017,37,0.06326939910650253,0.021316861733794212
fit_2015_2019,19 Hermanas Mirabal,0,2017,38,0.0,0.057013656944036484
fit_2015_2019,19 Hermanas Mirabal,0,2017,39,0.02108979970216751,0.0008366551483049989
fit_2015_2019,19 Hermanas Mirabal,0,2017,40,0.06326939910650253,0.028439274057745934
fit_2015_2019,19 Hermanas Mirabal,0,2017,41,0.0,0.06325340270996094
fit_2015_2019,19 Hermanas Mirabal,0,2017,42,0.02108979970216751,0.007387729361653328
fit_2015_2019,19 Hermanas Mirabal,0,2017,43,0.0,0.022966500371694565
fit_2015_2019,19 Hermanas Mirabal,0,2017,44,0.0,0.0032600699923932552
fit_2015_2019,19 Hermanas Mirabal,0,2017,45,0.0,0.002426893450319767
fit_2015_2019,19 Hermanas Mirabal,0,2017,46,0.08435919880867004,0.0013666952727362514
fit_2015_2019,19 Hermanas Mirabal,0,2017,47,0.04217959940433502,0.07654579728841782
fit_2015_2019,19 Hermanas Mirabal,0,2017,48,0.06326939910650253,0.03145979344844818
fit_2015_2019,19 Hermanas Mirabal,0,2017,49,0.0,0.051740165799856186
fit_2015_2019,19 Hermanas Mirabal,0,2017,50,0.0,0.0027423035353422165
fit_2015_2019,19 Hermanas Mirabal,0,2017,51,0.0,0.00038474000757560134
fit_2015_2019,19 Hermanas Mirabal,0,2017,52,0.0,0.0031032259576022625
fit_2015_2019,19 Hermanas Mirabal,0,2018,1,0.0632844790816307,0.003976603504270315
fit_2015_2019,19 Hermanas Mirabal,0,2018,2,0.0,0.05973079800605774
fit_2015_2019,19 Hermanas Mirabal,0,2018,3,0.0,-0.009422047063708305
fit_2015_2019,19 Hermanas Mirabal,0,2018,4,0.021094826981425285,-0.006840396672487259
fit_2015_2019,19 Hermanas Mirabal,0,2018,5,0.021094826981425285,0.017803873866796494
fit_2015_2019,19 Hermanas Mirabal,0,2018,6,0.0,0.011556805111467838
fit_2015_2019,19 Hermanas Mirabal,0,2018,7,0.0632844790816307,-0.0028864650521427393
fit_2015_2019,19 Hermanas Mirabal,0,2018,8,0.0,0.05212237313389778
fit_2015_2019,19 Hermanas Mirabal,0,2018,9,0.0,-0.002089950954541564
fit_2015_2019,19 Hermanas Mirabal,0,2018,10,0.0,-0.006134674418717623
fit_2015_2019,19 Hermanas Mirabal,0,2018,11,0.021094826981425285,0.0017580551793798804
fit_2015_2019,19 Hermanas Mirabal,0,2018,12,0.0,0.020698577165603638
fit_2015_2019,19 Hermanas Mirabal,0,2018,13,0.0,0.0011466381838545203
fit_2015_2019,19 Hermanas Mirabal,0,2018,14,0.0,-0.001991339260712266
fit_2015_2019,19 Hermanas Mirabal,0,2018,15,0.0,0.00037704064743593335
fit_2015_2019,19 Hermanas Mirabal,0,2018,16,0.0,0.0016230015316978097
fit_2015_2019,19 Hermanas Mirabal,0,2018,17,0.04218965396285057,0.001928868587128818
fit_2015_2019,19 Hermanas Mirabal,0,2018,18,0.04218965396285057,0.03900356963276863
fit_2015_2019,19 Hermanas Mirabal,0,2018,19,0.0,0.036511220037937164
fit_2015_2019,19 Hermanas Mirabal,0,2018,20,0.04218965396285057,0.0071502551436424255
fit_2015_2019,19 Hermanas Mirabal,0,2018,21,0.0,0.04245540127158165
fit_2015_2019,19 Hermanas Mirabal,0,2018,22,0.0,0.004754344932734966
fit_2015_2019,19 Hermanas Mirabal,0,2018,23,0.0,0.0010067035909742117
fit_2015_2019,19 Hermanas Mirabal,0,2018,24,0.0,0.005367910955101252
fit_2015_2019,19 Hermanas Mirabal,0,2018,25,0.021094826981425285,0.00447896309196949
fit_2015_2019,19 Hermanas Mirabal,0,2018,26,0.0,0.02357325702905655
fit_2015_2019,19 Hermanas Mirabal,0,2018,27,0.0,0.006136015988886356
fit_2015_2019,19 Hermanas Mirabal,0,2018,28,0.0,0.00729303527623415
fit_2015_2019,19 Hermanas Mirabal,0,2018,29,0.0,0.0038847990799695253
fit_2015_2019,19 Hermanas Mirabal,0,2018,30,0.0,0.0033297755289822817
fit_2015_2019,19 Hermanas Mirabal,0,2018,31,0.021094826981425285,0.001019527786411345
fit_2015_2019,19 Hermanas Mirabal,0,2018,32,0.0,0.021701792255043983
fit_2015_2019,19 Hermanas Mirabal,0,2018,33,0.021094826981425285,-0.0002009592135436833
fit_2015_2019,19 Hermanas Mirabal,0,2018,34,0.0,0.02035132795572281
fit_2015_2019,19 Hermanas Mirabal,0,2018,35,0.0,0.0020452651660889387
fit_2015_2019,19 Hermanas Mirabal,0,2018,36,0.021094826981425285,-0.0023513464257121086
fit_2015_2019,19 Hermanas Mirabal,0,2018,37,0.021094826981425285,0.022465717047452927
fit_2015_2019,19 Hermanas Mirabal,0,2018,38,0.021094826981425285,0.021426189690828323
fit_2015_2019,19 Hermanas Mirabal,0,2018,39,0.021094826981425285,0.02408784255385399
fit_2015_2019,19 Hermanas Mirabal,0,2018,40,0.0,0.025628389790654182
fit_2015_2019,19 Hermanas Mirabal,0,2018,41,0.0,0.0030613590497523546
fit_2015_2019,19 Hermanas Mirabal,0,2018,42,0.021094826981425285,0.00479683093726635
fit_2015_2019,19 Hermanas Mirabal,0,2018,43,0.0,0.022468747571110725
fit_2015_2019,19 Hermanas Mirabal,0,2018,44,0.0,0.003235055599361658
fit_2015_2019,19 Hermanas Mirabal,0,2018,45,0.0,0.0034192113671451807
fit_2015_2019,19 Hermanas Mirabal,0,2018,46,0.0632844790816307,0.005025923252105713
fit_2015_2019,19 Hermanas Mirabal,0,2018,47,0.0,0.06341559439897537
fit_2015_2019,19 Hermanas Mirabal,0,2018,48,0.0,0.00512163620442152
fit_2015_2019,19 Hermanas Mirabal,0,2018,49,0.0,0.0044547864235937595
fit_2015_2019,19 Hermanas Mirabal,0,2018,50,0.021094826981425285,0.005289800465106964
fit_2015_2019,19 Hermanas Mirabal,0,2018,51,0.0632844790816307,0.026074117049574852
fit_2015_2019,19 Hermanas Mirabal,0,2018,52,0.0,0.055451907217502594
fit_2015_2019,19 Hermanas Mirabal,0,2019,1,0.0,0.005479157902300358
fit_2015_2019,19 Hermanas Mirabal,0,2019,2,0.0,2.7906538889510557e-05
fit_2015_2019,19 Hermanas Mirabal,0,2019,3,0.0,0.003808939130976796
fit_2015_2019,19 Hermanas Mirabal,0,2019,4,0.0,0.0017402730882167816
fit_2015_2019,19 Hermanas Mirabal,0,2019,5,0.02110855095088482,0.0029594048392027617
fit_2015_2019,19 Hermanas Mirabal,0,2019,6,0.0,0.018918737769126892
fit_2015_2019,19 Hermanas Mirabal,0,2019,7,0.0,0.0037228299770504236
fit_2015_2019,19 Hermanas Mirabal,0,2019,8,0.0,0.0007345019839704037
fit_2015_2019,19 Hermanas Mirabal,0,2019,9,0.04221710190176964,0.003800072940066457
fit_2015_2019,19 Hermanas Mirabal,0,2019,10,0.0,0.041991423815488815
fit_2015_2019,19 Hermanas Mirabal,0,2019,11,0.0,0.0029911939054727554
fit_2015_2019,19 Hermanas Mirabal,0,2019,12,0.0,0.0012308552395552397
fit_2015_2019,19 Hermanas Mirabal,0,2019,13,0.02110855095088482,0.004181351978331804
fit_2015_2019,19 Hermanas Mirabal,0,2019,14,0.02110855095088482,0.020542792975902557
fit_2015_2019,19 Hermanas Mirabal,0,2019,15,0.0,0.017810359597206116
fit_2015_2019,19 Hermanas Mirabal,0,2019,16,0.0,-0.00022721689310856164
fit_2015_2019,19 Hermanas Mirabal,0,2019,17,0.0,0.008364537730813026
fit_2015_2019,19 Hermanas Mirabal,0,2019,18,0.0,0.0034623490646481514
fit_2015_2019,19 Hermanas Mirabal,0,2019,19,0.0,0.0029249191284179688
fit_2015_2019,19 Hermanas Mirabal,0,2019,20,0.02110855095088482,0.0037088270764797926
fit_2015_2019,19 Hermanas Mirabal,0,2019,21,0.02110855095088482,0.02241658605635166
fit_2015_2019,19 Hermanas Mirabal,0,2019,22,0.0,0.028866654261946678
fit_2015_2019,19 Hermanas Mirabal,0,2019,23,0.0,0.005713945254683495
fit_2015_2019,19 Hermanas Mirabal,0,2019,24,0.0,0.0055366260930895805
fit_2015_2019,19 Hermanas Mirabal,0,2019,25,0.06332565099000931,0.008156799711287022
fit_2015_2019,19 Hermanas Mirabal,0,2019,26,0.08443419635295868,0.06310926377773285
fit_2015_2019,19 Hermanas Mirabal,0,2019,27,0.02110855095088482,0.08460132032632828
fit_2015_2019,19 Hermanas Mirabal,0,2019,28,0.12665130198001862,0.031544361263513565
fit_2015_2019,19 Hermanas Mirabal,0,2019,29,0.18997693061828613,0.12677711248397827
fit_2015_2019,19 Hermanas Mirabal,0,2019,30,0.08443419635295868,0.18549418449401855
fit_2015_2019,19 Hermanas Mirabal,0,2019,31,0.18997693061828613,0.09476928412914276
fit_2015_2019,19 Hermanas Mirabal,0,2019,32,0.2110854834318161,0.19285008311271667
fit_2015_2019,19 Hermanas Mirabal,0,2019,33,0.2110854834318161,0.20913730561733246
fit_2015_2019,19 Hermanas Mirabal,0,2019,34,0.23219403624534607,0.2176537811756134
fit_2015_2019,19 Hermanas Mirabal,0,2019,35,0.18997693061828613,0.2407681941986084
fit_2015_2019,19 Hermanas Mirabal,0,2019,36,0.06332565099000931,0.18772836029529572
fit_2015_2019,19 Hermanas Mirabal,0,2019,37,0.14775985479354858,0.08774745464324951
fit_2015_2019,19 Hermanas Mirabal,0,2019,38,0.23219403624534607,0.16562899947166443
fit_2015_2019,19 Hermanas Mirabal,0,2019,39,0.2744111716747284,0.2321229875087738
fit_2015_2019,19 Hermanas Mirabal,0,2019,40,0.16886840760707855,0.27281713485717773
fit_2015_2019,19 Hermanas Mirabal,0,2019,41,0.10554275661706924,0.17332495748996735
fit_2015_2019,19 Hermanas Mirabal,0,2019,42,0.08443419635295868,0.1201113611459732
fit_2015_2019,19 Hermanas Mirabal,0,2019,43,0.10554275661706924,0.10086704790592194
fit_2015_2019,19 Hermanas Mirabal,0,2019,44,0.18997693061828613,0.11471086740493774
fit_2015_2019,19 Hermanas Mirabal,0,2019,45,0.14775985479354858,0.19147002696990967
fit_2015_2019,19 Hermanas Mirabal,0,2019,46,0.12665130198001862,0.14536811411380768
fit_2015_2019,19 Hermanas Mirabal,0,2019,47,0.37995389103889465,0.13065294921398163
fit_2015_2019,19 Hermanas Mirabal,0,2019,48,0.23219403624534607,0.3457312285900116
fit_2015_2019,19 Hermanas Mirabal,0,2019,49,0.31662827730178833,0.18592453002929688
fit_2015_2019,19 Hermanas Mirabal,0,2019,50,0.2744111716747284,0.2875368297100067
fit_2015_2019,19 Hermanas Mirabal,0,2019,51,0.16886840760707855,0.21799509227275848
fit_2015_2019,19 Hermanas Mirabal,0,2019,52,0.23219403624534607,0.15740123391151428
fit_2015_2019,20 Samaná,2,2015,5,0.01815335638821125,0.0068374378606677055
fit_2015_2019,20 Samaná,2,2015,6,0.0,0.019318154081702232
fit_2015_2019,20 Samaná,2,2015,7,0.0363067165017128,-0.0004616766527760774
fit_2015_2019,20 Samaná,2,2015,8,0.0,0.028279269114136696
fit_2015_2019,20 Samaná,2,2015,9,0.0,0.003829035209491849
fit_2015_2019,20 Samaná,2,2015,10,0.0,0.0020148088224232197
fit_2015_2019,20 Samaná,2,2015,11,0.0,0.0052084606140851974
fit_2015_2019,20 Samaná,2,2015,12,0.0,0.005433047190308571
fit_2015_2019,20 Samaná,2,2015,13,0.0,0.004307335242629051
fit_2015_2019,20 Samaná,2,2015,14,0.0,0.00562856812030077
fit_2015_2019,20 Samaná,2,2015,15,0.0,0.005199475213885307
fit_2015_2019,20 Samaná,2,2015,16,0.0,0.004143149126321077
fit_2015_2019,20 Samaná,2,2015,17,0.01815335638821125,0.00527729419991374
fit_2015_2019,20 Samaná,2,2015,18,0.01815335638821125,0.018086040392518044
fit_2015_2019,20 Samaná,2,2015,19,0.01815335638821125,0.022560017183423042
fit_2015_2019,20 Samaná,2,2015,20,0.01815335638821125,0.020868482068181038
fit_2015_2019,20 Samaná,2,2015,21,0.0,0.019986353814601898
fit_2015_2019,20 Samaná,2,2015,22,0.0363067165017128,0.006103164050728083
fit_2015_2019,20 Samaná,2,2015,23,0.1089201495051384,0.03268476948142052
fit_2015_2019,20 Samaná,2,2015,24,0.0363067165017128,0.09225700050592422
fit_2015_2019,20 Samaná,2,2015,25,0.01815335638821125,0.040918365120887756
fit_2015_2019,20 Samaná,2,2015,26,0.01815335638821125,0.020815741270780563
fit_2015_2019,20 Samaná,2,2015,27,0.0,0.020029686391353607
fit_2015_2019,20 Samaná,2,2015,28,0.0,0.009252330288290977
fit_2015_2019,20 Samaná,2,2015,29,0.01815335638821125,0.010955462232232094
fit_2015_2019,20 Samaná,2,2015,30,0.0544600710272789,0.026089724153280258
fit_2015_2019,20 Samaná,2,2015,31,0.14522685110569,0.05495356395840645
fit_2015_2019,20 Samaná,2,2015,32,0.0726134330034256,0.13245712220668793
fit_2015_2019,20 Samaná,2,2015,33,0.0726134330034256,0.08615545928478241
fit_2015_2019,20 Samaná,2,2015,34,0.0544600710272789,0.08235412836074829
fit_2015_2019,20 Samaná,2,2015,35,0.14522685110569,0.0641997829079628
fit_2015_2019,20 Samaná,2,2015,36,0.0726134330034256,0.1361481100320816
fit_2015_2019,20 Samaná,2,2015,37,0.0726134330034256,0.08185239136219025
fit_2015_2019,20 Samaná,2,2015,38,0.1633802056312561,0.07844273000955582
fit_2015_2019,20 Samaná,2,2015,39,0.1815335601568222,0.1486118882894516
fit_2015_2019,20 Samaná,2,2015,40,0.1996869295835495,0.17403198778629303
fit_2015_2019,20 Samaná,2,2015,41,0.1633802056312561,0.19145788252353668
fit_2015_2019,20 Samaná,2,2015,42,0.1996869295835495,0.1558898240327835
fit_2015_2019,20 Samaná,2,2015,43,0.14522685110569,0.17810402810573578
fit_2015_2019,20 Samaná,2,2015,44,0.14522685110569,0.12778346240520477
fit_2015_2019,20 Samaná,2,2015,45,0.14522685110569,0.12842771410942078
fit_2015_2019,20 Samaná,2,2015,46,0.0726134330034256,0.11954640597105026
fit_2015_2019,20 Samaná,2,2015,47,0.0544600710272789,0.059962477535009384
fit_2015_2019,20 Samaná,2,2015,48,0.0363067165017128,0.04369897395372391
fit_2015_2019,20 Samaná,2,2015,49,0.0544600710272789,0.03189142793416977
fit_2015_2019,20 Samaná,2,2015,50,0.0363067165017128,0.04694806784391403
fit_2015_2019,20 Samaná,2,2015,51,0.01815335638821125,0.03684457764029503
fit_2015_2019,20 Samaná,2,2015,52,0.0544600710272789,0.025075802579522133
fit_2015_2019,20 Samaná,2,2016,1,0.01798647828400135,0.05462702736258507
fit_2015_2019,20 Samaná,2,2016,2,0.071945920586586,0.02966584451496601
fit_2015_2019,20 Samaná,2,2016,3,0.1079188734292984,0.07153923809528351
fit_2015_2019,20 Samaná,2,2016,4,0.0899323970079422,0.09629363566637039
fit_2015_2019,20 Samaná,2,2016,5,0.0899323970079422,0.08012761920690536
fit_2015_2019,20 Samaná,2,2016,6,0.01798647828400135,0.07643770426511765
fit_2015_2019,20 Samaná,2,2016,7,0.01798647828400135,0.015439866110682487
fit_2015_2019,20 Samaná,2,2016,8,0.0,0.014932277612388134
fit_2015_2019,20 Samaná,2,2016,9,0.01798647828400135,0.005839157849550247
fit_2015_2019,20 Samaná,2,2016,10,0.0,0.021233366802334785
fit_2015_2019,20 Samaná,2,2016,11,0.0,0.007179914508014917
fit_2015_2019,20 Samaná,2,2016,12,0.0,0.005679434165358543
fit_2015_2019,20 Samaná,2,2016,13,0.071945920586586,0.005504536908119917
fit_2015_2019,20 Samaná,2,2016,14,0.0,0.05898914858698845
fit_2015_2019,20 Samaná,2,2016,15,0.0,0.007908542640507221
fit_2015_2019,20 Samaná,2,2016,16,0.0,0.003112455829977989
fit_2015_2019,20 Samaná,2,2016,17,0.0359729565680027,0.006918543949723244
fit_2015_2019,20 Samaná,2,2016,18,0.01798647828400135,0.0329369455575943
fit_2015_2019,20 Samaná,2,2016,19,0.0359729565680027,0.018467936664819717
fit_2015_2019,20 Samaná,2,2016,20,0.01798647828400135,0.034864746034145355
fit_2015_2019,20 Samaná,2,2016,21,0.0,0.017833858728408813
fit_2015_2019,20 Samaná,2,2016,22,0.0,0.00028682142146863043
fit_2015_2019,20 Samaná,2,2016,23,0.01798647828400135,6.232232408365235e-05
fit_2015_2019,20 Samaná,2,2016,24,0.0,0.014356969855725765
fit_2015_2019,20 Samaná,2,2016,25,0.01798647828400135,0.0025791910011321306
fit_2015_2019,20 Samaná,2,2016,26,0.0,0.013745959848165512
fit_2015_2019,20 Samaná,2,2016,27,0.0,0.0038955174386501312
fit_2015_2019,20 Samaná,2,2016,28,0.01798647828400135,0.004718869458884001
fit_2015_2019,20 Samaná,2,2016,29,0.01798647828400135,0.021517757326364517
fit_2015_2019,20 Samaná,2,2016,30,0.01798647828400135,0.02283264882862568
fit_2015_2019,20 Samaná,2,2016,31,0.0,0.018899576738476753
fit_2015_2019,20 Samaná,2,2016,32,0.0,0.004626333247870207
fit_2015_2019,20 Samaná,2,2016,33,0.0,0.004550503101199865
fit_2015_2019,20 Samaná,2,2016,34,0.0,0.004579427186399698
fit_2015_2019,20 Samaná,2,2016,35,0.0,0.002763599855825305
fit_2015_2019,20 Samaná,2,2016,36,0.0,0.0024163962807506323
fit_2015_2019,20 Samaná,2,2016,37,0.0,-0.0005154659156687558
fit_2015_2019,20 Samaná,2,2016,38,0.0,-0.0017246169736608863
fit_2015_2019,20 Samaná,2,2016,39,0.0,0.0024979752488434315
fit_2015_2019,20 Samaná,2,2016,40,0.01798647828400135,0.0021059380378574133
fit_2015_2019,20 Samaná,2,2016,41,0.0,0.018857333809137344
fit_2015_2019,20 Samaná,2,2016,42,0.0,0.005678078159689903
fit_2015_2019,20 Samaná,2,2016,43,0.0,0.003484083339571953
fit_2015_2019,20 Samaná,2,2016,44,0.0,0.0026336286682635546
fit_2015_2019,20 Samaná,2,2016,45,0.0,0.0014148257905617356
fit_2015_2019,20 Samaná,2,2016,46,0.0,0.00015052050002850592
fit_2015_2019,20 Samaná,2,2016,47,0.0,-0.0024486479815095663
fit_2015_2019,20 Samaná,2,2016,48,0.0,-0.0003664380928967148
fit_2015_2019,20 Samaná,2,2016,49,0.01798647828400135,-0.001078913570381701
fit_2015_2019,20 Samaná,2,2016,50,0.0,0.015084885060787201
fit_2015_2019,20 Samaná,2,2016,51,0.0,-0.001827988657169044
fit_2015_2019,20 Samaná,2,2016,52,0.0,-0.0013768126955255866
fit_2015_2019,20 Samaná,2,2017,1,0.0,0.004589634481817484
fit_2015_2019,20 Samaná,2,2017,2,0.0,0.007272776216268539
fit_2015_2019,20 Samaná,2,2017,3,0.0,0.006231403443962336
fit_2015_2019,20 Samaná,2,2017,4,0.0,0.0024251979775726795
fit_2015_2019,20 Samaná,2,2017,5,0.0,0.003849397413432598
fit_2015_2019,20 Samaná,2,2017,6,0.017823783680796623,0.001192870899103582
fit_2015_2019,20 Samaná,2,2017,7,0.0,0.011229177936911583
fit_2015_2019,20 Samaná,2,2017,8,0.0,-0.0017512064659968019
fit_2015_2019,20 Samaná,2,2017,9,0.0,0.0009100403403863311
fit_2015_2019,20 Samaná,2,2017,10,0.017823783680796623,0.0024757657665759325
fit_2015_2019,20 Samaná,2,2017,11,0.0,0.015413008630275726
fit_2015_2019,20 Samaná,2,2017,12,0.0,0.0011472833575680852
fit_2015_2019,20 Samaná,2,2017,13,0.0,9.374759974889457e-05
fit_2015_2019,20 Samaná,2,2017,14,0.0,0.0005897792871110141
fit_2015_2019,20 Samaná,2,2017,15,0.0,0.0026750368997454643
fit_2015_2019,20 Samaná,2,2017,16,0.0,0.0027387661393731833
fit_2015_2019,20 Samaná,2,2017,17,0.0,0.002775445580482483
fit_2015_2019,20 Samaná,2,2017,18,0.0,0.002727343002334237
fit_2015_2019,20 Samaná,2,2017,19,0.017823783680796623,0.0010892865248024464
fit_2015_2019,20 Samaná,2,2017,20,0.017823783680796623,0.013997090980410576
fit_2015_2019,20 Samaná,2,2017,21,0.05347134917974472,0.01786024309694767
fit_2015_2019,20 Samaná,2,2017,22,0.017823783680796623,0.043360982090234756
fit_2015_2019,20 Samaná,2,2017,23,0.0,0.01609821617603302
fit_2015_2019,20 Samaná,2,2017,24,0.03564756363630295,0.00023966545995790511
fit_2015_2019,20 Samaná,2,2017,25,0.017823783680796623,0.028911154717206955
fit_2015_2019,20 Samaná,2,2017,26,0.0,0.019287962466478348
fit_2015_2019,20 Samaná,2,2017,27,0.0,0.003258728189393878
fit_2015_2019,20 Samaná,2,2017,28,0.017823783680796623,0.003589074360206723
fit_2015_2019,20 Samaná,2,2017,29,0.0,0.020084841176867485
fit_2015_2019,20 Samaná,2,2017,30,0.05347134917974472,0.007045497186481953
fit_2015_2019,20 Samaná,2,2017,31,0.0,0.045463789254426956
fit_2015_2019,20 Samaná,2,2017,32,0.0,0.007484900299459696
fit_2015_2019,20 Samaná,2,2017,33,0.0,0.0033802655525505543
fit_2015_2019,20 Samaná,2,2017,34,0.0,0.002187547739595175
fit_2015_2019,20 Samaná,2,2017,35,0.0,0.0034610708244144917
fit_2015_2019,20 Samaná,2,2017,36,0.12476648390293121,0.003924299497157335
fit_2015_2019,20 Samaná,2,2017,37,0.03564756363630295,0.09991788119077682
fit_2015_2019,20 Samaná,2,2017,38,0.017823783680796623,0.03306974843144417
fit_2015_2019,20 Samaná,2,2017,39,0.0,0.0180036798119545
fit_2015_2019,20 Samaná,2,2017,40,0.0,-0.0009991114493459463
fit_2015_2019,20 Samaná,2,2017,41,0.0,0.002768788719549775
fit_2015_2019,20 Samaná,2,2017,42,0.0,0.0017445908160880208
fit_2015_2019,20 Samaná,2,2017,43,0.0,0.0009281320380978286
fit_2015_2019,20 Samaná,2,2017,44,0.0,0.002229616977274418
fit_2015_2019,20 Samaná,2,2017,45,0.0,0.0016178411897271872
fit_2015_2019,20 Samaná,2,2017,46,0.0,-0.0008368304115720093
fit_2015_2019,20 Samaná,2,2017,47,0.0,-0.0035914985928684473
fit_2015_2019,20 Samaná,2,2017,48,0.0,-0.002049057511612773
fit_2015_2019,20 Samaná,2,2017,49,0.0,-0.002440580166876316
fit_2015_2019,20 Samaná,2,2017,50,0.0,-0.0025685206055641174
fit_2015_2019,20 Samaná,2,2017,51,0.03564756363630295,-0.00034857052378356457
fit_2015_2019,20 Samaná,2,2017,52,0.0,0.030124183744192123
fit_2015_2019,20 Samaná,2,2018,1,0.01765935681760311,-0.0014829841675236821
fit_2015_2019,20 Samaná,2,2018,2,0.0,0.015867508947849274
fit_2015_2019,20 Samaná,2,2018,3,0.0,0.0033356586936861277
fit_2015_2019,20 Samaná,2,2018,4,0.0,0.0005951319471932948
fit_2015_2019,20 Samaná,2,2018,5,0.0,0.0004965777625329792
fit_2015_2019,20 Samaná,2,2018,6,0.0,-0.0013732599327340722
fit_2015_2019,20 Samaná,2,2018,7,0.0,-0.003761333879083395
fit_2015_2019,20 Samaná,2,2018,8,0.0,-0.0038794679567217827
fit_2015_2019,20 Samaná,2,2018,9,0.01765935681760311,1.895445711852517e-05
fit_2015_2019,20 Samaná,2,2018,10,0.05297807231545448,0.015021435916423798
fit_2015_2019,20 Samaná,2,2018,11,0.0,0.041902218014001846
fit_2015_2019,20 Samaná,2,2018,12,0.05297807231545448,-0.00046955569996498525
fit_2015_2019,20 Samaná,2,2018,13,0.01765935681760311,0.03707955777645111
fit_2015_2019,20 Samaná,2,2018,14,0.0,0.01450787391513586
fit_2015_2019,20 Samaná,2,2018,15,0.0,-0.0007282561855390668
fit_2015_2019,20 Samaná,2,2018,16,0.0,-1.1771848221542314e-05
fit_2015_2019,20 Samaná,2,2018,17,0.0,0.0007525308756157756
fit_2015_2019,20 Samaná,2,2018,18,0.0,0.0014300429029390216
fit_2015_2019,20 Samaná,2,2018,19,0.0,0.00222634244710207
fit_2015_2019,20 Samaná,2,2018,20,0.0,0.001608613645657897
fit_2015_2019,20 Samaná,2,2018,21,0.03531871363520622,0.0022944603115320206
fit_2015_2019,20 Samaná,2,2018,22,0.0,0.028043532744050026
fit_2015_2019,20 Samaná,2,2018,23,0.01765935681760311,0.006835866253823042
fit_2015_2019,20 Samaná,2,2018,24,0.0,0.015117091126739979
fit_2015_2019,20 Samaná,2,2018,25,0.01765935681760311,0.0030203908681869507
fit_2015_2019,20 Samaná,2,2018,26,0.0,0.0150083526968956
fit_2015_2019,20 Samaná,2,2018,27,0.0,0.004648764152079821
fit_2015_2019,20 Samaná,2,2018,28,0.0,0.004155560862272978
fit_2015_2019,20 Samaná,2,2018,29,0.0,0.0060578761622309685
fit_2015_2019,20 Samaná,2,2018,30,0.0,0.005967537872493267
fit_2015_2019,20 Samaná,2,2018,31,0.01765935681760311,0.0036772992461919785
fit_2015_2019,20 Samaná,2,2018,32,0.0,0.017719214782118797
fit_2015_2019,20 Samaná,2,2018,33,0.0,0.004456824157387018
fit_2015_2019,20 Samaná,2,2018,34,0.0,0.004477764014154673
fit_2015_2019,20 Samaná,2,2018,35,0.0,0.005600687116384506
fit_2015_2019,20 Samaná,2,2018,36,0.01765935681760311,0.004490891005843878
fit_2015_2019,20 Samaná,2,2018,37,0.0,0.015134533867239952
fit_2015_2019,20 Samaná,2,2018,38,0.0,0.00436980277299881
fit_2015_2019,20 Samaná,2,2018,39,0.0,0.004677328281104565
fit_2015_2019,20 Samaná,2,2018,40,0.0,0.005993733648210764
fit_2015_2019,20 Samaná,2,2018,41,0.0,0.003155965358018875
fit_2015_2019,20 Samaná,2,2018,42,0.0,0.002285446971654892
fit_2015_2019,20 Samaná,2,2018,43,0.01765935681760311,0.004050228279083967
fit_2015_2019,20 Samaná,2,2018,44,0.03531871363520622,0.016904037445783615
fit_2015_2019,20 Samaná,2,2018,45,0.01765935681760311,0.03263888508081436
fit_2015_2019,20 Samaná,2,2018,46,0.0,0.01794438250362873
fit_2015_2019,20 Samaná,2,2018,47,0.01765935681760311,0.003194954711943865
fit_2015_2019,20 Samaná,2,2018,48,0.01765935681760311,0.01862398348748684
fit_2015_2019,20 Samaná,2,2018,49,0.0,0.018754679709672928
fit_2015_2019,20 Samaná,2,2018,50,0.0,0.0012798706302419305
fit_2015_2019,20 Samaná,2,2018,51,0.0,0.0015930058434605598
fit_2015_2019,20 Samaná,2,2018,52,0.01765935681760311,0.002337019657716155
fit_2015_2019,20 Samaná,2,2019,1,0.017504703253507614,0.019014231860637665
fit_2015_2019,20 Samaná,2,2019,2,0.0,0.018207669258117676
fit_2015_2019,20 Samaná,2,2019,3,0.017504703253507614,0.004939911887049675
fit_2015_2019,20 Samaná,2,2019,4,0.017504703253507614,0.01774016208946705
fit_2015_2019,20 Samaná,2,2019,5,0.017504703253507614,0.01886807195842266
fit_2015_2019,20 Samaná,2,2019,6,0.0,0.014615710824728012
fit_2015_2019,20 Samaná,2,2019,7,0.0,-0.0010301860747858882
fit_2015_2019,20 Samaná,2,2019,8,0.0,-0.00030074588721618056
fit_2015_2019,20 Samaná,2,2019,9,0.0,0.0036328511778265238
fit_2015_2019,20 Samaná,2,2019,10,0.0,0.004692255984991789
fit_2015_2019,20 Samaná,2,2019,11,0.0,0.0038115568459033966
fit_2015_2019,20 Samaná,2,2019,12,0.017504703253507614,0.003804788226261735
fit_2015_2019,20 Samaná,2,2019,13,0.017504703253507614,0.018067097291350365
fit_2015_2019,20 Samaná,2,2019,14,0.0,0.01691969856619835
fit_2015_2019,20 Samaná,2,2019,15,0.03500940650701523,0.0010239244438707829
fit_2015_2019,20 Samaná,2,2019,16,0.0,0.029265839606523514
fit_2015_2019,20 Samaná,2,2019,17,0.0,0.004543181508779526
fit_2015_2019,20 Samaná,2,2019,18,0.03500940650701523,0.002861361252143979
fit_2015_2019,20 Samaná,2,2019,19,0.017504703253507614,0.02835187315940857
fit_2015_2019,20 Samaná,2,2019,20,0.017504703253507614,0.02079770527780056
fit_2015_2019,20 Samaná,2,2019,21,0.017504703253507614,0.017550282180309296
fit_2015_2019,20 Samaná,2,2019,22,0.017504703253507614,0.015328674577176571
fit_2015_2019,20 Samaná,2,2019,23,0.0,0.016577502712607384
fit_2015_2019,20 Samaná,2,2019,24,0.03500940650701523,0.0035755031276494265
fit_2015_2019,20 Samaná,2,2019,25,0.0,0.030376840382814407
fit_2015_2019,20 Samaná,2,2019,26,0.0,0.006222202908247709
fit_2015_2019,20 Samaná,2,2019,27,0.017504703253507614,0.0029990889597684145
fit_2015_2019,20 Samaná,2,2019,28,0.03500940650701523,0.021295247599482536
fit_2015_2019,20 Samaná,2,2019,29,0.017504703253507614,0.03998845815658569
fit_2015_2019,20 Samaná,2,2019,30,0.052514106035232544,0.02755553647875786
fit_2015_2019,20 Samaná,2,2019,31,0.052514106035232544,0.052293773740530014
fit_2015_2019,20 Samaná,2,2019,32,0.0,0.05542340874671936
fit_2015_2019,20 Samaná,2,2019,33,0.03500940650701523,0.01439434103667736
fit_2015_2019,20 Samaná,2,2019,34,0.08752351254224777,0.03855485841631889
fit_2015_2019,20 Samaná,2,2019,35,0.08752351254224777,0.08268778771162033
fit_2015_2019,20 Samaná,2,2019,36,0.08752351254224777,0.08805156499147415
fit_2015_2019,20 Samaná,2,2019,37,0.017504703253507614,0.08770649880170822
fit_2015_2019,20 Samaná,2,2019,38,0.08752351254224777,0.030902313068509102
fit_2015_2019,20 Samaná,2,2019,39,0.017504703253507614,0.08388754725456238
fit_2015_2019,20 Samaná,2,2019,40,0.07001881301403046,0.029942886903882027
fit_2015_2019,20 Samaná,2,2019,41,0.10502821207046509,0.06885542720556259
fit_2015_2019,20 Samaná,2,2019,42,0.08752351254224777,0.0953853502869606
fit_2015_2019,20 Samaná,2,2019,43,0.017504703253507614,0.08187933266162872
fit_2015_2019,20 Samaná,2,2019,44,0.017504703253507614,0.023531503975391388
fit_2015_2019,20 Samaná,2,2019,45,0.03500940650701523,0.020960822701454163
fit_2015_2019,20 Samaná,2,2019,46,0.03500940650701523,0.03425448760390282
fit_2015_2019,20 Samaná,2,2019,47,0.052514106035232544,0.03382277488708496
fit_2015_2019,20 Samaná,2,2019,48,0.07001881301403046,0.048444297164678574
fit_2015_2019,20 Samaná,2,2019,49,0.0,0.06193264201283455
fit_2015_2019,20 Samaná,2,2019,50,0.0,0.002585753332823515
fit_2015_2019,20 Samaná,2,2019,51,0.03500940650701523,-0.0007067915867082775
fit_2015_2019,20 Samaná,2,2019,52,0.017504703253507614,0.03205662965774536
fit_2015_2019,21 San Cristóbal,4,2015,5,0.02895364537835121,0.006985774729400873
fit_2015_2019,21 San Cristóbal,4,2015,6,0.012868287973105907,0.022707734256982803
fit_2015_2019,21 San Cristóbal,4,2015,7,0.012868287973105907,0.014434214681386948
fit_2015_2019,21 San Cristóbal,4,2015,8,0.012868287973105907,0.013812834396958351
fit_2015_2019,21 San Cristóbal,4,2015,9,0.02895364537835121,0.013203131966292858
fit_2015_2019,21 San Cristóbal,4,2015,10,0.025736572220921516,0.02304960787296295
fit_2015_2019,21 San Cristóbal,4,2015,11,0.01608535833656788,0.02404780685901642
fit_2015_2019,21 San Cristóbal,4,2015,12,0.012868287973105907,0.018068434670567513
fit_2015_2019,21 San Cristóbal,4,2015,13,0.003217071760445833,0.01455879956483841
fit_2015_2019,21 San Cristóbal,4,2015,14,0.006434143055230379,0.00798874907195568
fit_2015_2019,21 San Cristóbal,4,2015,15,0.012868287973105907,0.008001694455742836
fit_2015_2019,21 San Cristóbal,4,2015,16,0.006434143055230379,0.01183503121137619
fit_2015_2019,21 San Cristóbal,4,2015,17,0.012868287973105907,0.009648182429373264
fit_2015_2019,21 San Cristóbal,4,2015,18,0.02251950092613697,0.012791458517313004
fit_2015_2019,21 San Cristóbal,4,2015,19,0.03860485926270485,0.022386720404028893
fit_2015_2019,21 San Cristóbal,4,2015,20,0.02895364537835121,0.034177981317043304
fit_2015_2019,21 San Cristóbal,4,2015,21,0.009651213884353638,0.03207700327038765
fit_2015_2019,21 San Cristóbal,4,2015,22,0.03217071667313576,0.019668102264404297
fit_2015_2019,21 San Cristóbal,4,2015,23,0.03217071667313576,0.030391884967684746
fit_2015_2019,21 San Cristóbal,4,2015,24,0.0353877879679203,0.034733012318611145
fit_2015_2019,21 San Cristóbal,4,2015,25,0.01608535833656788,0.0386226512491703
fit_2015_2019,21 San Cristóbal,4,2015,26,0.02251950092613697,0.027493320405483246
fit_2015_2019,21 San Cristóbal,4,2015,27,0.0353877879679203,0.028413744643330574
fit_2015_2019,21 San Cristóbal,4,2015,28,0.04825607314705849,0.03673252835869789
fit_2015_2019,21 San Cristóbal,4,2015,29,0.04825607314705849,0.0488768145442009
fit_2015_2019,21 San Cristóbal,4,2015,30,0.03217071667313576,0.05252192169427872
fit_2015_2019,21 San Cristóbal,4,2015,31,0.06112435832619667,0.043243736028671265
fit_2015_2019,21 San Cristóbal,4,2015,32,0.08364386111497879,0.059191931039094925
fit_2015_2019,21 San Cristóbal,4,2015,33,0.06755850464105606,0.08005167543888092
fit_2015_2019,21 San Cristóbal,4,2015,34,0.04825607314705849,0.0771443322300911
fit_2015_2019,21 San Cristóbal,4,2015,35,0.06434143334627151,0.06254164129495621
fit_2015_2019,21 San Cristóbal,4,2015,36,0.0707755759358406,0.0678277537226677
fit_2015_2019,21 San Cristóbal,4,2015,37,0.06755850464105606,0.07152608036994934
fit_2015_2019,21 San Cristóbal,4,2015,38,0.1125975027680397,0.07604073733091354
fit_2015_2019,21 San Cristóbal,4,2015,39,0.11903165280818939,0.10433164238929749
fit_2015_2019,21 San Cristóbal,4,2015,40,0.13189993798732758,0.11692063510417938
fit_2015_2019,21 San Cristóbal,4,2015,41,0.14476820826530457,0.12800762057304382
fit_2015_2019,21 San Cristóbal,4,2015,42,0.15763650834560394,0.13603226840496063
fit_2015_2019,21 San Cristóbal,4,2015,43,0.17693892121315002,0.14296163618564606
fit_2015_2019,21 San Cristóbal,4,2015,44,0.13511700928211212,0.15407617390155792
fit_2015_2019,21 San Cristóbal,4,2015,45,0.08364386111497879,0.12560512125492096
fit_2015_2019,21 San Cristóbal,4,2015,46,0.09651214629411697,0.08143199235200882
fit_2015_2019,21 San Cristóbal,4,2015,47,0.08686093240976334,0.07417578995227814
fit_2015_2019,21 San Cristóbal,4,2015,48,0.08686093240976334,0.06849578022956848
fit_2015_2019,21 San Cristóbal,4,2015,49,0.09651214629411697,0.07328175753355026
fit_2015_2019,21 San Cristóbal,4,2015,50,0.04503900185227394,0.07933095097541809
fit_2015_2019,21 San Cristóbal,4,2015,51,0.0707755759358406,0.05001377314329147
fit_2015_2019,21 San Cristóbal,4,2015,52,0.05790729075670242,0.061406832188367844
fit_2015_2019,21 San Cristóbal,4,2016,1,0.07002070546150208,0.05433105677366257
fit_2015_2019,21 San Cristóbal,4,2016,2,0.06047242134809494,0.06163647770881653
fit_2015_2019,21 San Cristóbal,4,2016,3,0.06047242134809494,0.05661934241652489
fit_2015_2019,21 San Cristóbal,4,2016,4,0.041375868022441864,0.055604781955480576
fit_2015_2019,21 San Cristóbal,4,2016,5,0.03501034900546074,0.042789340019226074
fit_2015_2019,21 San Cristóbal,4,2016,6,0.03501034900546074,0.03598808869719505
fit_2015_2019,21 San Cristóbal,4,2016,7,0.0509241446852684,0.03455673158168793
fit_2015_2019,21 San Cristóbal,4,2016,8,0.0127310361713171,0.04598744958639145
fit_2015_2019,21 San Cristóbal,4,2016,9,0.02227931283414364,0.023516224697232246
fit_2015_2019,21 San Cristóbal,4,2016,10,0.03501034900546074,0.02388652041554451
fit_2015_2019,21 San Cristóbal,4,2016,11,0.0127310361713171,0.03116089105606079
fit_2015_2019,21 San Cristóbal,4,2016,12,0.0127310361713171,0.01929209567606449
fit_2015_2019,21 San Cristóbal,4,2016,13,0.031827591359615326,0.015068816021084785
fit_2015_2019,21 San Cristóbal,4,2016,14,0.015913795679807663,0.026647331193089485
fit_2015_2019,21 San Cristóbal,4,2016,15,0.006365517154335976,0.020242005586624146
fit_2015_2019,21 San Cristóbal,4,2016,16,0.009548277594149113,0.011906107887625694
fit_2015_2019,21 San Cristóbal,4,2016,17,0.0,0.012273567728698254
fit_2015_2019,21 San Cristóbal,4,2016,18,0.0127310361713171,0.007668843027204275
fit_2015_2019,21 San Cristóbal,4,2016,19,0.006365517154335976,0.012732860632240772
fit_2015_2019,21 San Cristóbal,4,2016,20,0.02227931283414364,0.013511240482330322
fit_2015_2019,21 San Cristóbal,4,2016,21,0.019096555188298225,0.020567063242197037
fit_2015_2019,21 San Cristóbal,4,2016,22,0.015913795679807663,0.020957978442311287
fit_2015_2019,21 San Cristóbal,4,2016,23,0.0127310361713171,0.01949351839721203
fit_2015_2019,21 San Cristóbal,4,2016,24,0.009548277594149113,0.016564656049013138
fit_2015_2019,21 San Cristóbal,4,2016,25,0.02227931283414364,0.014136863872408867
fit_2015_2019,21 San Cristóbal,4,2016,26,0.009548277594149113,0.02106047421693802
fit_2015_2019,21 San Cristóbal,4,2016,27,0.0127310361713171,0.016315137967467308
fit_2015_2019,21 San Cristóbal,4,2016,28,0.003182760439813137,0.01573779061436653
fit_2015_2019,21 San Cristóbal,4,2016,29,0.006365517154335976,0.009135225787758827
fit_2015_2019,21 San Cristóbal,4,2016,30,0.006365517154335976,0.007798271253705025
fit_2015_2019,21 San Cristóbal,4,2016,31,0.003182760439813137,0.0078809205442667
fit_2015_2019,21 San Cristóbal,4,2016,32,0.0,0.006233489606529474
fit_2015_2019,21 San Cristóbal,4,2016,33,0.006365517154335976,0.001789683010429144
fit_2015_2019,21 San Cristóbal,4,2016,34,0.0,0.004958623088896275
fit_2015_2019,21 San Cristóbal,4,2016,35,0.009548277594149113,0.0009164909715764225
fit_2015_2019,21 San Cristóbal,4,2016,36,0.003182760439813137,0.007046009413897991
fit_2015_2019,21 San Cristóbal,4,2016,37,0.0,0.0036805598065257072
fit_2015_2019,21 San Cristóbal,4,2016,38,0.009548277594149113,0.0007511663716286421
fit_2015_2019,21 San Cristóbal,4,2016,39,0.0,0.006287505384534597
fit_2015_2019,21 San Cristóbal,4,2016,40,0.0,0.0017374855233356357
fit_2015_2019,21 San Cristóbal,4,2016,41,0.0254620723426342,0.0009265287080779672
fit_2015_2019,21 San Cristóbal,4,2016,42,0.003182760439813137,0.016747616231441498
fit_2015_2019,21 San Cristóbal,4,2016,43,0.003182760439813137,0.006756027229130268
fit_2015_2019,21 San Cristóbal,4,2016,44,0.006365517154335976,0.003802297869697213
fit_2015_2019,21 San Cristóbal,4,2016,45,0.0,0.005277842748910189
fit_2015_2019,21 San Cristóbal,4,2016,46,0.0127310361713171,0.0010606530122458935
fit_2015_2019,21 San Cristóbal,4,2016,47,0.009548277594149113,0.008452752605080605
fit_2015_2019,21 San Cristóbal,4,2016,48,0.0127310361713171,0.008215096779167652
fit_2015_2019,21 San Cristóbal,4,2016,49,0.003182760439813137,0.010672220960259438
fit_2015_2019,21 San Cristóbal,4,2016,50,0.003182760439813137,0.0024775920901447535
fit_2015_2019,21 San Cristóbal,4,2016,51,0.003182760439813137,0.0028691506013274193
fit_2015_2019,21 San Cristóbal,4,2016,52,0.006365517154335976,0.004287440795451403
fit_2015_2019,21 San Cristóbal,4,2017,1,0.0,0.006719787139445543
fit_2015_2019,21 San Cristóbal,4,2017,2,0.012597417458891869,0.002518041292205453
fit_2015_2019,21 San Cristóbal,4,2017,3,0.0,0.008060138672590256
fit_2015_2019,21 San Cristóbal,4,2017,4,0.0,0.001031069434247911
fit_2015_2019,21 San Cristóbal,4,2017,5,0.0,-0.00039123912574723363
fit_2015_2019,21 San Cristóbal,4,2017,6,0.0,-0.0010443312348797917
fit_2015_2019,21 San Cristóbal,4,2017,7,0.006298708263784647,-0.0011850311420857906
fit_2015_2019,21 San Cristóbal,4,2017,8,0.003149354597553611,0.004105286207050085
fit_2015_2019,21 San Cristóbal,4,2017,9,0.0,0.002757731359452009
fit_2015_2019,21 San Cristóbal,4,2017,10,0.0,0.000242866255575791
fit_2015_2019,21 San Cristóbal,4,2017,11,0.0,-5.3288858907762915e-05
fit_2015_2019,21 San Cristóbal,4,2017,12,0.0,-0.0006487127393484116
fit_2015_2019,21 San Cristóbal,4,2017,13,0.003149354597553611,-0.0009480129810981452
fit_2015_2019,21 San Cristóbal,4,2017,14,0.006298708263784647,0.0004636602243408561
fit_2015_2019,21 San Cristóbal,4,2017,15,0.003149354597553611,0.003963985946029425
fit_2015_2019,21 San Cristóbal,4,2017,16,0.0,0.0031309013720601797
fit_2015_2019,21 San Cristóbal,4,2017,17,0.006298708263784647,0.0014621155569329858
fit_2015_2019,21 San Cristóbal,4,2017,18,0.006298708263784647,0.004731857217848301
fit_2015_2019,21 San Cristóbal,4,2017,19,0.006298708263784647,0.0058832596987485886
fit_2015_2019,21 San Cristóbal,4,2017,20,0.006298708263784647,0.008166095241904259
fit_2015_2019,21 San Cristóbal,4,2017,21,0.003149354597553611,0.007898814044892788
fit_2015_2019,21 San Cristóbal,4,2017,22,0.003149354597553611,0.005398834589868784
fit_2015_2019,21 San Cristóbal,4,2017,23,0.0,0.00391988642513752
fit_2015_2019,21 San Cristóbal,4,2017,24,0.003149354597553611,0.0023680832237005234
fit_2015_2019,21 San Cristóbal,4,2017,25,0.009448063559830189,0.0037122631911188364
fit_2015_2019,21 San Cristóbal,4,2017,26,0.006298708263784647,0.009230942465364933
fit_2015_2019,21 San Cristóbal,4,2017,27,0.0,0.00889376737177372
fit_2015_2019,21 San Cristóbal,4,2017,28,0.0,0.004401067737489939
fit_2015_2019,21 San Cristóbal,4,2017,29,0.003149354597553611,0.0031138199847191572
fit_2015_2019,21 San Cristóbal,4,2017,30,0.003149354597553611,0.002937640994787216
fit_2015_2019,21 San Cristóbal,4,2017,31,0.006298708263784647,0.0037087409291416407
fit_2015_2019,21 San Cristóbal,4,2017,32,0.006298708263784647,0.005731044802814722
fit_2015_2019,21 San Cristóbal,4,2017,33,0.0,0.006538608577102423
fit_2015_2019,21 San Cristóbal,4,2017,34,0.003149354597553611,0.0022786215413361788
fit_2015_2019,21 San Cristóbal,4,2017,35,0.0,0.0030833459459245205
fit_2015_2019,21 San Cristóbal,4,2017,36,0.0,0.001517108059488237
fit_2015_2019,21 San Cristóbal,4,2017,37,0.009448063559830189,0.000409381405916065
fit_2015_2019,21 San Cristóbal,4,2017,38,0.015746770426630974,0.008047946728765965
fit_2015_2019,21 San Cristóbal,4,2017,39,0.009448063559830189,0.013267213478684425
fit_2015_2019,21 San Cristóbal,4,2017,40,0.022045478224754333,0.010481338016688824
fit_2015_2019,21 San Cristóbal,4,2017,41,0.015746770426630974,0.01751290261745453
fit_2015_2019,21 San Cristóbal,4,2017,42,0.0,0.015595695935189724
fit_2015_2019,21 San Cristóbal,4,2017,43,0.003149354597553611,0.004323587752878666
fit_2015_2019,21 San Cristóbal,4,2017,44,0.0,0.002919572638347745
fit_2015_2019,21 San Cristóbal,4,2017,45,0.0,0.0011827521957457066
fit_2015_2019,21 San Cristóbal,4,2017,46,0.003149354597553611,0.0001272006775252521
fit_2015_2019,21 San Cristóbal,4,2017,47,0.006298708263784647,0.0013737569097429514
fit_2015_2019,21 San Cristóbal,4,2017,48,0.0,0.0038186991587281227
fit_2015_2019,21 San Cristóbal,4,2017,49,0.0,-0.0014493680791929364
fit_2015_2019,21 San Cristóbal,4,2017,50,0.0,-0.0015301273670047522
fit_2015_2019,21 San Cristóbal,4,2017,51,0.0,-0.0011249668896198273
fit_2015_2019,21 San Cristóbal,4,2017,52,0.0,-0.0014837132766842842
fit_2015_2019,21 San Cristóbal,4,2018,1,0.0031158116180449724,-0.0013030428672209382
fit_2015_2019,21 San Cristóbal,4,2018,2,0.0031158116180449724,0.001415739767253399
fit_2015_2019,21 San Cristóbal,4,2018,3,0.0,-0.0021263521630316973
fit_2015_2019,21 San Cristóbal,4,2018,4,0.0031158116180449724,-0.00292608723975718
fit_2015_2019,21 San Cristóbal,4,2018,5,0.0,0.0007853200077079237
fit_2015_2019,21 San Cristóbal,4,2018,6,0.0,-0.0008133953670039773
fit_2015_2019,21 San Cristóbal,4,2018,7,0.0,-0.0004687216132879257
fit_2015_2019,21 San Cristóbal,4,2018,8,0.0,0.00025679488317109644
fit_2015_2019,21 San Cristóbal,4,2018,9,0.0,-0.000827197392936796
fit_2015_2019,21 San Cristóbal,4,2018,10,0.0,-0.0008877409854903817
fit_2015_2019,21 San Cristóbal,4,2018,11,0.006231620907783508,-0.0014391271397471428
fit_2015_2019,21 San Cristóbal,4,2018,12,0.006231620907783508,0.002390521578490734
fit_2015_2019,21 San Cristóbal,4,2018,13,0.0031158116180449724,0.0035429850686341524
fit_2015_2019,21 San Cristóbal,4,2018,14,0.0031158116180449724,0.0005933911888860166
fit_2015_2019,21 San Cristóbal,4,2018,15,0.009347430430352688,0.0017786589451134205
fit_2015_2019,21 San Cristóbal,4,2018,16,0.0031158116180449724,0.006361556239426136
fit_2015_2019,21 San Cristóbal,4,2018,17,0.0,0.003716978244483471
fit_2015_2019,21 San Cristóbal,4,2018,18,0.0,0.0013261953135952353
fit_2015_2019,21 San Cristóbal,4,2018,19,0.0031158116180449724,0.001145881018601358
fit_2015_2019,21 San Cristóbal,4,2018,20,0.006231620907783508,0.0018860953859984875
fit_2015_2019,21 San Cristóbal,4,2018,21,0.0,0.007448864635080099
fit_2015_2019,21 San Cristóbal,4,2018,22,0.0,0.002483985386788845
fit_2015_2019,21 San Cristóbal,4,2018,23,0.0031158116180449724,0.00019086484098806977
fit_2015_2019,21 San Cristóbal,4,2018,24,0.0,0.0019419846357777715
fit_2015_2019,21 San Cristóbal,4,2018,25,0.0,0.0012101023457944393
fit_2015_2019,21 San Cristóbal,4,2018,26,0.0031158116180449724,0.0007360789459198713
fit_2015_2019,21 San Cristóbal,4,2018,27,0.0031158116180449724,0.003028715727850795
fit_2015_2019,21 San Cristóbal,4,2018,28,0.0031158116180449724,0.003464248264208436
fit_2015_2019,21 San Cristóbal,4,2018,29,0.0,0.004393681418150663
fit_2015_2019,21 San Cristóbal,4,2018,30,0.0031158116180449724,0.0008744991500861943
fit_2015_2019,21 San Cristóbal,4,2018,31,0.0,0.0024695589672774076
fit_2015_2019,21 San Cristóbal,4,2018,32,0.0,0.0011827334528788924
fit_2015_2019,21 San Cristóbal,4,2018,33,0.0031158116180449724,0.0004738462157547474
fit_2015_2019,21 San Cristóbal,4,2018,34,0.0031158116180449724,0.0030796315986663103
fit_2015_2019,21 San Cristóbal,4,2018,35,0.0,0.003722063498571515
fit_2015_2019,21 San Cristóbal,4,2018,36,0.0031158116180449724,0.0017358883051201701
fit_2015_2019,21 San Cristóbal,4,2018,37,0.006231620907783508,0.003612800035625696
fit_2015_2019,21 San Cristóbal,4,2018,38,0.0031158116180449724,0.007316447328776121
fit_2015_2019,21 San Cristóbal,4,2018,39,0.0031158116180449724,0.006097607780247927
fit_2015_2019,21 San Cristóbal,4,2018,40,0.0,0.005392448510974646
fit_2015_2019,21 San Cristóbal,4,2018,41,0.006231620907783508,0.0023531168699264526
fit_2015_2019,21 San Cristóbal,4,2018,42,0.006231620907783508,0.0065833693370223045
fit_2015_2019,21 San Cristóbal,4,2018,43,0.0031158116180449724,0.006440944503992796
fit_2015_2019,21 San Cristóbal,4,2018,44,0.006231620907783508,0.0047751376405358315
fit_2015_2019,21 San Cristóbal,4,2018,45,0.0,0.005708879791200161
fit_2015_2019,21 San Cristóbal,4,2018,46,0.0031158116180449724,0.002820191904902458
fit_2015_2019,21 San Cristóbal,4,2018,47,0.012463240884244442,0.0043154205195605755
fit_2015_2019,21 San Cristóbal,4,2018,48,0.012463240884244442,0.010328509844839573
fit_2015_2019,21 San Cristóbal,4,2018,49,0.006231620907783508,0.011699672788381577
fit_2015_2019,21 San Cristóbal,4,2018,50,0.0,0.008521062321960926
fit_2015_2019,21 San Cristóbal,4,2018,51,0.0031158116180449724,0.0010983564425259829
fit_2015_2019,21 San Cristóbal,4,2018,52,0.0,0.0035783855710178614
fit_2015_2019,21 San Cristóbal,4,2019,1,0.0,0.0031084760557860136
fit_2015_2019,21 San Cristóbal,4,2019,2,0.003084384836256504,0.00314284092746675
fit_2015_2019,21 San Cristóbal,4,2019,3,0.0,0.003186041722074151
fit_2015_2019,21 San Cristóbal,4,2019,4,0.003084384836256504,0.0011091381311416626
fit_2015_2019,21 San Cristóbal,4,2019,5,0.009253153577446938,0.002728235675022006
fit_2015_2019,21 San Cristóbal,4,2019,6,0.003084384836256504,0.006914822850376368
fit_2015_2019,21 San Cristóbal,4,2019,7,0.018506309017539024,0.003832958173006773
fit_2015_2019,21 San Cristóbal,4,2019,8,0.012337539345026016,0.014904987066984177
fit_2015_2019,21 San Cristóbal,4,2019,9,0.01542192418128252,0.012977002188563347
fit_2015_2019,21 San Cristóbal,4,2019,10,0.021590694785118103,0.014940669760107994
fit_2015_2019,21 San Cristóbal,4,2019,11,0.018506309017539024,0.01932060718536377
fit_2015_2019,21 San Cristóbal,4,2019,12,0.01542192418128252,0.01751178689301014
fit_2015_2019,21 San Cristóbal,4,2019,13,0.018506309017539024,0.015948085114359856
fit_2015_2019,21 San Cristóbal,4,2019,14,0.03084384836256504,0.01821725256741047
fit_2015_2019,21 San Cristóbal,4,2019,15,0.018506309017539024,0.026183009147644043
fit_2015_2019,21 San Cristóbal,4,2019,16,0.0,0.021331612020730972
fit_2015_2019,21 San Cristóbal,4,2019,17,0.01542192418128252,0.008259674534201622
fit_2015_2019,21 San Cristóbal,4,2019,18,0.021590694785118103,0.014198597520589828
fit_2015_2019,21 San Cristóbal,4,2019,19,0.018506309017539024,0.0196401234716177
fit_2015_2019,21 San Cristóbal,4,2019,20,0.027759462594985962,0.022461922839283943
fit_2015_2019,21 San Cristóbal,4,2019,21,0.03392823040485382,0.027471370995044708
fit_2015_2019,21 San Cristóbal,4,2019,22,0.049350157380104065,0.03341217711567879
fit_2015_2019,21 San Cristóbal,4,2019,23,0.03701261803507805,0.04691315442323685
fit_2015_2019,21 San Cristóbal,4,2019,24,0.08019400388002396,0.04286973923444748
fit_2015_2019,21 San Cristóbal,4,2019,25,0.055518925189971924,0.07247200608253479
fit_2015_2019,21 San Cristóbal,4,2019,26,0.07094085216522217,0.06689686328172684
fit_2015_2019,21 San Cristóbal,4,2019,27,0.13262854516506195,0.07628817111253738
fit_2015_2019,21 San Cristóbal,4,2019,28,0.12337539345026016,0.11980056017637253
fit_2015_2019,21 San Cristóbal,4,2019,29,0.1573036164045334,0.13220639526844025
fit_2015_2019,21 San Cristóbal,4,2019,30,0.16347238421440125,0.15783223509788513
fit_2015_2019,21 San Cristóbal,4,2019,31,0.1573036164045334,0.16816754639148712
fit_2015_2019,21 San Cristóbal,4,2019,32,0.18506309390068054,0.16632752120494843
fit_2015_2019,21 San Cristóbal,4,2019,33,0.18814747035503387,0.17950400710105896
fit_2015_2019,21 San Cristóbal,4,2019,34,0.18197870254516602,0.18285205960273743
fit_2015_2019,21 San Cristóbal,4,2019,35,0.14496609568595886,0.17906005680561066
fit_2015_2019,21 San Cristóbal,4,2019,36,0.18197870254516602,0.1459195613861084
fit_2015_2019,21 San Cristóbal,4,2019,37,0.10486908257007599,0.15695011615753174
fit_2015_2019,21 San Cristóbal,4,2019,38,0.1264597773551941,0.11154823005199432
fit_2015_2019,21 San Cristóbal,4,2019,39,0.10486908257007599,0.11466807126998901
fit_2015_2019,21 San Cristóbal,4,2019,40,0.07094085216522217,0.0950872004032135
fit_2015_2019,21 San Cristóbal,4,2019,41,0.08944716304540634,0.07504468411207199
fit_2015_2019,21 San Cristóbal,4,2019,42,0.0740252360701561,0.07915877550840378
fit_2015_2019,21 San Cristóbal,4,2019,43,0.05860331282019615,0.06979430466890335
fit_2015_2019,21 San Cristóbal,4,2019,44,0.03392823040485382,0.05956070497632027
fit_2015_2019,21 San Cristóbal,4,2019,45,0.03392823040485382,0.03949688747525215
fit_2015_2019,21 San Cristóbal,4,2019,46,0.027759462594985962,0.03417151793837547
fit_2015_2019,21 San Cristóbal,4,2019,47,0.049350157380104065,0.029466483741998672
fit_2015_2019,21 San Cristóbal,4,2019,48,0.03701261803507805,0.042429640889167786
fit_2015_2019,21 San Cristóbal,4,2019,49,0.027759462594985962,0.03716175630688667
fit_2015_2019,21 San Cristóbal,4,2019,50,0.01542192418128252,0.030743015930056572
fit_2015_2019,21 San Cristóbal,4,2019,51,0.01542192418128252,0.01872805505990982
fit_2015_2019,21 San Cristóbal,4,2019,52,0.021590694785118103,0.0172855406999588
fit_2015_2019,22 San Juan,0,2015,5,0.0,0.011082193814218044
fit_2015_2019,22 San Juan,0,2015,6,0.0,0.0026737332809716463
fit_2015_2019,22 San Juan,0,2015,7,0.0085521899163723,0.0007311206427402794
fit_2015_2019,22 San Juan,0,2015,8,0.025656569749116898,0.010082575492560863
fit_2015_2019,22 San Juan,0,2015,9,0.0,0.023481450974941254
fit_2015_2019,22 San Juan,0,2015,10,0.0,0.003763703629374504
fit_2015_2019,22 San Juan,0,2015,11,0.0171043798327446,0.0020750355906784534
fit_2015_2019,22 San Juan,0,2015,12,0.025656569749116898,0.01695798896253109
fit_2015_2019,22 San Juan,0,2015,13,0.0,0.025003135204315186
fit_2015_2019,22 San Juan,0,2015,14,0.0,0.006646664347499609
fit_2015_2019,22 San Juan,0,2015,15,0.0085521899163723,0.006940960418432951
fit_2015_2019,22 San Juan,0,2015,16,0.025656569749116898,0.007104356773197651
fit_2015_2019,22 San Juan,0,2015,17,0.0085521899163723,0.026301614940166473
fit_2015_2019,22 San Juan,0,2015,18,0.0171043798327446,0.014785878360271454
fit_2015_2019,22 San Juan,0,2015,19,0.0171043798327446,0.01616681180894375
fit_2015_2019,22 San Juan,0,2015,20,0.0085521899163723,0.022286774590611458
fit_2015_2019,22 San Juan,0,2015,21,0.0085521899163723,0.014125040732324123
fit_2015_2019,22 San Juan,0,2015,22,0.0085521899163723,0.011561159044504166
fit_2015_2019,22 San Juan,0,2015,23,0.0171043798327446,0.011912253685295582
fit_2015_2019,22 San Juan,0,2015,24,0.0171043798327446,0.019801026210188866
fit_2015_2019,22 San Juan,0,2015,25,0.025656569749116898,0.020848797634243965
fit_2015_2019,22 San Juan,0,2015,26,0.0171043798327446,0.028015315532684326
fit_2015_2019,22 San Juan,0,2015,27,0.0085521899163723,0.02375570684671402
fit_2015_2019,22 San Juan,0,2015,28,0.0085521899163723,0.01598629355430603
fit_2015_2019,22 San Juan,0,2015,29,0.0171043798327446,0.015230407007038593
fit_2015_2019,22 San Juan,0,2015,30,0.042760949581861496,0.022836672142148018
fit_2015_2019,22 San Juan,0,2015,31,0.0171043798327446,0.04453900828957558
fit_2015_2019,22 San Juan,0,2015,32,0.0085521899163723,0.02653365582227707
fit_2015_2019,22 San Juan,0,2015,33,0.0085521899163723,0.01877174712717533
fit_2015_2019,22 San Juan,0,2015,34,0.059865329414606094,0.018002284690737724
fit_2015_2019,22 San Juan,0,2015,35,0.0684175193309784,0.061538808047771454
fit_2015_2019,22 San Juan,0,2015,36,0.10262627899646759,0.07325748354196548
fit_2015_2019,22 San Juan,0,2015,37,0.11117846518754959,0.10994213074445724
fit_2015_2019,22 San Juan,0,2015,38,0.18814818561077118,0.12487922608852386
fit_2015_2019,22 San Juan,0,2015,39,0.265117883682251,0.18668419122695923
fit_2015_2019,22 San Juan,0,2015,40,0.1539394110441208,0.25588566064834595
fit_2015_2019,22 San Juan,0,2015,41,0.1368350386619568,0.17076389491558075
fit_2015_2019,22 San Juan,0,2015,42,0.2822222411632538,0.15140198171138763
fit_2015_2019,22 San Juan,0,2015,43,0.32498323917388916,0.25266730785369873
fit_2015_2019,22 San Juan,0,2015,44,0.2565656900405884,0.2890741527080536
fit_2015_2019,22 San Juan,0,2015,45,0.2565656900405884,0.24643023312091827
fit_2015_2019,22 San Juan,0,2015,46,0.2309090942144394,0.23089006543159485
fit_2015_2019,22 San Juan,0,2015,47,0.1795959770679474,0.18126147985458374
fit_2015_2019,22 San Juan,0,2015,48,0.09407409280538559,0.14607453346252441
fit_2015_2019,22 San Juan,0,2015,49,0.1368350386619568,0.08237487077713013
fit_2015_2019,22 San Juan,0,2015,50,0.0769697055220604,0.10748612135648727
fit_2015_2019,22 San Juan,0,2015,51,0.0769697055220604,0.06808041781187057
fit_2015_2019,22 San Juan,0,2015,52,0.08552189916372299,0.0770668312907219
fit_2015_2019,22 San Juan,0,2016,1,0.06876672804355621,0.08002199977636337
fit_2015_2019,22 San Juan,0,2016,2,0.09455425292253494,0.06739592552185059
fit_2015_2019,22 San Juan,0,2016,3,0.06876672804355621,0.08545755594968796
fit_2015_2019,22 San Juan,0,2016,4,0.06876672804355621,0.0637984350323677
fit_2015_2019,22 San Juan,0,2016,5,0.08595841377973557,0.06317360699176788
fit_2015_2019,22 San Juan,0,2016,6,0.05157504975795746,0.07590749859809875
fit_2015_2019,22 San Juan,0,2016,7,0.05157504975795746,0.053787119686603546
fit_2015_2019,22 San Juan,0,2016,8,0.07736257463693619,0.050191543996334076
fit_2015_2019,22 San Juan,0,2016,9,0.03438336402177811,0.06965132057666779
fit_2015_2019,22 San Juan,0,2016,10,0.03438336402177811,0.03784313052892685
fit_2015_2019,22 San Juan,0,2016,11,0.05157504975795746,0.032935675233602524
fit_2015_2019,22 San Juan,0,2016,12,0.008595841936767101,0.049893323332071304
fit_2015_2019,22 San Juan,0,2016,13,0.017191682010889053,0.011530965566635132
fit_2015_2019,22 San Juan,0,2016,14,0.0,0.017073635011911392
fit_2015_2019,22 San Juan,0,2016,15,0.03438336402177811,0.005526547785848379
fit_2015_2019,22 San Juan,0,2016,16,0.03438336402177811,0.03265092149376869
fit_2015_2019,22 San Juan,0,2016,17,0.017191682010889053,0.03772605210542679
fit_2015_2019,22 San Juan,0,2016,18,0.03438336402177811,0.021331533789634705
fit_2015_2019,22 San Juan,0,2016,19,0.008595841936767101,0.030216747894883156
fit_2015_2019,22 San Juan,0,2016,20,0.017191682010889053,0.018005188554525375
fit_2015_2019,22 San Juan,0,2016,21,0.02578752487897873,0.016575397923588753
fit_2015_2019,22 San Juan,0,2016,22,0.02578752487897873,0.024509157985448837
fit_2015_2019,22 San Juan,0,2016,23,0.02578752487897873,0.025017449632287025
fit_2015_2019,22 San Juan,0,2016,24,0.06017088517546654,0.026400694623589516
fit_2015_2019,22 San Juan,0,2016,25,0.04297920688986778,0.055399149656295776
fit_2015_2019,22 San Juan,0,2016,26,0.03438336402177811,0.04477335512638092
fit_2015_2019,22 San Juan,0,2016,27,0.008595841936767101,0.035659343004226685
fit_2015_2019,22 San Juan,0,2016,28,0.008595841936767101,0.014431263320147991
fit_2015_2019,22 San Juan,0,2016,29,0.017191682010889053,0.010134007781744003
fit_2015_2019,22 San Juan,0,2016,30,0.02578752487897873,0.017423192039132118
fit_2015_2019,22 San Juan,0,2016,31,0.008595841936767101,0.02488511987030506
fit_2015_2019,22 San Juan,0,2016,32,0.0,0.010582313872873783
fit_2015_2019,22 San Juan,0,2016,33,0.008595841936767101,0.002070589456707239
fit_2015_2019,22 San Juan,0,2016,34,0.008595841936767101,0.010694297961890697
fit_2015_2019,22 San Juan,0,2016,35,0.008595841936767101,0.007249040529131889
fit_2015_2019,22 San Juan,0,2016,36,0.017191682010889053,0.010350343771278858
fit_2015_2019,22 San Juan,0,2016,37,0.0,0.01651173084974289
fit_2015_2019,22 San Juan,0,2016,38,0.008595841936767101,0.0015148173552006483
fit_2015_2019,22 San Juan,0,2016,39,0.0,0.0076772538013756275
fit_2015_2019,22 San Juan,0,2016,40,0.008595841936767101,0.0017778826877474785
fit_2015_2019,22 San Juan,0,2016,41,0.008595841936767101,0.00527289928868413
fit_2015_2019,22 San Juan,0,2016,42,0.0,0.0077882432378828526
fit_2015_2019,22 San Juan,0,2016,43,0.017191682010889053,0.0041312966495752335
fit_2015_2019,22 San Juan,0,2016,44,0.0,0.014095048420131207
fit_2015_2019,22 San Juan,0,2016,45,0.008595841936767101,0.0012514778645709157
fit_2015_2019,22 San Juan,0,2016,46,0.008595841936767101,0.005947762634605169
fit_2015_2019,22 San Juan,0,2016,47,0.008595841936767101,0.007404611445963383
fit_2015_2019,22 San Juan,0,2016,48,0.008595841936767101,0.007539172191172838
fit_2015_2019,22 San Juan,0,2016,49,0.0,0.006421108730137348
fit_2015_2019,22 San Juan,0,2016,50,0.0,-0.002500624628737569
fit_2015_2019,22 San Juan,0,2016,51,0.0,-0.002562794601544738
fit_2015_2019,22 San Juan,0,2016,52,0.0,-0.0011414809850975871
fit_2015_2019,22 San Juan,0,2017,1,0.0,-0.0001262830919586122
fit_2015_2019,22 San Juan,0,2017,2,0.0,-0.00043357445974834263
fit_2015_2019,22 San Juan,0,2017,3,0.01728064753115177,-0.0028486282099038363
fit_2015_2019,22 San Juan,0,2017,4,0.0,0.015015837736427784
fit_2015_2019,22 San Juan,0,2017,5,0.0,-0.0018618968315422535
fit_2015_2019,22 San Juan,0,2017,6,0.0,-0.0031683698762208223
fit_2015_2019,22 San Juan,0,2017,7,0.01728064753115177,-0.0009802912827581167
fit_2015_2019,22 San Juan,0,2017,8,0.0,0.011800303123891354
fit_2015_2019,22 San Juan,0,2017,9,0.0,-0.0006793105276301503
fit_2015_2019,22 San Juan,0,2017,10,0.0,0.0003014698449987918
fit_2015_2019,22 San Juan,0,2017,11,0.0,0.0028647608123719692
fit_2015_2019,22 San Juan,0,2017,12,0.008640323765575886,0.00020816853793803602
fit_2015_2019,22 San Juan,0,2017,13,0.0,0.003386777127161622
fit_2015_2019,22 San Juan,0,2017,14,0.0,-0.00041783438064157963
fit_2015_2019,22 San Juan,0,2017,15,0.0,0.0032483309041708708
fit_2015_2019,22 San Juan,0,2017,16,0.0,-0.001610125065781176
fit_2015_2019,22 San Juan,0,2017,17,0.0,0.0010118720820173621
fit_2015_2019,22 San Juan,0,2017,18,0.0,3.172134893247858e-05
fit_2015_2019,22 San Juan,0,2017,19,0.0,0.0023549727629870176
fit_2015_2019,22 San Juan,0,2017,20,0.008640323765575886,-0.0006952624535188079
fit_2015_2019,22 San Juan,0,2017,21,0.008640323765575886,0.004725209902971983
fit_2015_2019,22 San Juan,0,2017,22,0.008640323765575886,0.012312628328800201
fit_2015_2019,22 San Juan,0,2017,23,0.0,0.008844352327287197
fit_2015_2019,22 San Juan,0,2017,24,0.0,0.0023047435097396374
fit_2015_2019,22 San Juan,0,2017,25,0.0,0.0019136850023642182
fit_2015_2019,22 San Juan,0,2017,26,0.0,0.0035436132457107306
fit_2015_2019,22 San Juan,0,2017,27,0.0,0.003164751222357154
fit_2015_2019,22 San Juan,0,2017,28,0.0,0.0030954494141042233
fit_2015_2019,22 San Juan,0,2017,29,0.0,0.0013342712773010135
fit_2015_2019,22 San Juan,0,2017,30,0.0,0.0026632521767169237
fit_2015_2019,22 San Juan,0,2017,31,0.0,0.0018718006322160363
fit_2015_2019,22 San Juan,0,2017,32,0.0,0.0017654143739491701
fit_2015_2019,22 San Juan,0,2017,33,0.008640323765575886,0.0027707908302545547
fit_2015_2019,22 San Juan,0,2017,34,0.0,0.010041057132184505
fit_2015_2019,22 San Juan,0,2017,35,0.008640323765575886,0.0018176059238612652
fit_2015_2019,22 San Juan,0,2017,36,0.0,0.00964426901191473
fit_2015_2019,22 San Juan,0,2017,37,0.0,0.0009341950062662363
fit_2015_2019,22 San Juan,0,2017,38,0.0,0.0009327519801445305
fit_2015_2019,22 San Juan,0,2017,39,0.0,0.0020924650598317385
fit_2015_2019,22 San Juan,0,2017,40,0.01728064753115177,0.004180270712822676
fit_2015_2019,22 San Juan,0,2017,41,0.0,0.011728079058229923
fit_2015_2019,22 San Juan,0,2017,42,0.025920970365405083,0.0005231302930042148
fit_2015_2019,22 San Juan,0,2017,43,0.0,0.023283185437321663
fit_2015_2019,22 San Juan,0,2017,44,0.01728064753115177,0.002962864702567458
fit_2015_2019,22 San Juan,0,2017,45,0.008640323765575886,0.015152123756706715
fit_2015_2019,22 San Juan,0,2017,46,0.008640323765575886,0.007235134951770306
fit_2015_2019,22 San Juan,0,2017,47,0.01728064753115177,0.0063714743591845036
fit_2015_2019,22 San Juan,0,2017,48,0.008640323765575886,0.01602313295006752
fit_2015_2019,22 San Juan,0,2017,49,0.01728064753115177,0.008289854973554611
fit_2015_2019,22 San Juan,0,2017,50,0.0,0.009073691442608833
fit_2015_2019,22 San Juan,0,2017,51,0.01728064753115177,0.0009456349071115255
fit_2015_2019,22 San Juan,0,2017,52,0.0,0.0153815858066082
fit_2015_2019,22 San Juan,0,2018,1,0.008683215826749802,0.0023068231530487537
fit_2015_2019,22 San Juan,0,2018,2,0.008683215826749802,0.006067084614187479
fit_2015_2019,22 San Juan,0,2018,3,0.0,0.004036609549075365
fit_2015_2019,22 San Juan,0,2018,4,0.0,-0.0014870015438646078
fit_2015_2019,22 San Juan,0,2018,5,0.0,-0.0010164538398385048
fit_2015_2019,22 San Juan,0,2018,6,0.0,-0.0018206185195595026
fit_2015_2019,22 San Juan,0,2018,7,0.0,-0.0007021122146397829
fit_2015_2019,22 San Juan,0,2018,8,0.0,-0.0011124230222776532
fit_2015_2019,22 San Juan,0,2018,9,0.008683215826749802,0.0008940742118284106
fit_2015_2019,22 San Juan,0,2018,10,0.008683215826749802,0.0064807492308318615
fit_2015_2019,22 San Juan,0,2018,11,0.017366433516144753,0.0048960051499307156
fit_2015_2019,22 San Juan,0,2018,12,0.008683215826749802,0.010877376422286034
fit_2015_2019,22 San Juan,0,2018,13,0.017366433516144753,0.005295446142554283
fit_2015_2019,22 San Juan,0,2018,14,0.0,0.010994377546012402
fit_2015_2019,22 San Juan,0,2018,15,0.008683215826749802,0.0018255515024065971
fit_2015_2019,22 San Juan,0,2018,16,0.008683215826749802,0.005725529510527849
fit_2015_2019,22 San Juan,0,2018,17,0.0,0.007222291082143784
fit_2015_2019,22 San Juan,0,2018,18,0.017366433516144753,0.0020456197671592236
fit_2015_2019,22 San Juan,0,2018,19,0.008683215826749802,0.011687414720654488
fit_2015_2019,22 San Juan,0,2018,20,0.0,0.009985486045479774
fit_2015_2019,22 San Juan,0,2018,21,0.008683215826749802,0.0010998519137501717
fit_2015_2019,22 San Juan,0,2018,22,0.03473286330699921,0.00774252088740468
fit_2015_2019,22 San Juan,0,2018,23,0.0,0.029519394040107727
fit_2015_2019,22 San Juan,0,2018,24,0.0,0.003233568277209997
fit_2015_2019,22 San Juan,0,2018,25,0.008683215826749802,8.920605614548549e-05
fit_2015_2019,22 San Juan,0,2018,26,0.0,0.006352052558213472
fit_2015_2019,22 San Juan,0,2018,27,0.0,0.0013645428698509932
fit_2015_2019,22 San Juan,0,2018,28,0.017366433516144753,0.0026871166191995144
fit_2015_2019,22 San Juan,0,2018,29,0.0,0.017586881294846535
fit_2015_2019,22 San Juan,0,2018,30,0.0,0.0031644597183912992
fit_2015_2019,22 San Juan,0,2018,31,0.0,0.001393979648128152
fit_2015_2019,22 San Juan,0,2018,32,0.0,0.002648330060765147
fit_2015_2019,22 San Juan,0,2018,33,0.008683215826749802,0.0017349180998280644
fit_2015_2019,22 San Juan,0,2018,34,0.008683215826749802,0.01137515902519226
fit_2015_2019,22 San Juan,0,2018,35,0.0,0.011924784630537033
fit_2015_2019,22 San Juan,0,2018,36,0.0,0.003938772715628147
fit_2015_2019,22 San Juan,0,2018,37,0.0,0.004544625990092754
fit_2015_2019,22 San Juan,0,2018,38,0.017366433516144753,0.004471013322472572
fit_2015_2019,22 San Juan,0,2018,39,0.008683215826749802,0.020332464948296547
fit_2015_2019,22 San Juan,0,2018,40,0.017366433516144753,0.015426235273480415
fit_2015_2019,22 San Juan,0,2018,41,0.0,0.020000632852315903
fit_2015_2019,22 San Juan,0,2018,42,0.0,0.006285154726356268
fit_2015_2019,22 San Juan,0,2018,43,0.0,0.005792452022433281
fit_2015_2019,22 San Juan,0,2018,44,0.017366433516144753,0.005134016741067171
fit_2015_2019,22 San Juan,0,2018,45,0.0,0.01970522850751877
fit_2015_2019,22 San Juan,0,2018,46,0.026049649342894554,0.005762702319771051
fit_2015_2019,22 San Juan,0,2018,47,0.017366433516144753,0.025545699521899223
fit_2015_2019,22 San Juan,0,2018,48,0.017366433516144753,0.01932348497211933
fit_2015_2019,22 San Juan,0,2018,49,0.008683215826749802,0.019300464540719986
fit_2015_2019,22 San Juan,0,2018,50,0.017366433516144753,0.01655065268278122
fit_2015_2019,22 San Juan,0,2018,51,0.0,0.017537180334329605
fit_2015_2019,22 San Juan,0,2018,52,0.0,0.0036510818172246218
fit_2015_2019,22 San Juan,0,2019,1,0.0,0.0035974413622170687
fit_2015_2019,22 San Juan,0,2019,2,0.008730489760637283,0.004000381100922823
fit_2015_2019,22 San Juan,0,2019,3,0.017460979521274567,0.010800817050039768
fit_2015_2019,22 San Juan,0,2019,4,0.017460979521274567,0.017477290704846382
fit_2015_2019,22 San Juan,0,2019,5,0.008730489760637283,0.016768673434853554
fit_2015_2019,22 San Juan,0,2019,6,0.008730489760637283,0.008388166315853596
fit_2015_2019,22 San Juan,0,2019,7,0.017460979521274567,0.00994015857577324
fit_2015_2019,22 San Juan,0,2019,8,0.0261914674192667,0.016976777464151382
fit_2015_2019,22 San Juan,0,2019,9,0.008730489760637283,0.02567402832210064
fit_2015_2019,22 San Juan,0,2019,10,0.008730489760637283,0.015099343843758106
fit_2015_2019,22 San Juan,0,2019,11,0.0261914674192667,0.011603728868067265
fit_2015_2019,22 San Juan,0,2019,12,0.03492195904254913,0.02461337298154831
fit_2015_2019,22 San Juan,0,2019,13,0.017460979521274567,0.03366590663790703
fit_2015_2019,22 San Juan,0,2019,14,0.017460979521274567,0.017176544293761253
fit_2015_2019,22 San Juan,0,2019,15,0.03492195904254913,0.017586611211299896
fit_2015_2019,22 San Juan,0,2019,16,0.08730489015579224,0.03549293056130409
fit_2015_2019,22 San Juan,0,2019,17,0.008730489760637283,0.07212842255830765
fit_2015_2019,22 San Juan,0,2019,18,0.04365244507789612,0.01720179244875908
fit_2015_2019,22 San Juan,0,2019,19,0.008730489760637283,0.0326305627822876
fit_2015_2019,22 San Juan,0,2019,20,0.008730489760637283,0.014223537407815456
fit_2015_2019,22 San Juan,0,2019,21,0.017460979521274567,0.01197140384465456
fit_2015_2019,22 San Juan,0,2019,22,0.0261914674192667,0.016533326357603073
fit_2015_2019,22 San Juan,0,2019,23,0.04365244507789612,0.024256957694888115
fit_2015_2019,22 San Juan,0,2019,24,0.03492195904254913,0.04244869202375412
fit_2015_2019,22 San Juan,0,2019,25,0.1047658696770668,0.04089299216866493
fit_2015_2019,22 San Juan,0,2019,26,0.017460979521274567,0.09178215265274048
fit_2015_2019,22 San Juan,0,2019,27,0.061113424599170685,0.032380517572164536
fit_2015_2019,22 San Juan,0,2019,28,0.14841832220554352,0.0628645047545433
fit_2015_2019,22 San Juan,0,2019,29,0.1658792793750763,0.13501298427581787
fit_2015_2019,22 San Juan,0,2019,30,0.1571488082408905,0.16370101273059845
fit_2015_2019,22 San Juan,0,2019,31,0.22699269652366638,0.16364088654518127
fit_2015_2019,22 San Juan,0,2019,32,0.1658792793750763,0.21596132218837738
fit_2015_2019,22 San Juan,0,2019,33,0.07857440412044525,0.17108069360256195
fit_2015_2019,22 San Juan,0,2019,34,0.13095733523368835,0.0974348932504654
fit_2015_2019,22 San Juan,0,2019,35,0.061113424599170685,0.12445400655269623
fit_2015_2019,22 San Juan,0,2019,36,0.13968782126903534,0.06622391939163208
fit_2015_2019,22 San Juan,0,2019,37,0.12222684919834137,0.1412656307220459
fit_2015_2019,22 San Juan,0,2019,38,0.1047658696770668,0.12721264362335205
fit_2015_2019,22 San Juan,0,2019,39,0.07857440412044525,0.11429905891418457
fit_2015_2019,22 San Juan,0,2019,40,0.07857440412044525,0.08960527181625366
fit_2015_2019,22 San Juan,0,2019,41,0.08730489015579224,0.08811119943857193
fit_2015_2019,22 San Juan,0,2019,42,0.13968782126903534,0.09400719404220581
fit_2015_2019,22 San Juan,0,2019,43,0.09603538364171982,0.13391909003257751
fit_2015_2019,22 San Juan,0,2019,44,0.07857440412044525,0.0947144627571106
fit_2015_2019,22 San Juan,0,2019,45,0.06984391808509827,0.08312483131885529
fit_2015_2019,22 San Juan,0,2019,46,0.17460979521274567,0.0697639212012291
fit_2015_2019,22 San Juan,0,2019,47,0.07857440412044525,0.15348590910434723
fit_2015_2019,22 San Juan,0,2019,48,0.12222684919834137,0.0770992636680603
fit_2015_2019,22 San Juan,0,2019,49,0.08730489015579224,0.11200295388698578
fit_2015_2019,22 San Juan,0,2019,50,0.017460979521274567,0.07864196598529816
fit_2015_2019,22 San Juan,0,2019,51,0.008730489760637283,0.020253146067261696
fit_2015_2019,22 San Juan,0,2019,52,0.0261914674192667,0.009841728955507278
fit_2015_2019,23 San Pedro de Macorís,2,2015,5,0.006519106682389975,0.0195459071546793
fit_2015_2019,23 San Pedro de Macorís,2,2015,6,0.006519106682389975,0.008199305273592472
fit_2015_2019,23 San Pedro de Macorís,2,2015,7,0.013038214296102524,0.0044592879712581635
fit_2015_2019,23 San Pedro de Macorís,2,2015,8,0.013038214296102524,0.010460741817951202
fit_2015_2019,23 San Pedro de Macorís,2,2015,9,0.006519106682389975,0.011141874827444553
fit_2015_2019,23 San Pedro de Macorís,2,2015,10,0.013038214296102524,0.006165649741888046
fit_2015_2019,23 San Pedro de Macorís,2,2015,11,0.019557321444153786,0.011690134182572365
fit_2015_2019,23 San Pedro de Macorís,2,2015,12,0.0,0.017633425071835518
fit_2015_2019,23 San Pedro de Macorís,2,2015,13,0.013038214296102524,0.003687458112835884
fit_2015_2019,23 San Pedro de Macorís,2,2015,14,0.006519106682389975,0.011350024491548538
fit_2015_2019,23 San Pedro de Macorís,2,2015,15,0.0,0.008495007641613483
fit_2015_2019,23 San Pedro de Macorís,2,2015,16,0.0,0.002545360941439867
fit_2015_2019,23 San Pedro de Macorís,2,2015,17,0.013038214296102524,0.0020262461621314287
fit_2015_2019,23 San Pedro de Macorís,2,2015,18,0.013038214296102524,0.009826544672250748
fit_2015_2019,23 San Pedro de Macorís,2,2015,19,0.006519106682389975,0.013679033145308495
fit_2015_2019,23 San Pedro de Macorís,2,2015,20,0.006519106682389975,0.00946823600679636
fit_2015_2019,23 San Pedro de Macorís,2,2015,21,0.0,0.008672027848660946
fit_2015_2019,23 San Pedro de Macorís,2,2015,22,0.03259553387761116,0.004667024593800306
fit_2015_2019,23 San Pedro de Macorís,2,2015,23,0.013038214296102524,0.02803587168455124
fit_2015_2019,23 San Pedro de Macorís,2,2015,24,0.019557321444153786,0.017755111679434776
fit_2015_2019,23 San Pedro de Macorís,2,2015,25,0.05867196246981621,0.01972959190607071
fit_2015_2019,23 San Pedro de Macorís,2,2015,26,0.03259553387761116,0.05030632019042969
fit_2015_2019,23 San Pedro de Macorís,2,2015,27,0.03911464288830757,0.03851427882909775
fit_2015_2019,23 San Pedro de Macorís,2,2015,28,0.045633748173713684,0.04068039357662201
fit_2015_2019,23 San Pedro de Macorís,2,2015,29,0.013038214296102524,0.04830734059214592
fit_2015_2019,23 San Pedro de Macorís,2,2015,30,0.026076428592205048,0.026009390130639076
fit_2015_2019,23 San Pedro de Macorís,2,2015,31,0.03259553387761116,0.030451107770204544
fit_2015_2019,23 San Pedro de Macorís,2,2015,32,0.03259553387761116,0.03613439202308655
fit_2015_2019,23 San Pedro de Macorís,2,2015,33,0.03259553387761116,0.03734902665019035
fit_2015_2019,23 San Pedro de Macorís,2,2015,34,0.026076428592205048,0.03831851854920387
fit_2015_2019,23 San Pedro de Macorís,2,2015,35,0.0521528534591198,0.03492939844727516
fit_2015_2019,23 San Pedro de Macorís,2,2015,36,0.14342035353183746,0.054130397737026215
fit_2015_2019,23 San Pedro de Macorís,2,2015,37,0.14993946254253387,0.1212306097149849
fit_2015_2019,23 San Pedro de Macorís,2,2015,38,0.03911464288830757,0.13021808862686157
fit_2015_2019,23 San Pedro de Macorís,2,2015,39,0.0521528534591198,0.051053691655397415
fit_2015_2019,23 San Pedro de Macorís,2,2015,40,0.08474838733673096,0.06005937233567238
fit_2015_2019,23 San Pedro de Macorís,2,2015,41,0.09778660535812378,0.07921415567398071
fit_2015_2019,23 San Pedro de Macorís,2,2015,42,0.08474838733673096,0.09018397331237793
fit_2015_2019,23 San Pedro de Macorís,2,2015,43,0.0521528534591198,0.08134271949529648
fit_2015_2019,23 San Pedro de Macorís,2,2015,44,0.08474838733673096,0.05763234198093414
fit_2015_2019,23 San Pedro de Macorís,2,2015,45,0.14993946254253387,0.0800538957118988
fit_2015_2019,23 San Pedro de Macorís,2,2015,46,0.09778660535812378,0.12444155663251877
fit_2015_2019,23 San Pedro de Macorís,2,2015,47,0.026076428592205048,0.07998232543468475
fit_2015_2019,23 San Pedro de Macorís,2,2015,48,0.03911464288830757,0.029137251898646355
fit_2015_2019,23 San Pedro de Macorís,2,2015,49,0.045633748173713684,0.038513220846652985
fit_2015_2019,23 San Pedro de Macorís,2,2015,50,0.05867196246981621,0.04005241394042969
fit_2015_2019,23 San Pedro de Macorís,2,2015,51,0.006519106682389975,0.049668628722429276
fit_2015_2019,23 San Pedro de Macorís,2,2015,52,0.013038214296102524,0.014710435643792152
fit_2015_2019,23 San Pedro de Macorís,2,2016,1,0.019472554326057434,0.01694231480360031
fit_2015_2019,23 San Pedro de Macorís,2,2016,2,0.045435961335897446,0.023774053901433945
fit_2015_2019,23 San Pedro de Macorís,2,2016,3,0.02596340700984001,0.041328102350234985
fit_2015_2019,23 San Pedro de Macorís,2,2016,4,0.019472554326057434,0.02865801937878132
fit_2015_2019,23 San Pedro de Macorís,2,2016,5,0.012981701642274857,0.022115709260106087
fit_2015_2019,23 San Pedro de Macorís,2,2016,6,0.0,0.017015034332871437
fit_2015_2019,23 San Pedro de Macorís,2,2016,7,0.02596340700984001,0.006120630074292421
fit_2015_2019,23 San Pedro de Macorís,2,2016,8,0.02596340700984001,0.023663954809308052
fit_2015_2019,23 San Pedro de Macorís,2,2016,9,0.03894510865211487,0.026101531460881233
fit_2015_2019,23 San Pedro de Macorís,2,2016,10,0.006490850355476141,0.03520839288830757
fit_2015_2019,23 San Pedro de Macorís,2,2016,11,0.0,0.012590178288519382
fit_2015_2019,23 San Pedro de Macorís,2,2016,12,0.019472554326057434,0.0060436115600168705
fit_2015_2019,23 San Pedro de Macorís,2,2016,13,0.006490850355476141,0.017332447692751884
fit_2015_2019,23 San Pedro de Macorís,2,2016,14,0.006490850355476141,0.00807831808924675
fit_2015_2019,23 San Pedro de Macorís,2,2016,15,0.012981701642274857,0.007633686996996403
fit_2015_2019,23 San Pedro de Macorís,2,2016,16,0.019472554326057434,0.013352670706808567
fit_2015_2019,23 San Pedro de Macorís,2,2016,17,0.012981701642274857,0.0199185349047184
fit_2015_2019,23 San Pedro de Macorís,2,2016,18,0.006490850355476141,0.01589575968682766
fit_2015_2019,23 San Pedro de Macorís,2,2016,19,0.0,0.006137230433523655
fit_2015_2019,23 San Pedro de Macorís,2,2016,20,0.0,0.006229574326425791
fit_2015_2019,23 San Pedro de Macorís,2,2016,21,0.0,0.007000016514211893
fit_2015_2019,23 San Pedro de Macorís,2,2016,22,0.006490850355476141,0.002761231502518058
fit_2015_2019,23 San Pedro de Macorís,2,2016,23,0.0,0.006964084692299366
fit_2015_2019,23 San Pedro de Macorís,2,2016,24,0.019472554326057434,0.0015838568797335029
fit_2015_2019,23 San Pedro de Macorís,2,2016,25,0.02596340700984001,0.015874886885285378
fit_2015_2019,23 San Pedro de Macorís,2,2016,26,0.019472554326057434,0.024699175730347633
fit_2015_2019,23 San Pedro de Macorís,2,2016,27,0.019472554326057434,0.02149725891649723
fit_2015_2019,23 San Pedro de Macorís,2,2016,28,0.006490850355476141,0.02074912190437317
fit_2015_2019,23 San Pedro de Macorís,2,2016,29,0.006490850355476141,0.012423615902662277
fit_2015_2019,23 San Pedro de Macorís,2,2016,30,0.0,0.010716353543102741
fit_2015_2019,23 San Pedro de Macorís,2,2016,31,0.019472554326057434,0.004357406869530678
fit_2015_2019,23 San Pedro de Macorís,2,2016,32,0.006490850355476141,0.017412757501006126
fit_2015_2019,23 San Pedro de Macorís,2,2016,33,0.006490850355476141,0.009915857575833797
fit_2015_2019,23 San Pedro de Macorís,2,2016,34,0.012981701642274857,0.008649317547678947
fit_2015_2019,23 San Pedro de Macorís,2,2016,35,0.006490850355476141,0.014242422766983509
fit_2015_2019,23 San Pedro de Macorís,2,2016,36,0.0,0.009068753570318222
fit_2015_2019,23 San Pedro de Macorís,2,2016,37,0.0,0.001967168180271983
fit_2015_2019,23 San Pedro de Macorís,2,2016,38,0.019472554326057434,0.002503169933333993
fit_2015_2019,23 San Pedro de Macorís,2,2016,39,0.07139936834573746,0.016355544328689575
fit_2015_2019,23 San Pedro de Macorís,2,2016,40,0.0,0.05575300753116608
fit_2015_2019,23 San Pedro de Macorís,2,2016,41,0.012981701642274857,0.009066198021173477
fit_2015_2019,23 San Pedro de Macorís,2,2016,42,0.006490850355476141,0.011407497338950634
fit_2015_2019,23 San Pedro de Macorís,2,2016,43,0.0,0.009113328531384468
fit_2015_2019,23 San Pedro de Macorís,2,2016,44,0.006490850355476141,0.0025585596449673176
fit_2015_2019,23 San Pedro de Macorís,2,2016,45,0.006490850355476141,0.006437146104872227
fit_2015_2019,23 San Pedro de Macorís,2,2016,46,0.006490850355476141,0.007876545190811157
fit_2015_2019,23 San Pedro de Macorís,2,2016,47,0.012981701642274857,0.0057036965154111385
fit_2015_2019,23 San Pedro de Macorís,2,2016,48,0.045435961335897446,0.009891326539218426
fit_2015_2019,23 San Pedro de Macorís,2,2016,49,0.019472554326057434,0.03568832948803902
fit_2015_2019,23 San Pedro de Macorís,2,2016,50,0.0,0.01475182082504034
fit_2015_2019,23 San Pedro de Macorís,2,2016,51,0.0,-0.001733196317218244
fit_2015_2019,23 San Pedro de Macorís,2,2016,52,0.006490850355476141,0.00025305745657533407
fit_2015_2019,23 San Pedro de Macorís,2,2017,1,0.006463224533945322,0.006868577562272549
fit_2015_2019,23 San Pedro de Macorís,2,2017,2,0.006463224533945322,0.007547598797827959
fit_2015_2019,23 San Pedro de Macorís,2,2017,3,0.0,0.006227876525372267
fit_2015_2019,23 San Pedro de Macorís,2,2017,4,0.0,0.0009578916360624135
fit_2015_2019,23 San Pedro de Macorís,2,2017,5,0.006463224533945322,0.0018499634461477399
fit_2015_2019,23 San Pedro de Macorís,2,2017,6,0.0,0.005238663870841265
fit_2015_2019,23 San Pedro de Macorís,2,2017,7,0.0,-0.001253634225577116
fit_2015_2019,23 San Pedro de Macorís,2,2017,8,0.019389677792787552,-0.0007384299533441663
fit_2015_2019,23 San Pedro de Macorís,2,2017,9,0.012926451861858368,0.015029569156467915
fit_2015_2019,23 San Pedro de Macorís,2,2017,10,0.0,0.01219389121979475
fit_2015_2019,23 San Pedro de Macorís,2,2017,11,0.0,0.00156758155208081
fit_2015_2019,23 San Pedro de Macorís,2,2017,12,0.0,-0.0001910034625325352
fit_2015_2019,23 San Pedro de Macorís,2,2017,13,0.0,0.0010402095504105091
fit_2015_2019,23 San Pedro de Macorís,2,2017,14,0.0,0.0003639339411165565
fit_2015_2019,23 San Pedro de Macorís,2,2017,15,0.0,0.0007107137353159487
fit_2015_2019,23 San Pedro de Macorís,2,2017,16,0.0,0.0020353058353066444
fit_2015_2019,23 San Pedro de Macorís,2,2017,17,0.0,0.0026711933314800262
fit_2015_2019,23 San Pedro de Macorís,2,2017,18,0.006463224533945322,0.00046712637413293123
fit_2015_2019,23 San Pedro de Macorís,2,2017,19,0.006463224533945322,0.002966503845527768
fit_2015_2019,23 San Pedro de Macorís,2,2017,20,0.0,0.009321233257651329
fit_2015_2019,23 San Pedro de Macorís,2,2017,21,0.0,0.004576113540679216
fit_2015_2019,23 San Pedro de Macorís,2,2017,22,0.0,0.0030804425477981567
fit_2015_2019,23 San Pedro de Macorís,2,2017,23,0.0,0.002153715817257762
fit_2015_2019,23 San Pedro de Macorís,2,2017,24,0.006463224533945322,0.0026519084349274635
fit_2015_2019,23 San Pedro de Macorís,2,2017,25,0.0,0.007671072613447905
fit_2015_2019,23 San Pedro de Macorís,2,2017,26,0.019389677792787552,0.005197814200073481
fit_2015_2019,23 San Pedro de Macorís,2,2017,27,0.012926451861858368,0.018604496493935585
fit_2015_2019,23 San Pedro de Macorís,2,2017,28,0.006463224533945322,0.016265496611595154
fit_2015_2019,23 San Pedro de Macorís,2,2017,29,0.0,0.012145738117396832
fit_2015_2019,23 San Pedro de Macorís,2,2017,30,0.0,0.006691611371934414
fit_2015_2019,23 San Pedro de Macorís,2,2017,31,0.006463224533945322,0.004946431610733271
fit_2015_2019,23 San Pedro de Macorís,2,2017,32,0.012926451861858368,0.009072909131646156
fit_2015_2019,23 San Pedro de Macorís,2,2017,33,0.006463224533945322,0.014909571968019009
fit_2015_2019,23 San Pedro de Macorís,2,2017,34,0.0,0.01067123282700777
fit_2015_2019,23 San Pedro de Macorís,2,2017,35,0.03231612592935562,0.005539886653423309
fit_2015_2019,23 San Pedro de Macorís,2,2017,36,0.019389677792787552,0.02826898917555809
fit_2015_2019,23 San Pedro de Macorís,2,2017,37,0.0,0.021570701152086258
fit_2015_2019,23 San Pedro de Macorís,2,2017,38,0.006463224533945322,0.006307821720838547
fit_2015_2019,23 San Pedro de Macorís,2,2017,39,0.0,0.010341372340917587
fit_2015_2019,23 San Pedro de Macorís,2,2017,40,0.012926451861858368,0.003603871911764145
fit_2015_2019,23 San Pedro de Macorís,2,2017,41,0.019389677792787552,0.012239622883498669
fit_2015_2019,23 San Pedro de Macorís,2,2017,42,0.012926451861858368,0.01927185244858265
fit_2015_2019,23 San Pedro de Macorís,2,2017,43,0.019389677792787552,0.01291837077587843
fit_2015_2019,23 San Pedro de Macorís,2,2017,44,0.006463224533945322,0.01721833273768425
fit_2015_2019,23 San Pedro de Macorís,2,2017,45,0.006463224533945322,0.008151901885867119
fit_2015_2019,23 San Pedro de Macorís,2,2017,46,0.025852901861071587,0.0060234167613089085
fit_2015_2019,23 San Pedro de Macorís,2,2017,47,0.0,0.018039116635918617
fit_2015_2019,23 San Pedro de Macorís,2,2017,48,0.012926451861858368,4.2752344597829506e-05
fit_2015_2019,23 San Pedro de Macorís,2,2017,49,0.0,0.010089928284287453
fit_2015_2019,23 San Pedro de Macorís,2,2017,50,0.006463224533945322,0.0032375298906117678
fit_2015_2019,23 San Pedro de Macorís,2,2017,51,0.006463224533945322,0.006011615507304668
fit_2015_2019,23 San Pedro de Macorís,2,2017,52,0.006463224533945322,0.00407362449914217
fit_2015_2019,23 San Pedro de Macorís,2,2018,1,0.006434131879359484,0.00404099328443408
fit_2015_2019,23 San Pedro de Macorís,2,2018,2,0.0,0.006561230402439833
fit_2015_2019,23 San Pedro de Macorís,2,2018,3,0.0,-0.00013194853090681136
fit_2015_2019,23 San Pedro de Macorís,2,2018,4,0.0,-0.0011236831778660417
fit_2015_2019,23 San Pedro de Macorís,2,2018,5,0.006434131879359484,-0.00024319834483321756
fit_2015_2019,23 San Pedro de Macorís,2,2018,6,0.025736529380083084,0.003926606848835945
fit_2015_2019,23 San Pedro de Macorís,2,2018,7,0.0,0.016920724883675575
fit_2015_2019,23 San Pedro de Macorís,2,2018,8,0.0,-0.0004631139454431832
fit_2015_2019,23 San Pedro de Macorís,2,2018,9,0.012868264690041542,-0.0009141630143858492
fit_2015_2019,23 San Pedro de Macorís,2,2018,10,0.006434131879359484,0.010448742657899857
fit_2015_2019,23 San Pedro de Macorís,2,2018,11,0.0,0.006145939696580172
fit_2015_2019,23 San Pedro de Macorís,2,2018,12,0.0,-0.0009733801707625389
fit_2015_2019,23 San Pedro de Macorís,2,2018,13,0.0,-0.0011881864629685879
fit_2015_2019,23 San Pedro de Macorís,2,2018,14,0.012868264690041542,-0.0007534130709245801
fit_2015_2019,23 San Pedro de Macorís,2,2018,15,0.012868264690041542,0.009089483879506588
fit_2015_2019,23 San Pedro de Macorís,2,2018,16,0.006434131879359484,0.010305779054760933
fit_2015_2019,23 San Pedro de Macorís,2,2018,17,0.0,0.005200671497732401
fit_2015_2019,23 San Pedro de Macorís,2,2018,18,0.006434131879359484,0.0008345448295585811
fit_2015_2019,23 San Pedro de Macorís,2,2018,19,0.0,0.005374165717512369
fit_2015_2019,23 San Pedro de Macorís,2,2018,20,0.006434131879359484,0.000887623755261302
fit_2015_2019,23 San Pedro de Macorís,2,2018,21,0.0,0.0035479236394166946
fit_2015_2019,23 San Pedro de Macorís,2,2018,22,0.0,0.003940119408071041
fit_2015_2019,23 San Pedro de Macorís,2,2018,23,0.0,0.0019256212981417775
fit_2015_2019,23 San Pedro de Macorís,2,2018,24,0.0,0.0005754099111072719
fit_2015_2019,23 San Pedro de Macorís,2,2018,25,0.012868264690041542,0.0005571083747781813
fit_2015_2019,23 San Pedro de Macorís,2,2018,26,0.006434131879359484,0.01023463997989893
fit_2015_2019,23 San Pedro de Macorís,2,2018,27,0.012868264690041542,0.009094007313251495
fit_2015_2019,23 San Pedro de Macorís,2,2018,28,0.0,0.013569923117756844
fit_2015_2019,23 San Pedro de Macorís,2,2018,29,0.006434131879359484,0.006266424432396889
fit_2015_2019,23 San Pedro de Macorís,2,2018,30,0.006434131879359484,0.008091311901807785
fit_2015_2019,23 San Pedro de Macorís,2,2018,31,0.006434131879359484,0.008445603772997856
fit_2015_2019,23 San Pedro de Macorís,2,2018,32,0.0,0.009488380514085293
fit_2015_2019,23 San Pedro de Macorís,2,2018,33,0.006434131879359484,0.004138474818319082
fit_2015_2019,23 San Pedro de Macorís,2,2018,34,0.006434131879359484,0.00806088000535965
fit_2015_2019,23 San Pedro de Macorís,2,2018,35,0.006434131879359484,0.009323980659246445
fit_2015_2019,23 San Pedro de Macorís,2,2018,36,0.0,0.009144645184278488
fit_2015_2019,23 San Pedro de Macorís,2,2018,37,0.006434131879359484,0.004583233036100864
fit_2015_2019,23 San Pedro de Macorís,2,2018,38,0.0,0.008535856381058693
fit_2015_2019,23 San Pedro de Macorís,2,2018,39,0.0,0.0056075481697916985
fit_2015_2019,23 San Pedro de Macorís,2,2018,40,0.0,0.005034768488258123
fit_2015_2019,23 San Pedro de Macorís,2,2018,41,0.0,0.004743808414787054
fit_2015_2019,23 San Pedro de Macorís,2,2018,42,0.006434131879359484,0.004120970610529184
fit_2015_2019,23 San Pedro de Macorís,2,2018,43,0.03860479220747948,0.00828991923481226
fit_2015_2019,23 San Pedro de Macorís,2,2018,44,0.006434131879359484,0.03186262771487236
fit_2015_2019,23 San Pedro de Macorís,2,2018,45,0.006434131879359484,0.011593392118811607
fit_2015_2019,23 San Pedro de Macorís,2,2018,46,0.006434131879359484,0.0093286894261837
fit_2015_2019,23 San Pedro de Macorís,2,2018,47,0.006434131879359484,0.00853003654628992
fit_2015_2019,23 San Pedro de Macorís,2,2018,48,0.0,0.008423740975558758
fit_2015_2019,23 San Pedro de Macorís,2,2018,49,0.0,0.00384585396386683
fit_2015_2019,23 San Pedro de Macorís,2,2018,50,0.0,0.0028447587974369526
fit_2015_2019,23 San Pedro de Macorís,2,2018,51,0.006434131879359484,0.0025782648008316755
fit_2015_2019,23 San Pedro de Macorís,2,2018,52,0.006434131879359484,0.008700236678123474
fit_2015_2019,23 San Pedro de Macorís,2,2019,1,0.006408209912478924,0.005230786744505167
fit_2015_2019,23 San Pedro de Macorís,2,2019,2,0.006408209912478924,0.007137690205127001
fit_2015_2019,23 San Pedro de Macorís,2,2019,3,0.006408209912478924,0.008168534375727177
fit_2015_2019,23 San Pedro de Macorís,2,2019,4,0.019224630668759346,0.008259184658527374
fit_2015_2019,23 San Pedro de Macorís,2,2019,5,0.012816417962312698,0.017002040520310402
fit_2015_2019,23 San Pedro de Macorís,2,2019,6,0.0,0.012497385032474995
fit_2015_2019,23 San Pedro de Macorís,2,2019,7,0.012816417962312698,0.0014626154443249106
fit_2015_2019,23 San Pedro de Macorís,2,2019,8,0.006408209912478924,0.011226644739508629
fit_2015_2019,23 San Pedro de Macorís,2,2019,9,0.019224630668759346,0.008381346240639687
fit_2015_2019,23 San Pedro de Macorís,2,2019,10,0.019224630668759346,0.01793311908841133
fit_2015_2019,23 San Pedro de Macorís,2,2019,11,0.006408209912478924,0.019291291013360023
fit_2015_2019,23 San Pedro de Macorís,2,2019,12,0.012816417962312698,0.00870044156908989
fit_2015_2019,23 San Pedro de Macorís,2,2019,13,0.012816417962312698,0.012895774096250534
fit_2015_2019,23 San Pedro de Macorís,2,2019,14,0.012816417962312698,0.013065219856798649
fit_2015_2019,23 San Pedro de Macorís,2,2019,15,0.012816417962312698,0.01171739213168621
fit_2015_2019,23 San Pedro de Macorís,2,2019,16,0.019224630668759346,0.012332416139543056
fit_2015_2019,23 San Pedro de Macorís,2,2019,17,0.019224630668759346,0.017780398949980736
fit_2015_2019,23 San Pedro de Macorís,2,2019,18,0.012816417962312698,0.018846871331334114
fit_2015_2019,23 San Pedro de Macorís,2,2019,19,0.025632837787270546,0.012727305293083191
fit_2015_2019,23 San Pedro de Macorís,2,2019,20,0.025632837787270546,0.02513781376183033
fit_2015_2019,23 San Pedro de Macorís,2,2019,21,0.012816417962312698,0.02606705017387867
fit_2015_2019,23 San Pedro de Macorís,2,2019,22,0.006408209912478924,0.015297992154955864
fit_2015_2019,23 San Pedro de Macorís,2,2019,23,0.006408209912478924,0.011399227194488049
fit_2015_2019,23 San Pedro de Macorís,2,2019,24,0.0,0.008434844203293324
fit_2015_2019,23 San Pedro de Macorís,2,2019,25,0.012816417962312698,0.005653248634189367
fit_2015_2019,23 San Pedro de Macorís,2,2019,26,0.006408209912478924,0.015686839818954468
fit_2015_2019,23 San Pedro de Macorís,2,2019,27,0.025632837787270546,0.012384390458464622
fit_2015_2019,23 San Pedro de Macorís,2,2019,28,0.038449257612228394,0.026362868025898933
fit_2015_2019,23 San Pedro de Macorís,2,2019,29,0.10893956571817398,0.04075702279806137
fit_2015_2019,23 San Pedro de Macorís,2,2019,30,0.10893956571817398,0.09446072578430176
fit_2015_2019,23 San Pedro de Macorís,2,2019,31,0.07049030810594559,0.10809217393398285
fit_2015_2019,23 San Pedro de Macorís,2,2019,32,0.10253135114908218,0.08343877643346786
fit_2015_2019,23 San Pedro de Macorís,2,2019,33,0.08971492946147919,0.10277213901281357
fit_2015_2019,23 San Pedro de Macorís,2,2019,34,0.10253135114908218,0.09599180519580841
fit_2015_2019,23 San Pedro de Macorís,2,2019,35,0.13457240164279938,0.10426896810531616
fit_2015_2019,23 San Pedro de Macorís,2,2019,36,0.10253135114908218,0.12570130825042725
fit_2015_2019,23 San Pedro de Macorís,2,2019,37,0.08330672979354858,0.09908138960599899
fit_2015_2019,23 San Pedro de Macorís,2,2019,38,0.08330672979354858,0.08614823967218399
fit_2015_2019,23 San Pedro de Macorís,2,2019,39,0.09612314403057098,0.08665967732667923
fit_2015_2019,23 San Pedro de Macorís,2,2019,40,0.05126567557454109,0.0898921936750412
fit_2015_2019,23 San Pedro de Macorís,2,2019,41,0.06408210098743439,0.05763813853263855
fit_2015_2019,23 San Pedro de Macorís,2,2019,42,0.10253135114908218,0.06666721403598785
fit_2015_2019,23 San Pedro de Macorís,2,2019,43,0.08971492946147919,0.09190800040960312
fit_2015_2019,23 San Pedro de Macorís,2,2019,44,0.10253135114908218,0.08057468384504318
fit_2015_2019,23 San Pedro de Macorís,2,2019,45,0.08330672979354858,0.09081654250621796
fit_2015_2019,23 San Pedro de Macorís,2,2019,46,0.10253135114908218,0.07500279694795609
fit_2015_2019,23 San Pedro de Macorís,2,2019,47,0.04485746845602989,0.08618923276662827
fit_2015_2019,23 San Pedro de Macorís,2,2019,48,0.07689852267503738,0.04454822838306427
fit_2015_2019,23 San Pedro de Macorís,2,2019,49,0.09612314403057098,0.06681349873542786
fit_2015_2019,23 San Pedro de Macorís,2,2019,50,0.06408210098743439,0.08135820925235748
fit_2015_2019,23 San Pedro de Macorís,2,2019,51,0.025632837787270546,0.05300723761320114
fit_2015_2019,23 San Pedro de Macorís,2,2019,52,0.019224630668759346,0.02423984371125698
fit_2015_2019,24 Sánchez Ramírez,0,2015,5,0.0,0.005774954333901405
fit_2015_2019,24 Sánchez Ramírez,0,2015,6,0.012806091457605362,0.003938595298677683
fit_2015_2019,24 Sánchez Ramírez,0,2015,7,0.025612182915210724,0.01761036552488804
fit_2015_2019,24 Sánchez Ramírez,0,2015,8,0.025612182915210724,0.031113754957914352
fit_2015_2019,24 Sánchez Ramírez,0,2015,9,0.0,0.024855755269527435
fit_2015_2019,24 Sánchez Ramírez,0,2015,10,0.051224369555711746,0.007461171131581068
fit_2015_2019,24 Sánchez Ramírez,0,2015,11,0.038418278098106384,0.05121128633618355
fit_2015_2019,24 Sánchez Ramírez,0,2015,12,0.012806091457605362,0.027162639424204826
fit_2015_2019,24 Sánchez Ramírez,0,2015,13,0.012806091457605362,0.011707806028425694
fit_2015_2019,24 Sánchez Ramírez,0,2015,14,0.0,0.018917115405201912
fit_2015_2019,24 Sánchez Ramírez,0,2015,15,0.012806091457605362,0.007560114376246929
fit_2015_2019,24 Sánchez Ramírez,0,2015,16,0.10244873911142349,0.01586678810417652
fit_2015_2019,24 Sánchez Ramírez,0,2015,17,0.038418278098106384,0.09230084717273712
fit_2015_2019,24 Sánchez Ramírez,0,2015,18,0.10244873911142349,0.04612812027335167
fit_2015_2019,24 Sánchez Ramírez,0,2015,19,0.025612182915210724,0.0957244411110878
fit_2015_2019,24 Sánchez Ramírez,0,2015,20,0.11525482684373856,0.0445978119969368
fit_2015_2019,24 Sánchez Ramírez,0,2015,21,0.12806092202663422,0.11483217775821686
fit_2015_2019,24 Sánchez Ramírez,0,2015,22,0.20489747822284698,0.13543806970119476
fit_2015_2019,24 Sánchez Ramírez,0,2015,23,0.1664791852235794,0.2055986225605011
fit_2015_2019,24 Sánchez Ramírez,0,2015,24,0.08964264392852783,0.1849292516708374
fit_2015_2019,24 Sánchez Ramírez,0,2015,25,0.17928527295589447,0.11812100559473038
fit_2015_2019,24 Sánchez Ramírez,0,2015,26,0.19209137558937073,0.18910406529903412
fit_2015_2019,24 Sánchez Ramírez,0,2015,27,0.1664791852235794,0.21264535188674927
fit_2015_2019,24 Sánchez Ramírez,0,2015,28,0.28173401951789856,0.2010037750005722
fit_2015_2019,24 Sánchez Ramírez,0,2015,29,0.25612184405326843,0.2868894338607788
fit_2015_2019,24 Sánchez Ramírez,0,2015,30,0.19209137558937073,0.2745974361896515
fit_2015_2019,24 Sánchez Ramírez,0,2015,31,0.38418275117874146,0.22220633924007416
fit_2015_2019,24 Sánchez Ramírez,0,2015,32,0.3329583704471588,0.3810262680053711
fit_2015_2019,24 Sánchez Ramírez,0,2015,33,0.38418275117874146,0.3437846004962921
fit_2015_2019,24 Sánchez Ramírez,0,2015,34,0.3457644581794739,0.39535921812057495
fit_2015_2019,24 Sánchez Ramírez,0,2015,35,0.2945401072502136,0.35052868723869324
fit_2015_2019,24 Sánchez Ramírez,0,2015,36,0.3329583704471588,0.2683626413345337
fit_2015_2019,24 Sánchez Ramírez,0,2015,37,0.5122436881065369,0.33966299891471863
fit_2015_2019,24 Sánchez Ramírez,0,2015,38,0.6659168004989624,0.48862138390541077
fit_2015_2019,24 Sánchez Ramírez,0,2015,39,0.3457644581794739,0.5080545544624329
fit_2015_2019,24 Sánchez Ramírez,0,2015,40,0.21770353615283966,0.20439894497394562
fit_2015_2019,24 Sánchez Ramírez,0,2015,41,0.14086700975894928,0.1851235330104828
fit_2015_2019,24 Sánchez Ramírez,0,2015,42,0.11525482684373856,0.1283191442489624
fit_2015_2019,24 Sánchez Ramírez,0,2015,43,0.19209137558937073,0.12199769914150238
fit_2015_2019,24 Sánchez Ramírez,0,2015,44,0.1664791852235794,0.18964532017707825
fit_2015_2019,24 Sánchez Ramírez,0,2015,45,0.1664791852235794,0.15470662713050842
fit_2015_2019,24 Sánchez Ramírez,0,2015,46,0.19209137558937073,0.15058772265911102
fit_2015_2019,24 Sánchez Ramírez,0,2015,47,0.11525482684373856,0.16761860251426697
fit_2015_2019,24 Sánchez Ramírez,0,2015,48,0.038418278098106384,0.09181340783834457
fit_2015_2019,24 Sánchez Ramírez,0,2015,49,0.038418278098106384,0.041995469480752945
fit_2015_2019,24 Sánchez Ramírez,0,2015,50,0.012806091457605362,0.04034706950187683
fit_2015_2019,24 Sánchez Ramírez,0,2015,51,0.06403046101331711,0.018570059910416603
fit_2015_2019,24 Sánchez Ramírez,0,2015,52,0.10244873911142349,0.06394726037979126
fit_2015_2019,24 Sánchez Ramírez,0,2016,1,0.025609994307160378,0.09149711579084396
fit_2015_2019,24 Sánchez Ramírez,0,2016,2,0.10243996977806091,0.012155439704656601
fit_2015_2019,24 Sánchez Ramírez,0,2016,3,0.07682998478412628,0.09085261076688766
fit_2015_2019,24 Sánchez Ramírez,0,2016,4,0.14085496962070465,0.06612419337034225
fit_2015_2019,24 Sánchez Ramírez,0,2016,5,0.0896349772810936,0.12026141583919525
fit_2015_2019,24 Sánchez Ramírez,0,2016,6,0.03841499239206314,0.07002903521060944
fit_2015_2019,24 Sánchez Ramírez,0,2016,7,0.0896349772810936,0.03965367004275322
fit_2015_2019,24 Sánchez Ramírez,0,2016,8,0.012804997153580189,0.0872693583369255
fit_2015_2019,24 Sánchez Ramírez,0,2016,9,0.05121998488903046,0.016577858477830887
fit_2015_2019,24 Sánchez Ramírez,0,2016,10,0.06402498483657837,0.05470120534300804
fit_2015_2019,24 Sánchez Ramírez,0,2016,11,0.025609994307160378,0.06228691339492798
fit_2015_2019,24 Sánchez Ramírez,0,2016,12,0.03841499239206314,0.028405016288161278
fit_2015_2019,24 Sánchez Ramírez,0,2016,13,0.10243996977806091,0.041010819375514984
fit_2015_2019,24 Sánchez Ramírez,0,2016,14,0.12804996967315674,0.0948772057890892
fit_2015_2019,24 Sánchez Ramírez,0,2016,15,0.07682998478412628,0.11862307786941528
fit_2015_2019,24 Sánchez Ramírez,0,2016,16,0.05121998488903046,0.0776299238204956
fit_2015_2019,24 Sánchez Ramírez,0,2016,17,0.0,0.0566520057618618
fit_2015_2019,24 Sánchez Ramírez,0,2016,18,0.0,0.008058196865022182
fit_2015_2019,24 Sánchez Ramírez,0,2016,19,0.03841499239206314,0.007025820668786764
fit_2015_2019,24 Sánchez Ramírez,0,2016,20,0.0,0.03127579018473625
fit_2015_2019,24 Sánchez Ramírez,0,2016,21,0.025609994307160378,0.0047323512844741344
fit_2015_2019,24 Sánchez Ramírez,0,2016,22,0.0,0.024833161383867264
fit_2015_2019,24 Sánchez Ramírez,0,2016,23,0.03841499239206314,0.008008936420083046
fit_2015_2019,24 Sánchez Ramírez,0,2016,24,0.012804997153580189,0.036803826689720154
fit_2015_2019,24 Sánchez Ramírez,0,2016,25,0.05121998488903046,0.022548837587237358
fit_2015_2019,24 Sánchez Ramírez,0,2016,26,0.012804997153580189,0.05230220779776573
fit_2015_2019,24 Sánchez Ramírez,0,2016,27,0.025609994307160378,0.023950137197971344
fit_2015_2019,24 Sánchez Ramírez,0,2016,28,0.03841499239206314,0.029583290219306946
fit_2015_2019,24 Sánchez Ramírez,0,2016,29,0.012804997153580189,0.03758014738559723
fit_2015_2019,24 Sánchez Ramírez,0,2016,30,0.012804997153580189,0.014822875149548054
fit_2015_2019,24 Sánchez Ramírez,0,2016,31,0.03841499239206314,0.014073221944272518
fit_2015_2019,24 Sánchez Ramírez,0,2016,32,0.0,0.03589392825961113
fit_2015_2019,24 Sánchez Ramírez,0,2016,33,0.0,0.004391438327729702
fit_2015_2019,24 Sánchez Ramírez,0,2016,34,0.025609994307160378,0.000857963168527931
fit_2015_2019,24 Sánchez Ramírez,0,2016,35,0.012804997153580189,0.020381880924105644
fit_2015_2019,24 Sánchez Ramírez,0,2016,36,0.0,0.013369401916861534
fit_2015_2019,24 Sánchez Ramírez,0,2016,37,0.0,0.0026639357674866915
fit_2015_2019,24 Sánchez Ramírez,0,2016,38,0.0,0.004105501342564821
fit_2015_2019,24 Sánchez Ramírez,0,2016,39,0.012804997153580189,-0.0010651336051523685
fit_2015_2019,24 Sánchez Ramírez,0,2016,40,0.0,0.010331987403333187
fit_2015_2019,24 Sánchez Ramírez,0,2016,41,0.0,0.0002374334872001782
fit_2015_2019,24 Sánchez Ramírez,0,2016,42,0.012804997153580189,0.0015312633477151394
fit_2015_2019,24 Sánchez Ramírez,0,2016,43,0.05121998488903046,0.012688678689301014
fit_2015_2019,24 Sánchez Ramírez,0,2016,44,0.012804997153580189,0.04663040116429329
fit_2015_2019,24 Sánchez Ramírez,0,2016,45,0.0,0.011469056829810143
fit_2015_2019,24 Sánchez Ramírez,0,2016,46,0.05121998488903046,-0.0018405235605314374
fit_2015_2019,24 Sánchez Ramírez,0,2016,47,0.0,0.04534453526139259
fit_2015_2019,24 Sánchez Ramírez,0,2016,48,0.025609994307160378,0.00021255039609968662
fit_2015_2019,24 Sánchez Ramírez,0,2016,49,0.025609994307160378,0.02333848737180233
fit_2015_2019,24 Sánchez Ramírez,0,2016,50,0.025609994307160378,0.020282087847590446
fit_2015_2019,24 Sánchez Ramírez,0,2016,51,0.012804997153580189,0.022022942081093788
fit_2015_2019,24 Sánchez Ramírez,0,2016,52,0.0,0.010347816161811352
fit_2015_2019,24 Sánchez Ramírez,0,2017,1,0.0128057561814785,0.0016236172523349524
fit_2015_2019,24 Sánchez Ramírez,0,2017,2,0.0128057561814785,0.01075432077050209
fit_2015_2019,24 Sánchez Ramírez,0,2017,3,0.0128057561814785,0.0077455127611756325
fit_2015_2019,24 Sánchez Ramírez,0,2017,4,0.0,0.009869009256362915
fit_2015_2019,24 Sánchez Ramírez,0,2017,5,0.0,0.0018165535293519497
fit_2015_2019,24 Sánchez Ramírez,0,2017,6,0.0,0.001769855385646224
fit_2015_2019,24 Sánchez Ramírez,0,2017,7,0.0,0.007161214482039213
fit_2015_2019,24 Sánchez Ramírez,0,2017,8,0.0128057561814785,0.003562014317139983
fit_2015_2019,24 Sánchez Ramírez,0,2017,9,0.0128057561814785,0.011932588182389736
fit_2015_2019,24 Sánchez Ramírez,0,2017,10,0.0,0.013541793450713158
fit_2015_2019,24 Sánchez Ramírez,0,2017,11,0.0128057561814785,0.0035916652996093035
fit_2015_2019,24 Sánchez Ramírez,0,2017,12,0.0,0.013689539395272732
fit_2015_2019,24 Sánchez Ramírez,0,2017,13,0.0128057561814785,0.0010071099968627095
fit_2015_2019,24 Sánchez Ramírez,0,2017,14,0.0128057561814785,0.012170635163784027
fit_2015_2019,24 Sánchez Ramírez,0,2017,15,0.0,0.012701713480055332
fit_2015_2019,24 Sánchez Ramírez,0,2017,16,0.0,0.004390213172882795
fit_2015_2019,24 Sánchez Ramírez,0,2017,17,0.0,0.0016309530474245548
fit_2015_2019,24 Sánchez Ramírez,0,2017,18,0.0,-0.0004169965395703912
fit_2015_2019,24 Sánchez Ramírez,0,2017,19,0.0128057561814785,-0.0008122414583340287
fit_2015_2019,24 Sánchez Ramírez,0,2017,20,0.0,0.006201196927577257
fit_2015_2019,24 Sánchez Ramírez,0,2017,21,0.0128057561814785,-2.7913210942642763e-05
fit_2015_2019,24 Sánchez Ramírez,0,2017,22,0.0,0.01325286366045475
fit_2015_2019,24 Sánchez Ramírez,0,2017,23,0.0128057561814785,0.003224374493584037
fit_2015_2019,24 Sánchez Ramírez,0,2017,24,0.0,0.014043755829334259
fit_2015_2019,24 Sánchez Ramírez,0,2017,25,0.0,0.0051133292727172375
fit_2015_2019,24 Sánchez Ramírez,0,2017,26,0.0512230210006237,0.0029330081306397915
fit_2015_2019,24 Sánchez Ramírez,0,2017,27,0.0128057561814785,0.04717100411653519
fit_2015_2019,24 Sánchez Ramírez,0,2017,28,0.0,0.020764708518981934
fit_2015_2019,24 Sánchez Ramírez,0,2017,29,0.025611508637666702,-0.0004818135348614305
fit_2015_2019,24 Sánchez Ramírez,0,2017,30,0.0128057561814785,0.020692411810159683
fit_2015_2019,24 Sánchez Ramírez,0,2017,31,0.025611508637666702,0.013744711875915527
fit_2015_2019,24 Sánchez Ramírez,0,2017,32,0.025611508637666702,0.022158047184348106
fit_2015_2019,24 Sánchez Ramírez,0,2017,33,0.0128057561814785,0.024270521476864815
fit_2015_2019,24 Sánchez Ramírez,0,2017,34,0.0,0.011546296998858452
fit_2015_2019,24 Sánchez Ramírez,0,2017,35,0.0,-0.0008541048737242818
fit_2015_2019,24 Sánchez Ramírez,0,2017,36,0.0,-0.003365848446264863
fit_2015_2019,24 Sánchez Ramírez,0,2017,37,0.0,0.0011817376362159848
fit_2015_2019,24 Sánchez Ramírez,0,2017,38,0.0,0.0016618343070149422
fit_2015_2019,24 Sánchez Ramírez,0,2017,39,0.0128057561814785,-0.000920330174267292
fit_2015_2019,24 Sánchez Ramírez,0,2017,40,0.0,0.011624910868704319
fit_2015_2019,24 Sánchez Ramírez,0,2017,41,0.025611508637666702,-0.0009081372409127653
fit_2015_2019,24 Sánchez Ramírez,0,2017,42,0.0,0.021591318771243095
fit_2015_2019,24 Sánchez Ramírez,0,2017,43,0.0128057561814785,-0.0005588869098573923
fit_2015_2019,24 Sánchez Ramírez,0,2017,44,0.0,0.012499033473432064
fit_2015_2019,24 Sánchez Ramírez,0,2017,45,0.025611508637666702,0.0010264117736369371
fit_2015_2019,24 Sánchez Ramírez,0,2017,46,0.0,0.022116921842098236
fit_2015_2019,24 Sánchez Ramírez,0,2017,47,0.0128057561814785,-0.0013415003195405006
fit_2015_2019,24 Sánchez Ramírez,0,2017,48,0.0128057561814785,0.011520210653543472
fit_2015_2019,24 Sánchez Ramírez,0,2017,49,0.0,0.01133775431662798
fit_2015_2019,24 Sánchez Ramírez,0,2017,50,0.0,0.001975973602384329
fit_2015_2019,24 Sánchez Ramírez,0,2017,51,0.0,0.00279463198967278
fit_2015_2019,24 Sánchez Ramírez,0,2017,52,0.0128057561814785,0.0018005467718467116
fit_2015_2019,24 Sánchez Ramírez,0,2018,1,0.01280221901834011,0.018233049660921097
fit_2015_2019,24 Sánchez Ramírez,0,2018,2,0.0,0.006604625377804041
fit_2015_2019,24 Sánchez Ramírez,0,2018,3,0.0,-0.006750061642378569
fit_2015_2019,24 Sánchez Ramírez,0,2018,4,0.0,-0.0028706039302051067
fit_2015_2019,24 Sánchez Ramírez,0,2018,5,0.01280221901834011,-0.003182469867169857
fit_2015_2019,24 Sánchez Ramírez,0,2018,6,0.0,0.005415653344243765
fit_2015_2019,24 Sánchez Ramírez,0,2018,7,0.0,0.001131637953221798
fit_2015_2019,24 Sánchez Ramírez,0,2018,8,0.0,0.00024688683333806694
fit_2015_2019,24 Sánchez Ramírez,0,2018,9,0.0,-0.00252785487100482
fit_2015_2019,24 Sánchez Ramírez,0,2018,10,0.01280221901834011,0.0011105254525318742
fit_2015_2019,24 Sánchez Ramírez,0,2018,11,0.0,0.014867682941257954
fit_2015_2019,24 Sánchez Ramírez,0,2018,12,0.0,0.004419188946485519
fit_2015_2019,24 Sánchez Ramírez,0,2018,13,0.0,0.00316658616065979
fit_2015_2019,24 Sánchez Ramírez,0,2018,14,0.0,0.0002028328162850812
fit_2015_2019,24 Sánchez Ramírez,0,2018,15,0.0,7.562997780041769e-05
fit_2015_2019,24 Sánchez Ramírez,0,2018,16,0.01280221901834011,-0.00019311156938783824
fit_2015_2019,24 Sánchez Ramírez,0,2018,17,0.0,0.013257480226457119
fit_2015_2019,24 Sánchez Ramírez,0,2018,18,0.0,0.0033656207378953695
fit_2015_2019,24 Sánchez Ramírez,0,2018,19,0.0,0.004770288243889809
fit_2015_2019,24 Sánchez Ramírez,0,2018,20,0.0,0.0023983486462384462
fit_2015_2019,24 Sánchez Ramírez,0,2018,21,0.0,0.0029728966765105724
fit_2015_2019,24 Sánchez Ramírez,0,2018,22,0.0,0.0009519888553768396
fit_2015_2019,24 Sánchez Ramírez,0,2018,23,0.0,0.002496488858014345
fit_2015_2019,24 Sánchez Ramírez,0,2018,24,0.01280221901834011,0.004828565753996372
fit_2015_2019,24 Sánchez Ramírez,0,2018,25,0.0,0.011107495985925198
fit_2015_2019,24 Sánchez Ramírez,0,2018,26,0.0,0.005856778472661972
fit_2015_2019,24 Sánchez Ramírez,0,2018,27,0.03840665519237518,0.004440546967089176
fit_2015_2019,24 Sánchez Ramírez,0,2018,28,0.0,0.04058852419257164
fit_2015_2019,24 Sánchez Ramírez,0,2018,29,0.0,0.005381484050303698
fit_2015_2019,24 Sánchez Ramírez,0,2018,30,0.0,0.001738164690323174
fit_2015_2019,24 Sánchez Ramírez,0,2018,31,0.01280221901834011,0.0012024786556139588
fit_2015_2019,24 Sánchez Ramírez,0,2018,32,0.025604436174035072,0.013213632628321648
fit_2015_2019,24 Sánchez Ramírez,0,2018,33,0.03840665519237518,0.025868939235806465
fit_2015_2019,24 Sánchez Ramírez,0,2018,34,0.01280221901834011,0.037867698818445206
fit_2015_2019,24 Sánchez Ramírez,0,2018,35,0.0,0.016739346086978912
fit_2015_2019,24 Sánchez Ramírez,0,2018,36,0.0,-0.0002638759324327111
fit_2015_2019,24 Sánchez Ramírez,0,2018,37,0.01280221901834011,0.008398058824241161
fit_2015_2019,24 Sánchez Ramírez,0,2018,38,0.03840665519237518,0.017364436760544777
fit_2015_2019,24 Sánchez Ramírez,0,2018,39,0.01280221901834011,0.031160539016127586
fit_2015_2019,24 Sánchez Ramírez,0,2018,40,0.03840665519237518,0.014782348647713661
fit_2015_2019,24 Sánchez Ramírez,0,2018,41,0.025604436174035072,0.0364551804959774
fit_2015_2019,24 Sánchez Ramírez,0,2018,42,0.051208872348070145,0.027798311784863472
fit_2015_2019,24 Sánchez Ramírez,0,2018,43,0.025604436174035072,0.049427423626184464
fit_2015_2019,24 Sánchez Ramírez,0,2018,44,0.0,0.026349691674113274
fit_2015_2019,24 Sánchez Ramírez,0,2018,45,0.03840665519237518,0.003935012500733137
fit_2015_2019,24 Sánchez Ramírez,0,2018,46,0.051208872348070145,0.041827935725450516
fit_2015_2019,24 Sánchez Ramírez,0,2018,47,0.03840665519237518,0.04867837578058243
fit_2015_2019,24 Sánchez Ramírez,0,2018,48,0.01280221901834011,0.035265035927295685
fit_2015_2019,24 Sánchez Ramírez,0,2018,49,0.03840665519237518,0.022287171334028244
fit_2015_2019,24 Sánchez Ramírez,0,2018,50,0.025604436174035072,0.039483342319726944
fit_2015_2019,24 Sánchez Ramírez,0,2018,51,0.03840665519237518,0.02592579461634159
fit_2015_2019,24 Sánchez Ramírez,0,2018,52,0.0,0.03729913383722305
fit_2015_2019,24 Sánchez Ramírez,0,2019,1,0.012804827652871609,0.002695689210668206
fit_2015_2019,24 Sánchez Ramírez,0,2019,2,0.0,0.01449556089937687
fit_2015_2019,24 Sánchez Ramírez,0,2019,3,0.0,0.0010337133426219225
fit_2015_2019,24 Sánchez Ramírez,0,2019,4,0.0,0.006441971752792597
fit_2015_2019,24 Sánchez Ramírez,0,2019,5,0.03841448575258255,0.006953684613108635
fit_2015_2019,24 Sánchez Ramírez,0,2019,6,0.012804827652871609,0.036183807998895645
fit_2015_2019,24 Sánchez Ramírez,0,2019,7,0.0,0.0171586275100708
fit_2015_2019,24 Sánchez Ramírez,0,2019,8,0.0,0.007273530587553978
fit_2015_2019,24 Sánchez Ramírez,0,2019,9,0.0,0.006663758773356676
fit_2015_2019,24 Sánchez Ramírez,0,2019,10,0.0,0.007937234826385975
fit_2015_2019,24 Sánchez Ramírez,0,2019,11,0.025609657168388367,0.006756267510354519
fit_2015_2019,24 Sánchez Ramírez,0,2019,12,0.012804827652871609,0.027757667005062103
fit_2015_2019,24 Sánchez Ramírez,0,2019,13,0.0,0.016399281099438667
fit_2015_2019,24 Sánchez Ramírez,0,2019,14,0.025609657168388367,0.005102373193949461
fit_2015_2019,24 Sánchez Ramírez,0,2019,15,0.025609657168388367,0.02843887358903885
fit_2015_2019,24 Sánchez Ramírez,0,2019,16,0.0,0.02737068012356758
fit_2015_2019,24 Sánchez Ramírez,0,2019,17,0.05121931433677673,-0.0019501071656122804
fit_2015_2019,24 Sánchez Ramírez,0,2019,18,0.05121931433677673,0.04796227440237999
fit_2015_2019,24 Sánchez Ramírez,0,2019,19,0.025609657168388367,0.04782608523964882
fit_2015_2019,24 Sánchez Ramírez,0,2019,20,0.025609657168388367,0.03420087695121765
fit_2015_2019,24 Sánchez Ramírez,0,2019,21,0.05121931433677673,0.031881239265203476
fit_2015_2019,24 Sánchez Ramírez,0,2019,22,0.06402414292097092,0.054631639271974564
fit_2015_2019,24 Sánchez Ramírez,0,2019,23,0.11524345725774765,0.06810641288757324
fit_2015_2019,24 Sánchez Ramírez,0,2019,24,0.06402414292097092,0.11437562108039856
fit_2015_2019,24 Sánchez Ramírez,0,2019,25,0.05121931433677673,0.08221236616373062
fit_2015_2019,24 Sánchez Ramírez,0,2019,26,0.0768289715051651,0.0660625472664833
fit_2015_2019,24 Sánchez Ramírez,0,2019,27,0.12804828584194183,0.08704371005296707
fit_2015_2019,24 Sánchez Ramírez,0,2019,28,0.2176820933818817,0.13903078436851501
fit_2015_2019,24 Sánchez Ramírez,0,2019,29,0.17926760017871857,0.21621106564998627
fit_2015_2019,24 Sánchez Ramírez,0,2019,30,0.2432917207479477,0.1988915055990219
fit_2015_2019,24 Sánchez Ramírez,0,2019,31,0.28170621395111084,0.2565675973892212
fit_2015_2019,24 Sánchez Ramírez,0,2019,32,0.10243862867355347,0.29057151079177856
fit_2015_2019,24 Sánchez Ramírez,0,2019,33,0.28170621395111084,0.14325004816055298
fit_2015_2019,24 Sánchez Ramírez,0,2019,34,0.2945110499858856,0.2798123359680176
fit_2015_2019,24 Sánchez Ramírez,0,2019,35,0.1664627492427826,0.29625067114830017
fit_2015_2019,24 Sánchez Ramírez,0,2019,36,0.10243862867355347,0.16676919162273407
fit_2015_2019,24 Sánchez Ramírez,0,2019,37,0.19207243621349335,0.12193656712770462
fit_2015_2019,24 Sánchez Ramírez,0,2019,38,0.2432917207479477,0.1988793909549713
fit_2015_2019,24 Sánchez Ramírez,0,2019,39,0.19207243621349335,0.2354772984981537
fit_2015_2019,24 Sánchez Ramírez,0,2019,40,0.1408531218767166,0.17793066799640656
fit_2015_2019,24 Sánchez Ramírez,0,2019,41,0.19207243621349335,0.13388468325138092
fit_2015_2019,24 Sánchez Ramírez,0,2019,42,0.08963380008935928,0.18075020611286163
fit_2015_2019,24 Sánchez Ramírez,0,2019,43,0.1536579430103302,0.08365529775619507
fit_2015_2019,24 Sánchez Ramírez,0,2019,44,0.06402414292097092,0.14609071612358093
fit_2015_2019,24 Sánchez Ramírez,0,2019,45,0.1408531218767166,0.059051819145679474
fit_2015_2019,24 Sánchez Ramírez,0,2019,46,0.10243862867355347,0.1305868923664093
fit_2015_2019,24 Sánchez Ramírez,0,2019,47,0.08963380008935928,0.08986792713403702
fit_2015_2019,24 Sánchez Ramírez,0,2019,48,0.17926760017871857,0.08161511272192001
fit_2015_2019,24 Sánchez Ramírez,0,2019,49,0.06402414292097092,0.16245649755001068
fit_2015_2019,24 Sánchez Ramírez,0,2019,50,0.12804828584194183,0.05642984062433243
fit_2015_2019,24 Sánchez Ramírez,0,2019,51,0.1664627492427826,0.11180704087018967
fit_2015_2019,24 Sánchez Ramírez,0,2019,52,0.06402414292097092,0.135933980345726
fit_2015_2019,25 Santiago,4,2015,5,0.027044324204325676,0.019809499382972717
fit_2015_2019,25 Santiago,4,2015,6,0.030907800421118736,0.024214699864387512
fit_2015_2019,25 Santiago,4,2015,7,0.021249111741781235,0.0253282617777586
fit_2015_2019,25 Santiago,4,2015,8,0.025112587958574295,0.020982254296541214
fit_2015_2019,25 Santiago,4,2015,9,0.03477127477526665,0.024466518312692642
fit_2015_2019,25 Santiago,4,2015,10,0.027044324204325676,0.03142332658171654
fit_2015_2019,25 Santiago,4,2015,11,0.025112587958574295,0.027221553027629852
fit_2015_2019,25 Santiago,4,2015,12,0.015453900210559368,0.02469749003648758
fit_2015_2019,25 Santiago,4,2015,13,0.015453900210559368,0.01679963618516922
fit_2015_2019,25 Santiago,4,2015,14,0.009658687748014927,0.0161692276597023
fit_2015_2019,25 Santiago,4,2015,15,0.028976062312722206,0.012738351710140705
fit_2015_2019,25 Santiago,4,2015,16,0.028976062312722206,0.02450602315366268
fit_2015_2019,25 Santiago,4,2015,17,0.025112587958574295,0.027397427707910538
fit_2015_2019,25 Santiago,4,2015,18,0.04249822348356247,0.024803679436445236
fit_2015_2019,25 Santiago,4,2015,19,0.03477127477526665,0.0390605628490448
fit_2015_2019,25 Santiago,4,2015,20,0.017385637387633324,0.03735978528857231
fit_2015_2019,25 Santiago,4,2015,21,0.021249111741781235,0.023561622947454453
fit_2015_2019,25 Santiago,4,2015,22,0.025112587958574295,0.022702287882566452
fit_2015_2019,25 Santiago,4,2015,23,0.019317375496029854,0.025436487048864365
fit_2015_2019,25 Santiago,4,2015,24,0.017385637387633324,0.022548621520400047
fit_2015_2019,25 Santiago,4,2015,25,0.013522161170840263,0.02135840617120266
fit_2015_2019,25 Santiago,4,2015,26,0.044429961591959,0.019337080419063568
fit_2015_2019,25 Santiago,4,2015,27,0.019317375496029854,0.04105252027511597
fit_2015_2019,25 Santiago,4,2015,28,0.03670301288366318,0.029792457818984985
fit_2015_2019,25 Santiago,4,2015,29,0.05602038651704788,0.03926029056310654
fit_2015_2019,25 Santiago,4,2015,30,0.06181560084223747,0.05487428233027458
fit_2015_2019,25 Santiago,4,2015,31,0.06761080771684647,0.06312968581914902
fit_2015_2019,25 Santiago,4,2015,32,0.05022517219185829,0.07093432545661926
fit_2015_2019,25 Santiago,4,2015,33,0.06181560084223747,0.060844648629426956
fit_2015_2019,25 Santiago,4,2015,34,0.027044324204325676,0.06582525372505188
fit_2015_2019,25 Santiago,4,2015,35,0.063747338950634,0.041278351098299026
fit_2015_2019,25 Santiago,4,2015,36,0.05602038651704788,0.0620872788131237
fit_2015_2019,25 Santiago,4,2015,37,0.07340602576732635,0.062448643147945404
fit_2015_2019,25 Santiago,4,2015,38,0.06761080771684647,0.07766112685203552
fit_2015_2019,25 Santiago,4,2015,39,0.05988386273384094,0.07928352057933807
fit_2015_2019,25 Santiago,4,2015,40,0.14488030970096588,0.0747353658080101
fit_2015_2019,25 Santiago,4,2015,41,0.1584024876356125,0.13591842353343964
fit_2015_2019,25 Santiago,4,2015,42,0.20476415753364563,0.16329902410507202
fit_2015_2019,25 Santiago,4,2015,43,0.21442285180091858,0.20464394986629486
fit_2015_2019,25 Santiago,4,2015,44,0.17965158820152283,0.21514402329921722
fit_2015_2019,25 Santiago,4,2015,45,0.1970372051000595,0.18971335887908936
fit_2015_2019,25 Santiago,4,2015,46,0.18544678390026093,0.18158088624477386
fit_2015_2019,25 Santiago,4,2015,47,0.12169945985078812,0.16028992831707
fit_2015_2019,25 Santiago,4,2015,48,0.07920124381780624,0.11316625773906708
fit_2015_2019,25 Santiago,4,2015,49,0.08499644696712494,0.07472876459360123
fit_2015_2019,25 Santiago,4,2015,50,0.05022517219185829,0.06969869881868362
fit_2015_2019,25 Santiago,4,2015,51,0.03670301288366318,0.05226954072713852
fit_2015_2019,25 Santiago,4,2015,52,0.05795212462544441,0.04518255218863487
fit_2015_2019,25 Santiago,4,2016,1,0.11503799259662628,0.05853951722383499
fit_2015_2019,25 Santiago,4,2016,2,0.0671054944396019,0.10205556452274323
fit_2015_2019,25 Santiago,4,2016,3,0.0671054944396019,0.0793953388929367
fit_2015_2019,25 Santiago,4,2016,4,0.09586499631404877,0.07206221669912338
fit_2015_2019,25 Santiago,4,2016,5,0.08627849817276001,0.08549302816390991
fit_2015_2019,25 Santiago,4,2016,6,0.05368439480662346,0.08253969252109528
fit_2015_2019,25 Santiago,4,2016,7,0.0440978966653347,0.05977001041173935
fit_2015_2019,25 Santiago,4,2016,8,0.0440978966653347,0.04651260748505592
fit_2015_2019,25 Santiago,4,2016,9,0.04218059778213501,0.044547323137521744
fit_2015_2019,25 Santiago,4,2016,10,0.02875949814915657,0.04448780417442322
fit_2015_2019,25 Santiago,4,2016,11,0.036428697407245636,0.03369421511888504
fit_2015_2019,25 Santiago,4,2016,12,0.023007599636912346,0.035054828971624374
fit_2015_2019,25 Santiago,4,2016,13,0.049849797040224075,0.026539934799075127
fit_2015_2019,25 Santiago,4,2016,14,0.03834599629044533,0.04233982414007187
fit_2015_2019,25 Santiago,4,2016,15,0.030676797032356262,0.04005134850740433
fit_2015_2019,25 Santiago,4,2016,16,0.02684219740331173,0.03399519622325897
fit_2015_2019,25 Santiago,4,2016,17,0.017255697399377823,0.03139125928282738
fit_2015_2019,25 Santiago,4,2016,18,0.021090298891067505,0.024108577519655228
fit_2015_2019,25 Santiago,4,2016,19,0.02492489665746689,0.022432301193475723
fit_2015_2019,25 Santiago,4,2016,20,0.02684219740331173,0.026983916759490967
fit_2015_2019,25 Santiago,4,2016,21,0.019172998145222664,0.02771630883216858
fit_2015_2019,25 Santiago,4,2016,22,0.009586500003933907,0.02110077068209648
fit_2015_2019,25 Santiago,4,2016,23,0.021090298891067505,0.013447185046970844
fit_2015_2019,25 Santiago,4,2016,24,0.02492489665746689,0.019741659983992577
fit_2015_2019,25 Santiago,4,2016,25,0.007669199723750353,0.025207189843058586
fit_2015_2019,25 Santiago,4,2016,26,0.02492489665746689,0.01484549418091774
fit_2015_2019,25 Santiago,4,2016,27,0.011503798887133598,0.02426651306450367
fit_2015_2019,25 Santiago,4,2016,28,0.019172998145222664,0.017876863479614258
fit_2015_2019,25 Santiago,4,2016,29,0.023007599636912346,0.02089066430926323
fit_2015_2019,25 Santiago,4,2016,30,0.015338397584855556,0.02293570153415203
fit_2015_2019,25 Santiago,4,2016,31,0.01342109963297844,0.01609804295003414
fit_2015_2019,25 Santiago,4,2016,32,0.009586500003933907,0.013026888482272625
fit_2015_2019,25 Santiago,4,2016,33,0.02492489665746689,0.009722491726279259
fit_2015_2019,25 Santiago,4,2016,34,0.021090298891067505,0.020417694002389908
fit_2015_2019,25 Santiago,4,2016,35,0.01342109963297844,0.02144424431025982
fit_2015_2019,25 Santiago,4,2016,36,0.019172998145222664,0.014615497551858425
fit_2015_2019,25 Santiago,4,2016,37,0.015338397584855556,0.01652008481323719
fit_2015_2019,25 Santiago,4,2016,38,0.01342109963297844,0.01711742766201496
fit_2015_2019,25 Santiago,4,2016,39,0.017255697399377823,0.01680447719991207
fit_2015_2019,25 Santiago,4,2016,40,0.015338397584855556,0.01995232328772545
fit_2015_2019,25 Santiago,4,2016,41,0.0057518985122442245,0.019501421600580215
fit_2015_2019,25 Santiago,4,2016,42,0.007669199723750353,0.012021785601973534
fit_2015_2019,25 Santiago,4,2016,43,0.009586500003933907,0.010500934906303883
fit_2015_2019,25 Santiago,4,2016,44,0.0057518985122442245,0.010679302737116814
fit_2015_2019,25 Santiago,4,2016,45,0.0057518985122442245,0.008290224708616734
fit_2015_2019,25 Santiago,4,2016,46,0.0057518985122442245,0.007376253604888916
fit_2015_2019,25 Santiago,4,2016,47,0.009586500003933907,0.007025667000561953
fit_2015_2019,25 Santiago,4,2016,48,0.007669199723750353,0.00794750265777111
fit_2015_2019,25 Santiago,4,2016,49,0.0057518985122442245,0.009480975568294525
fit_2015_2019,25 Santiago,4,2016,50,0.0019172979518771172,0.006409388966858387
fit_2015_2019,25 Santiago,4,2016,51,0.011503798887133598,0.004606931935995817
fit_2015_2019,25 Santiago,4,2016,52,0.003834601491689682,0.012097538448870182
fit_2015_2019,25 Santiago,4,2017,1,0.0019032082054764032,0.007868941873311996
fit_2015_2019,25 Santiago,4,2017,2,0.0,0.004467219114303589
fit_2015_2019,25 Santiago,4,2017,3,0.005709619726985693,0.0006138777825981379
fit_2015_2019,25 Santiago,4,2017,4,0.0038064150139689445,0.000703593366779387
fit_2015_2019,25 Santiago,4,2017,5,0.0038064150139689445,-0.0005215610726736486
fit_2015_2019,25 Santiago,4,2017,6,0.0019032082054764032,-0.0008223920012824237
fit_2015_2019,25 Santiago,4,2017,7,0.0019032082054764032,-0.0018139847088605165
fit_2015_2019,25 Santiago,4,2017,8,0.0038064150139689445,-0.0012411626521497965
fit_2015_2019,25 Santiago,4,2017,9,0.007612825836986303,0.001269337022677064
fit_2015_2019,25 Santiago,4,2017,10,0.0019032082054764032,0.005718945059925318
fit_2015_2019,25 Santiago,4,2017,11,0.0038064150139689445,0.0024668178521096706
fit_2015_2019,25 Santiago,4,2017,12,0.0038064150139689445,0.0017559317639097571
fit_2015_2019,25 Santiago,4,2017,13,0.0019032082054764032,0.0029718244913965464
fit_2015_2019,25 Santiago,4,2017,14,0.005709619726985693,0.0012009009951725602
fit_2015_2019,25 Santiago,4,2017,15,0.0019032082054764032,0.003602806478738785
fit_2015_2019,25 Santiago,4,2017,16,0.0019032082054764032,0.003061579540371895
fit_2015_2019,25 Santiago,4,2017,17,0.005709619726985693,0.0032066074199974537
fit_2015_2019,25 Santiago,4,2017,18,0.0,0.004977155011147261
fit_2015_2019,25 Santiago,4,2017,19,0.0038064150139689445,0.0014304942451417446
fit_2015_2019,25 Santiago,4,2017,20,0.0019032082054764032,0.002628414425998926
fit_2015_2019,25 Santiago,4,2017,21,0.0,0.003968747332692146
fit_2015_2019,25 Santiago,4,2017,22,0.0019032082054764032,0.0017095275688916445
fit_2015_2019,25 Santiago,4,2017,23,0.007612825836986303,0.001544329454191029
fit_2015_2019,25 Santiago,4,2017,24,0.005709619726985693,0.006612951867282391
fit_2015_2019,25 Santiago,4,2017,25,0.013322446495294571,0.006914554629474878
fit_2015_2019,25 Santiago,4,2017,26,0.007612825836986303,0.01339076180011034
fit_2015_2019,25 Santiago,4,2017,27,0.022838478907942772,0.011227608658373356
fit_2015_2019,25 Santiago,4,2017,28,0.013322446495294571,0.021580688655376434
fit_2015_2019,25 Santiago,4,2017,29,0.0038064150139689445,0.017770633101463318
fit_2015_2019,25 Santiago,4,2017,30,0.0038064150139689445,0.008486813865602016
fit_2015_2019,25 Santiago,4,2017,31,0.0038064150139689445,0.0046867672353982925
fit_2015_2019,25 Santiago,4,2017,32,0.0019032082054764032,0.0034869094379246235
fit_2015_2019,25 Santiago,4,2017,33,0.011419239453971386,0.0016885371878743172
fit_2015_2019,25 Santiago,4,2017,34,0.0038064150139689445,0.008255737833678722
fit_2015_2019,25 Santiago,4,2017,35,0.0019032082054764032,0.004903765395283699
fit_2015_2019,25 Santiago,4,2017,36,0.0038064150139689445,0.0018074510153383017
fit_2015_2019,25 Santiago,4,2017,37,0.0038064150139689445,0.003762151813134551
fit_2015_2019,25 Santiago,4,2017,38,0.005709619726985693,0.0058411965146660805
fit_2015_2019,25 Santiago,4,2017,39,0.005709619726985693,0.008073546923696995
fit_2015_2019,25 Santiago,4,2017,40,0.0019032082054764032,0.008523712866008282
fit_2015_2019,25 Santiago,4,2017,41,0.005709619726985693,0.004843587521463633
fit_2015_2019,25 Santiago,4,2017,42,0.0019032082054764032,0.006981556303799152
fit_2015_2019,25 Santiago,4,2017,43,0.0,0.0041649783961474895
fit_2015_2019,25 Santiago,4,2017,44,0.0,0.0017255849670618773
fit_2015_2019,25 Santiago,4,2017,45,0.0038064150139689445,0.0015071614179760218
fit_2015_2019,25 Santiago,4,2017,46,0.0019032082054764032,0.0038775140419602394
fit_2015_2019,25 Santiago,4,2017,47,0.0038064150139689445,0.00224860617890954
fit_2015_2019,25 Santiago,4,2017,48,0.005709619726985693,0.0024324352853000164
fit_2015_2019,25 Santiago,4,2017,49,0.0019032082054764032,0.005670748185366392
fit_2015_2019,25 Santiago,4,2017,50,0.005709619726985693,0.0030824379064142704
fit_2015_2019,25 Santiago,4,2017,51,0.0019032082054764032,0.006483572535216808
fit_2015_2019,25 Santiago,4,2017,52,0.0019032082054764032,0.005831270478665829
fit_2015_2019,25 Santiago,4,2018,1,0.001888793776743114,0.005064530298113823
fit_2015_2019,25 Santiago,4,2018,2,0.009443975053727627,0.0047946204431355
fit_2015_2019,25 Santiago,4,2018,3,0.009443975053727627,0.007219328545033932
fit_2015_2019,25 Santiago,4,2018,4,0.005666383542120457,0.00536630442366004
fit_2015_2019,25 Santiago,4,2018,5,0.011332768015563488,0.0022844350896775723
fit_2015_2019,25 Santiago,4,2018,6,0.009443975053727627,0.0041348631493747234
fit_2015_2019,25 Santiago,4,2018,7,0.013221564702689648,0.0041230483911931515
fit_2015_2019,25 Santiago,4,2018,8,0.018887950107455254,0.007566255051642656
fit_2015_2019,25 Santiago,4,2018,9,0.015110357664525509,0.013711494393646717
fit_2015_2019,25 Santiago,4,2018,10,0.005666383542120457,0.01260202843695879
fit_2015_2019,25 Santiago,4,2018,11,0.0075551788322627544,0.006639563478529453
fit_2015_2019,25 Santiago,4,2018,12,0.0075551788322627544,0.006652520038187504
fit_2015_2019,25 Santiago,4,2018,13,0.0,0.006695547141134739
fit_2015_2019,25 Santiago,4,2018,14,0.001888793776743114,0.0007930523715913296
fit_2015_2019,25 Santiago,4,2018,15,0.001888793776743114,0.0010323633905500174
fit_2015_2019,25 Santiago,4,2018,16,0.001888793776743114,0.0015146121149882674
fit_2015_2019,25 Santiago,4,2018,17,0.0037775877863168716,0.0015114557463675737
fit_2015_2019,25 Santiago,4,2018,18,0.001888793776743114,0.0036386277060955763
fit_2015_2019,25 Santiago,4,2018,19,0.005666383542120457,0.0010893797734752297
fit_2015_2019,25 Santiago,4,2018,20,0.0037775877863168716,0.005582825280725956
fit_2015_2019,25 Santiago,4,2018,21,0.001888793776743114,0.0034978326875716448
fit_2015_2019,25 Santiago,4,2018,22,0.0,0.0006287024589255452
fit_2015_2019,25 Santiago,4,2018,23,0.0075551788322627544,-0.0012619646731764078
fit_2015_2019,25 Santiago,4,2018,24,0.0037775877863168716,0.004778590518981218
fit_2015_2019,25 Santiago,4,2018,25,0.001888793776743114,0.004979150369763374
fit_2015_2019,25 Santiago,4,2018,26,0.005666383542120457,0.003864155849441886
fit_2015_2019,25 Santiago,4,2018,27,0.0075551788322627544,0.007467907853424549
fit_2015_2019,25 Santiago,4,2018,28,0.005666383542120457,0.009859913028776646
fit_2015_2019,25 Santiago,4,2018,29,0.001888793776743114,0.00942106544971466
fit_2015_2019,25 Santiago,4,2018,30,0.0075551788322627544,0.00410265289247036
fit_2015_2019,25 Santiago,4,2018,31,0.005666383542120457,0.00438213674351573
fit_2015_2019,25 Santiago,4,2018,32,0.0037775877863168716,0.004054905381053686
fit_2015_2019,25 Santiago,4,2018,33,0.0037775877863168716,0.002384420018643141
fit_2015_2019,25 Santiago,4,2018,34,0.001888793776743114,0.0028539267368614674
fit_2015_2019,25 Santiago,4,2018,35,0.0,0.0013670645421370864
fit_2015_2019,25 Santiago,4,2018,36,0.001888793776743114,-0.0014906877186149359
fit_2015_2019,25 Santiago,4,2018,37,0.0,0.0005856380448676646
fit_2015_2019,25 Santiago,4,2018,38,0.0,0.0011900437530130148
fit_2015_2019,25 Santiago,4,2018,39,0.0037775877863168716,0.0029290737584233284
fit_2015_2019,25 Santiago,4,2018,40,0.0037775877863168716,0.006184503436088562
fit_2015_2019,25 Santiago,4,2018,41,0.005666383542120457,0.005644815508276224
fit_2015_2019,25 Santiago,4,2018,42,0.015110357664525509,0.007507107686251402
fit_2015_2019,25 Santiago,4,2018,43,0.0075551788322627544,0.014645766466856003
fit_2015_2019,25 Santiago,4,2018,44,0.0037775877863168716,0.011281924322247505
fit_2015_2019,25 Santiago,4,2018,45,0.005666383542120457,0.008015376515686512
fit_2015_2019,25 Santiago,4,2018,46,0.0,0.009392253123223782
fit_2015_2019,25 Santiago,4,2018,47,0.001888793776743114,0.004459783900529146
fit_2015_2019,25 Santiago,4,2018,48,0.0037775877863168716,0.0037395553663372993
fit_2015_2019,25 Santiago,4,2018,49,0.0037775877863168716,0.005256704520434141
fit_2015_2019,25 Santiago,4,2018,50,0.0037775877863168716,0.007920520380139351
fit_2015_2019,25 Santiago,4,2018,51,0.009443975053727627,0.005405828822404146
fit_2015_2019,25 Santiago,4,2018,52,0.0,0.010387267917394638
fit_2015_2019,25 Santiago,4,2019,1,0.0,0.006916165817528963
fit_2015_2019,25 Santiago,4,2019,2,0.005626410245895386,0.004439617041498423
fit_2015_2019,25 Santiago,4,2019,3,0.005626410245895386,0.00622753519564867
fit_2015_2019,25 Santiago,4,2019,4,0.005626410245895386,0.004746939521282911
fit_2015_2019,25 Santiago,4,2019,5,0.016879232600331306,0.003833092749118805
fit_2015_2019,25 Santiago,4,2019,6,0.01500376034528017,0.010351595468819141
fit_2015_2019,25 Santiago,4,2019,7,0.00937734916806221,0.010960478335618973
fit_2015_2019,25 Santiago,4,2019,8,0.01500376034528017,0.009302819147706032
fit_2015_2019,25 Santiago,4,2019,9,0.016879232600331306,0.014180720783770084
fit_2015_2019,25 Santiago,4,2019,10,0.005626410245895386,0.01687719114124775
fit_2015_2019,25 Santiago,4,2019,11,0.013128290884196758,0.009094983339309692
fit_2015_2019,25 Santiago,4,2019,12,0.011252820491790771,0.011955088004469872
fit_2015_2019,25 Santiago,4,2019,13,0.011252820491790771,0.011928393505513668
fit_2015_2019,25 Santiago,4,2019,14,0.005626410245895386,0.013974431902170181
fit_2015_2019,25 Santiago,4,2019,15,0.01875470206141472,0.008415655232965946
fit_2015_2019,25 Santiago,4,2019,16,0.005626410245895386,0.015767676755785942
fit_2015_2019,25 Santiago,4,2019,17,0.005626410245895386,0.009855439886450768
fit_2015_2019,25 Santiago,4,2019,18,0.0037509414833039045,0.008306115865707397
fit_2015_2019,25 Santiago,4,2019,19,0.01500376034528017,0.005352366250008345
fit_2015_2019,25 Santiago,4,2019,20,0.016879232600331306,0.014044762589037418
fit_2015_2019,25 Santiago,4,2019,21,0.016879232600331306,0.016884753480553627
fit_2015_2019,25 Santiago,4,2019,22,0.016879232600331306,0.017696969211101532
fit_2015_2019,25 Santiago,4,2019,23,0.026256581768393517,0.018440626561641693
fit_2015_2019,25 Santiago,4,2019,24,0.024381110444664955,0.025693755596876144
fit_2015_2019,25 Santiago,4,2019,25,0.024381110444664955,0.027720998972654343
fit_2015_2019,25 Santiago,4,2019,26,0.06001504510641098,0.028822897002100945
fit_2015_2019,25 Santiago,4,2019,27,0.09002256393432617,0.057227861136198044
fit_2015_2019,25 Santiago,4,2019,28,0.0937735065817833,0.08873255550861359
fit_2015_2019,25 Santiago,4,2019,29,0.14066025614738464,0.1020725816488266
fit_2015_2019,25 Santiago,4,2019,30,0.13503386080265045,0.1384589821100235
fit_2015_2019,25 Santiago,4,2019,31,0.1275319755077362,0.14248469471931458
fit_2015_2019,25 Santiago,4,2019,32,0.14441120624542236,0.13844254612922668
fit_2015_2019,25 Santiago,4,2019,33,0.15566402673721313,0.1454389989376068
fit_2015_2019,25 Santiago,4,2019,34,0.20067530870437622,0.15505263209342957
fit_2015_2019,25 Santiago,4,2019,35,0.14441120624542236,0.19247253239154816
fit_2015_2019,25 Santiago,4,2019,36,0.15191307663917542,0.15897342562675476
fit_2015_2019,25 Santiago,4,2019,37,0.13690932095050812,0.1544952690601349
fit_2015_2019,25 Santiago,4,2019,38,0.10127538442611694,0.13749933242797852
fit_2015_2019,25 Santiago,4,2019,39,0.10690179467201233,0.11351259052753448
fit_2015_2019,25 Santiago,4,2019,40,0.16129043698310852,0.11156219244003296
fit_2015_2019,25 Santiago,4,2019,41,0.10877726972103119,0.14849171042442322
fit_2015_2019,25 Santiago,4,2019,42,0.13128291070461273,0.12062244117259979
fit_2015_2019,25 Santiago,4,2019,43,0.14628666639328003,0.13452468812465668
fit_2015_2019,25 Santiago,4,2019,44,0.16879230737686157,0.14305028319358826
fit_2015_2019,25 Santiago,4,2019,45,0.20442622900009155,0.16412100195884705
fit_2015_2019,25 Santiago,4,2019,46,0.20817716419696808,0.19228553771972656
fit_2015_2019,25 Santiago,4,2019,47,0.2606903612613678,0.19837185740470886
fit_2015_2019,25 Santiago,4,2019,48,0.17629419267177582,0.23266692459583282
fit_2015_2019,25 Santiago,4,2019,49,0.20067530870437622,0.17294205725193024
fit_2015_2019,25 Santiago,4,2019,50,0.19317340850830078,0.17461462318897247
fit_2015_2019,25 Santiago,4,2019,51,0.1425357311964035,0.15031395852565765
fit_2015_2019,25 Santiago,4,2019,52,0.12190555781126022,0.12550918757915497
fit_2015_2019,26 Santiago Rodríguez,1,2015,5,0.03388131782412529,0.005071316845715046
fit_2015_2019,26 Santiago Rodríguez,1,2015,6,0.0,0.03687863424420357
fit_2015_2019,26 Santiago Rodríguez,1,2015,7,0.0,-0.0014223464531823993
fit_2015_2019,26 Santiago Rodríguez,1,2015,8,0.06776263564825058,0.013771327212452888
fit_2015_2019,26 Santiago Rodríguez,1,2015,9,0.03388131782412529,0.060073643922805786
fit_2015_2019,26 Santiago Rodríguez,1,2015,10,0.03388131782412529,0.03122989647090435
fit_2015_2019,26 Santiago Rodríguez,1,2015,11,0.0,0.03410090133547783
fit_2015_2019,26 Santiago Rodríguez,1,2015,12,0.03388131782412529,0.00987449660897255
fit_2015_2019,26 Santiago Rodríguez,1,2015,13,0.03388131782412529,0.03338179364800453
fit_2015_2019,26 Santiago Rodríguez,1,2015,14,0.0,0.03610417991876602
fit_2015_2019,26 Santiago Rodríguez,1,2015,15,0.06776263564825058,0.005761203821748495
fit_2015_2019,26 Santiago Rodríguez,1,2015,16,0.0,0.06097318232059479
fit_2015_2019,26 Santiago Rodríguez,1,2015,17,0.0,0.011195065453648567
fit_2015_2019,26 Santiago Rodríguez,1,2015,18,0.03388131782412529,0.007429820019751787
fit_2015_2019,26 Santiago Rodríguez,1,2015,19,0.03388131782412529,0.032783571630716324
fit_2015_2019,26 Santiago Rodríguez,1,2015,20,0.0,0.03941865265369415
fit_2015_2019,26 Santiago Rodríguez,1,2015,21,0.0,0.011402723379433155
fit_2015_2019,26 Santiago Rodríguez,1,2015,22,0.03388131782412529,0.011943308636546135
fit_2015_2019,26 Santiago Rodríguez,1,2015,23,0.10164395719766617,0.034722950309515
fit_2015_2019,26 Santiago Rodríguez,1,2015,24,0.06776263564825058,0.08816613256931305
fit_2015_2019,26 Santiago Rodríguez,1,2015,25,0.0,0.06666587293148041
fit_2015_2019,26 Santiago Rodríguez,1,2015,26,0.03388131782412529,0.014794876798987389
fit_2015_2019,26 Santiago Rodríguez,1,2015,27,0.06776263564825058,0.04207415133714676
fit_2015_2019,26 Santiago Rodríguez,1,2015,28,0.06776263564825058,0.06995781511068344
fit_2015_2019,26 Santiago Rodríguez,1,2015,29,0.10164395719766617,0.06233714520931244
fit_2015_2019,26 Santiago Rodríguez,1,2015,30,0.03388131782412529,0.09335022419691086
fit_2015_2019,26 Santiago Rodríguez,1,2015,31,0.0,0.035267069935798645
fit_2015_2019,26 Santiago Rodríguez,1,2015,32,0.0,0.01450825110077858
fit_2015_2019,26 Santiago Rodríguez,1,2015,33,0.10164395719766617,0.015863554552197456
fit_2015_2019,26 Santiago Rodríguez,1,2015,34,0.16940659284591675,0.10198991745710373
fit_2015_2019,26 Santiago Rodríguez,1,2015,35,0.0,0.14542531967163086
fit_2015_2019,26 Santiago Rodríguez,1,2015,36,0.03388131782412529,0.007346376311033964
fit_2015_2019,26 Santiago Rodríguez,1,2015,37,0.13552527129650116,0.058381546288728714
fit_2015_2019,26 Santiago Rodríguez,1,2015,38,0.13552527129650116,0.12234843522310257
fit_2015_2019,26 Santiago Rodríguez,1,2015,39,0.06776263564825058,0.1311052143573761
fit_2015_2019,26 Santiago Rodríguez,1,2015,40,0.3388131856918335,0.08644083887338638
fit_2015_2019,26 Santiago Rodríguez,1,2015,41,0.23716920614242554,0.31124967336654663
fit_2015_2019,26 Santiago Rodríguez,1,2015,42,0.3049318790435791,0.23325158655643463
fit_2015_2019,26 Santiago Rodríguez,1,2015,43,0.3049318790435791,0.32009342312812805
fit_2015_2019,26 Santiago Rodríguez,1,2015,44,0.23716920614242554,0.2469385862350464
fit_2015_2019,26 Santiago Rodríguez,1,2015,45,0.20328789949417114,0.22093552350997925
fit_2015_2019,26 Santiago Rodríguez,1,2015,46,0.16940659284591675,0.16736578941345215
fit_2015_2019,26 Santiago Rodríguez,1,2015,47,0.20328789949417114,0.11631451547145844
fit_2015_2019,26 Santiago Rodríguez,1,2015,48,0.06776263564825058,0.15566810965538025
fit_2015_2019,26 Santiago Rodríguez,1,2015,49,0.03388131782412529,0.04463541880249977
fit_2015_2019,26 Santiago Rodríguez,1,2015,50,0.0,0.032941047102212906
fit_2015_2019,26 Santiago Rodríguez,1,2015,51,0.0,-0.0002155667607439682
fit_2015_2019,26 Santiago Rodríguez,1,2015,52,0.0,0.022907650098204613
fit_2015_2019,26 Santiago Rodríguez,1,2016,1,0.20340116322040558,0.021422984078526497
fit_2015_2019,26 Santiago Rodríguez,1,2016,2,0.16950097680091858,0.17849595844745636
fit_2015_2019,26 Santiago Rodríguez,1,2016,3,0.06780039519071579,0.11940959841012955
fit_2015_2019,26 Santiago Rodríguez,1,2016,4,0.033900193870067596,0.05030534416437149
fit_2015_2019,26 Santiago Rodríguez,1,2016,5,0.06780039519071579,0.021347152069211006
fit_2015_2019,26 Santiago Rodríguez,1,2016,6,0.06780039519071579,0.05735829472541809
fit_2015_2019,26 Santiago Rodríguez,1,2016,7,0.10170058161020279,0.07067684084177017
fit_2015_2019,26 Santiago Rodríguez,1,2016,8,0.033900193870067596,0.0998065173625946
fit_2015_2019,26 Santiago Rodríguez,1,2016,9,0.033900193870067596,0.043989308178424835
fit_2015_2019,26 Santiago Rodríguez,1,2016,10,0.0,0.04650397598743439
fit_2015_2019,26 Santiago Rodríguez,1,2016,11,0.20340116322040558,0.017865005880594254
fit_2015_2019,26 Santiago Rodríguez,1,2016,12,0.06780039519071579,0.1754397302865982
fit_2015_2019,26 Santiago Rodríguez,1,2016,13,0.10170058161020279,0.07033078372478485
fit_2015_2019,26 Santiago Rodríguez,1,2016,14,0.10170058161020279,0.09812887758016586
fit_2015_2019,26 Santiago Rodríguez,1,2016,15,0.13560079038143158,0.08093561232089996
fit_2015_2019,26 Santiago Rodríguez,1,2016,16,0.20340116322040558,0.12293508648872375
fit_2015_2019,26 Santiago Rodríguez,1,2016,17,0.13560079038143158,0.17837712168693542
fit_2015_2019,26 Santiago Rodríguez,1,2016,18,0.033900193870067596,0.1262427270412445
fit_2015_2019,26 Santiago Rodríguez,1,2016,19,0.23730139434337616,0.0528799369931221
fit_2015_2019,26 Santiago Rodríguez,1,2016,20,0.033900193870067596,0.18037348985671997
fit_2015_2019,26 Santiago Rodríguez,1,2016,21,0.13560079038143158,0.05495448783040047
fit_2015_2019,26 Santiago Rodríguez,1,2016,22,0.0,0.12168405950069427
fit_2015_2019,26 Santiago Rodríguez,1,2016,23,0.10170058161020279,-0.006254555657505989
fit_2015_2019,26 Santiago Rodríguez,1,2016,24,0.033900193870067596,0.0855407640337944
fit_2015_2019,26 Santiago Rodríguez,1,2016,25,0.13560079038143158,0.044302668422460556
fit_2015_2019,26 Santiago Rodríguez,1,2016,26,0.20340116322040558,0.12132550776004791
fit_2015_2019,26 Santiago Rodríguez,1,2016,27,0.06780039519071579,0.1767105907201767
fit_2015_2019,26 Santiago Rodríguez,1,2016,28,0.06780039519071579,0.06359653919935226
fit_2015_2019,26 Santiago Rodríguez,1,2016,29,0.033900193870067596,0.057354636490345
fit_2015_2019,26 Santiago Rodríguez,1,2016,30,0.0,0.011955078691244125
fit_2015_2019,26 Santiago Rodríguez,1,2016,31,0.06780039519071579,0.002216967521235347
fit_2015_2019,26 Santiago Rodríguez,1,2016,32,0.0,0.0628921315073967
fit_2015_2019,26 Santiago Rodríguez,1,2016,33,0.10170058161020279,-0.001067221281118691
fit_2015_2019,26 Santiago Rodríguez,1,2016,34,0.0,0.08877648413181305
fit_2015_2019,26 Santiago Rodríguez,1,2016,35,0.0,-0.008176625706255436
fit_2015_2019,26 Santiago Rodríguez,1,2016,36,0.0,-0.0015345425345003605
fit_2015_2019,26 Santiago Rodríguez,1,2016,37,0.06780039519071579,0.008647981099784374
fit_2015_2019,26 Santiago Rodríguez,1,2016,38,0.033900193870067596,0.06108475849032402
fit_2015_2019,26 Santiago Rodríguez,1,2016,39,0.06780039519071579,0.02050444297492504
fit_2015_2019,26 Santiago Rodríguez,1,2016,40,0.0,0.0550677590072155
fit_2015_2019,26 Santiago Rodríguez,1,2016,41,0.033900193870067596,-0.005685952492058277
fit_2015_2019,26 Santiago Rodríguez,1,2016,42,0.06780039519071579,0.03134758025407791
fit_2015_2019,26 Santiago Rodríguez,1,2016,43,0.10170058161020279,0.05709526687860489
fit_2015_2019,26 Santiago Rodríguez,1,2016,44,0.0,0.07398424297571182
fit_2015_2019,26 Santiago Rodríguez,1,2016,45,0.033900193870067596,0.0016804694896563888
fit_2015_2019,26 Santiago Rodríguez,1,2016,46,0.0,0.031194360926747322
fit_2015_2019,26 Santiago Rodríguez,1,2016,47,0.0,0.0008105267770588398
fit_2015_2019,26 Santiago Rodríguez,1,2016,48,0.0,-0.006496347486972809
fit_2015_2019,26 Santiago Rodríguez,1,2016,49,0.033900193870067596,0.006981302984058857
fit_2015_2019,26 Santiago Rodríguez,1,2016,50,0.0,0.02886616624891758
fit_2015_2019,26 Santiago Rodríguez,1,2016,51,0.0,-0.006106272339820862
fit_2015_2019,26 Santiago Rodríguez,1,2016,52,0.0,-0.0015797677915543318
fit_2015_2019,26 Santiago Rodríguez,1,2017,1,0.0,0.0018195018637925386
fit_2015_2019,26 Santiago Rodríguez,1,2017,2,0.0,-0.001400889246724546
fit_2015_2019,26 Santiago Rodríguez,1,2017,3,0.0,-0.0026687546633183956
fit_2015_2019,26 Santiago Rodríguez,1,2017,4,0.0,-0.0008946787565946579
fit_2015_2019,26 Santiago Rodríguez,1,2017,5,0.0,-0.0009998036548495293
fit_2015_2019,26 Santiago Rodríguez,1,2017,6,0.0,0.0003243912651669234
fit_2015_2019,26 Santiago Rodríguez,1,2017,7,0.0,0.003912732005119324
fit_2015_2019,26 Santiago Rodríguez,1,2017,8,0.0,0.001961375353857875
fit_2015_2019,26 Santiago Rodríguez,1,2017,9,0.0,0.0009110582759603858
fit_2015_2019,26 Santiago Rodríguez,1,2017,10,0.0,0.003691174788400531
fit_2015_2019,26 Santiago Rodríguez,1,2017,11,0.0,0.004650927148759365
fit_2015_2019,26 Santiago Rodríguez,1,2017,12,0.0,0.0006592993158847094
fit_2015_2019,26 Santiago Rodríguez,1,2017,13,0.0,0.002086462453007698
fit_2015_2019,26 Santiago Rodríguez,1,2017,14,0.0,-0.00879769865423441
fit_2015_2019,26 Santiago Rodríguez,1,2017,15,0.0,0.008552215993404388
fit_2015_2019,26 Santiago Rodríguez,1,2017,16,0.0,0.0028986092656850815
fit_2015_2019,26 Santiago Rodríguez,1,2017,17,0.0,0.003193467389792204
fit_2015_2019,26 Santiago Rodríguez,1,2017,18,0.0,-7.160124368965626e-05
fit_2015_2019,26 Santiago Rodríguez,1,2017,19,0.0,0.0070685227401554585
fit_2015_2019,26 Santiago Rodríguez,1,2017,20,0.0,-0.0045023453421890736
fit_2015_2019,26 Santiago Rodríguez,1,2017,21,0.0,0.010130430571734905
fit_2015_2019,26 Santiago Rodríguez,1,2017,22,0.03392264246940613,0.005416134372353554
fit_2015_2019,26 Santiago Rodríguez,1,2017,23,0.0,0.03273031860589981
fit_2015_2019,26 Santiago Rodríguez,1,2017,24,0.0,0.012645659036934376
fit_2015_2019,26 Santiago Rodríguez,1,2017,25,0.0,0.009459977969527245
fit_2015_2019,26 Santiago Rodríguez,1,2017,26,0.03392264246940613,0.00793368835002184
fit_2015_2019,26 Santiago Rodríguez,1,2017,27,0.0,0.035151053220033646
fit_2015_2019,26 Santiago Rodríguez,1,2017,28,0.03392264246940613,0.008159617893397808
fit_2015_2019,26 Santiago Rodríguez,1,2017,29,0.0,0.03191681578755379
fit_2015_2019,26 Santiago Rodríguez,1,2017,30,0.0,0.0034851673990488052
fit_2015_2019,26 Santiago Rodríguez,1,2017,31,0.0,0.004620335530489683
fit_2015_2019,26 Santiago Rodríguez,1,2017,32,0.03392264246940613,0.007552341092377901
fit_2015_2019,26 Santiago Rodríguez,1,2017,33,0.0,0.03294535353779793
fit_2015_2019,26 Santiago Rodríguez,1,2017,34,0.03392264246940613,0.00026568572502583265
fit_2015_2019,26 Santiago Rodríguez,1,2017,35,0.0,0.033388152718544006
fit_2015_2019,26 Santiago Rodríguez,1,2017,36,0.0,0.001425872091203928
fit_2015_2019,26 Santiago Rodríguez,1,2017,37,0.03392264246940613,0.011247653514146805
fit_2015_2019,26 Santiago Rodríguez,1,2017,38,0.0,0.02902902662754059
fit_2015_2019,26 Santiago Rodríguez,1,2017,39,0.0,0.004115993622690439
fit_2015_2019,26 Santiago Rodríguez,1,2017,40,0.0,0.0038719794247299433
fit_2015_2019,26 Santiago Rodríguez,1,2017,41,0.03392264246940613,0.017029110342264175
fit_2015_2019,26 Santiago Rodríguez,1,2017,42,0.0,0.03274314105510712
fit_2015_2019,26 Santiago Rodríguez,1,2017,43,0.0,-0.0038807184901088476
fit_2015_2019,26 Santiago Rodríguez,1,2017,44,0.0,0.0022503684740513563
fit_2015_2019,26 Santiago Rodríguez,1,2017,45,0.0,0.0017635223921388388
fit_2015_2019,26 Santiago Rodríguez,1,2017,46,0.0,0.004460012074559927
fit_2015_2019,26 Santiago Rodríguez,1,2017,47,0.0,-0.009447682648897171
fit_2015_2019,26 Santiago Rodríguez,1,2017,48,0.0,0.0034071076661348343
fit_2015_2019,26 Santiago Rodríguez,1,2017,49,0.0,-0.0012414193479344249
fit_2015_2019,26 Santiago Rodríguez,1,2017,50,0.0,-0.0007441589259542525
fit_2015_2019,26 Santiago Rodríguez,1,2017,51,0.0,-0.0010414322605356574
fit_2015_2019,26 Santiago Rodríguez,1,2017,52,0.0,0.0002769168058875948
fit_2015_2019,26 Santiago Rodríguez,1,2018,1,0.0,0.0028806165792047977
fit_2015_2019,26 Santiago Rodríguez,1,2018,2,0.0,0.0023242344614118338
fit_2015_2019,26 Santiago Rodríguez,1,2018,3,0.0,-0.009408894926309586
fit_2015_2019,26 Santiago Rodríguez,1,2018,4,0.0,0.0034860982559621334
fit_2015_2019,26 Santiago Rodríguez,1,2018,5,0.0,-0.004191971849650145
fit_2015_2019,26 Santiago Rodríguez,1,2018,6,0.0,-0.004882135894149542
fit_2015_2019,26 Santiago Rodríguez,1,2018,7,0.0,-0.0010096061741933227
fit_2015_2019,26 Santiago Rodríguez,1,2018,8,0.0,-0.00029756544972769916
fit_2015_2019,26 Santiago Rodríguez,1,2018,9,0.033933285623788834,-0.0009452663362026215
fit_2015_2019,26 Santiago Rodríguez,1,2018,10,0.0,0.02449481375515461
fit_2015_2019,26 Santiago Rodríguez,1,2018,11,0.0,-0.006650611758232117
fit_2015_2019,26 Santiago Rodríguez,1,2018,12,0.0,-0.007717459462583065
fit_2015_2019,26 Santiago Rodríguez,1,2018,13,0.0,-0.0009489731746725738
fit_2015_2019,26 Santiago Rodríguez,1,2018,14,0.0,-0.0010782884201034904
fit_2015_2019,26 Santiago Rodríguez,1,2018,15,0.0,-0.001911728992126882
fit_2015_2019,26 Santiago Rodríguez,1,2018,16,0.0,-0.0012878819834440947
fit_2015_2019,26 Santiago Rodríguez,1,2018,17,0.0,0.0024530228693038225
fit_2015_2019,26 Santiago Rodríguez,1,2018,18,0.0,0.00114625773858279
fit_2015_2019,26 Santiago Rodríguez,1,2018,19,0.0,-0.0007651573978364468
fit_2015_2019,26 Santiago Rodríguez,1,2018,20,0.0,-0.0026879701763391495
fit_2015_2019,26 Santiago Rodríguez,1,2018,21,0.0,0.0021421874407678843
fit_2015_2019,26 Santiago Rodríguez,1,2018,22,0.0,0.003200467210263014
fit_2015_2019,26 Santiago Rodríguez,1,2018,23,0.0,0.0009689589496701956
fit_2015_2019,26 Santiago Rodríguez,1,2018,24,0.0,0.0026216055266559124
fit_2015_2019,26 Santiago Rodríguez,1,2018,25,0.0,0.0012533727567642927
fit_2015_2019,26 Santiago Rodríguez,1,2018,26,0.0,0.0007216739468276501
fit_2015_2019,26 Santiago Rodríguez,1,2018,27,0.033933285623788834,0.0014356239698827267
fit_2015_2019,26 Santiago Rodríguez,1,2018,28,0.033933285623788834,0.03026001714169979
fit_2015_2019,26 Santiago Rodríguez,1,2018,29,0.0,0.028020992875099182
fit_2015_2019,26 Santiago Rodríguez,1,2018,30,0.0,0.0007954495958983898
fit_2015_2019,26 Santiago Rodríguez,1,2018,31,0.0,0.004154973663389683
fit_2015_2019,26 Santiago Rodríguez,1,2018,32,0.033933285623788834,0.0027422027196735144
fit_2015_2019,26 Santiago Rodríguez,1,2018,33,0.0,0.030187714844942093
fit_2015_2019,26 Santiago Rodríguez,1,2018,34,0.0,-0.002741673029959202
fit_2015_2019,26 Santiago Rodríguez,1,2018,35,0.0,0.007193197030574083
fit_2015_2019,26 Santiago Rodríguez,1,2018,36,0.0,0.004957827739417553
fit_2015_2019,26 Santiago Rodríguez,1,2018,37,0.0,0.007418651133775711
fit_2015_2019,26 Santiago Rodríguez,1,2018,38,0.0,0.006859464570879936
fit_2015_2019,26 Santiago Rodríguez,1,2018,39,0.0,0.009115256369113922
fit_2015_2019,26 Santiago Rodríguez,1,2018,40,0.0,0.009864173829555511
fit_2015_2019,26 Santiago Rodríguez,1,2018,41,0.0,0.0027926259208470583
fit_2015_2019,26 Santiago Rodríguez,1,2018,42,0.0,0.0039914739318192005
fit_2015_2019,26 Santiago Rodríguez,1,2018,43,0.0,0.006818241905421019
fit_2015_2019,26 Santiago Rodríguez,1,2018,44,0.0,0.010355530306696892
fit_2015_2019,26 Santiago Rodríguez,1,2018,45,0.0,0.00707846088334918
fit_2015_2019,26 Santiago Rodríguez,1,2018,46,0.0,0.004660268779844046
fit_2015_2019,26 Santiago Rodríguez,1,2018,47,0.033933285623788834,0.004737819544970989
fit_2015_2019,26 Santiago Rodríguez,1,2018,48,0.0,0.03606315329670906
fit_2015_2019,26 Santiago Rodríguez,1,2018,49,0.033933285623788834,0.0014519008109346032
fit_2015_2019,26 Santiago Rodríguez,1,2018,50,0.0,0.03678322955965996
fit_2015_2019,26 Santiago Rodríguez,1,2018,51,0.033933285623788834,0.0017201441805809736
fit_2015_2019,26 Santiago Rodríguez,1,2018,52,0.0,0.031992536038160324
fit_2015_2019,26 Santiago Rodríguez,1,2019,1,0.0,0.0045740981586277485
fit_2015_2019,26 Santiago Rodríguez,1,2019,2,0.0,0.006411411799490452
fit_2015_2019,26 Santiago Rodríguez,1,2019,3,0.0,0.005488119553774595
fit_2015_2019,26 Santiago Rodríguez,1,2019,4,0.06792576611042023,0.0030749232973903418
fit_2015_2019,26 Santiago Rodríguez,1,2019,5,0.03396288678050041,0.059397049248218536
fit_2015_2019,26 Santiago Rodríguez,1,2019,6,0.0,0.025792520493268967
fit_2015_2019,26 Santiago Rodríguez,1,2019,7,0.03396288678050041,0.006924926303327084
fit_2015_2019,26 Santiago Rodríguez,1,2019,8,0.0,0.036785732954740524
fit_2015_2019,26 Santiago Rodríguez,1,2019,9,0.0,0.011964436620473862
fit_2015_2019,26 Santiago Rodríguez,1,2019,10,0.03396288678050041,0.01432977057993412
fit_2015_2019,26 Santiago Rodríguez,1,2019,11,0.0,0.03819669410586357
fit_2015_2019,26 Santiago Rodríguez,1,2019,12,0.03396288678050041,0.008330797776579857
fit_2015_2019,26 Santiago Rodríguez,1,2019,13,0.0,0.03409942612051964
fit_2015_2019,26 Santiago Rodríguez,1,2019,14,0.06792576611042023,0.003503081388771534
fit_2015_2019,26 Santiago Rodríguez,1,2019,15,0.0,0.057186372578144073
fit_2015_2019,26 Santiago Rodríguez,1,2019,16,0.0,0.012630418874323368
fit_2015_2019,26 Santiago Rodríguez,1,2019,17,0.0,0.01009383611381054
fit_2015_2019,26 Santiago Rodríguez,1,2019,18,0.0,0.007528088986873627
fit_2015_2019,26 Santiago Rodríguez,1,2019,19,0.0,0.0028020809404551983
fit_2015_2019,26 Santiago Rodríguez,1,2019,20,0.06792576611042023,0.006535230204463005
fit_2015_2019,26 Santiago Rodríguez,1,2019,21,0.0,0.05938117206096649
fit_2015_2019,26 Santiago Rodríguez,1,2019,22,0.0,0.00931348092854023
fit_2015_2019,26 Santiago Rodríguez,1,2019,23,0.13585153222084045,0.01730789989233017
fit_2015_2019,26 Santiago Rodríguez,1,2019,24,0.0,0.10873660445213318
fit_2015_2019,26 Santiago Rodríguez,1,2019,25,0.03396288678050041,0.02458423376083374
fit_2015_2019,26 Santiago Rodríguez,1,2019,26,0.13585153222084045,0.04453142359852791
fit_2015_2019,26 Santiago Rodríguez,1,2019,27,0.03396288678050041,0.12089163810014725
fit_2015_2019,26 Santiago Rodríguez,1,2019,28,0.16981442272663116,0.04428061470389366
fit_2015_2019,26 Santiago Rodríguez,1,2019,29,0.10188866406679153,0.1582961529493332
fit_2015_2019,26 Santiago Rodríguez,1,2019,30,0.10188866406679153,0.08969632536172867
fit_2015_2019,26 Santiago Rodríguez,1,2019,31,0.2037772834300995,0.10424640774726868
fit_2015_2019,26 Santiago Rodríguez,1,2019,32,0.06792576611042023,0.17236930131912231
fit_2015_2019,26 Santiago Rodríguez,1,2019,33,0.0,0.06077853590250015
fit_2015_2019,26 Santiago Rodríguez,1,2019,34,0.10188866406679153,0.02648458443582058
fit_2015_2019,26 Santiago Rodríguez,1,2019,35,0.10188866406679153,0.09418231248855591
fit_2015_2019,26 Santiago Rodríguez,1,2019,36,0.13585153222084045,0.09240599721670151
fit_2015_2019,26 Santiago Rodríguez,1,2019,37,0.06792576611042023,0.1386672407388687
fit_2015_2019,26 Santiago Rodríguez,1,2019,38,0.0,0.08036643266677856
fit_2015_2019,26 Santiago Rodríguez,1,2019,39,0.10188866406679153,0.02770920656621456
fit_2015_2019,26 Santiago Rodríguez,1,2019,40,0.06792576611042023,0.10227788984775543
fit_2015_2019,26 Santiago Rodríguez,1,2019,41,0.03396288678050041,0.0834370106458664
fit_2015_2019,26 Santiago Rodríguez,1,2019,42,0.06792576611042023,0.04760914668440819
fit_2015_2019,26 Santiago Rodríguez,1,2019,43,0.2717030942440033,0.08667928725481033
fit_2015_2019,26 Santiago Rodríguez,1,2019,44,0.06792576611042023,0.23940922319889069
fit_2015_2019,26 Santiago Rodríguez,1,2019,45,0.10188866406679153,0.06530330330133438
fit_2015_2019,26 Santiago Rodríguez,1,2019,46,0.10188866406679153,0.1063409373164177
fit_2015_2019,26 Santiago Rodríguez,1,2019,47,0.10188866406679153,0.055031150579452515
fit_2015_2019,26 Santiago Rodríguez,1,2019,48,0.03396288678050041,0.0885688066482544
fit_2015_2019,26 Santiago Rodríguez,1,2019,49,0.03396288678050041,0.032332103699445724
fit_2015_2019,26 Santiago Rodríguez,1,2019,50,0.03396288678050041,0.03958672657608986
fit_2015_2019,26 Santiago Rodríguez,1,2019,51,0.03396288678050041,0.0372328907251358
fit_2015_2019,26 Santiago Rodríguez,1,2019,52,0.03396288678050041,0.04166686534881592
fit_2015_2019,27 Valverde,1,2015,5,0.0,-0.002061797771602869
fit_2015_2019,27 Valverde,1,2015,6,0.0,0.002591878641396761
fit_2015_2019,27 Valverde,1,2015,7,0.0,-0.00509770680218935
fit_2015_2019,27 Valverde,1,2015,8,0.0,0.00448965048417449
fit_2015_2019,27 Valverde,1,2015,9,0.0,0.0008122716099023819
fit_2015_2019,27 Valverde,1,2015,10,0.034256916493177414,-0.001520240679383278
fit_2015_2019,27 Valverde,1,2015,11,0.045675888657569885,0.034727636724710464
fit_2015_2019,27 Valverde,1,2015,12,0.011418972164392471,0.03798366338014603
fit_2015_2019,27 Valverde,1,2015,13,0.022837942466139793,0.010303876362740993
fit_2015_2019,27 Valverde,1,2015,14,0.011418972164392471,0.02209027297794819
fit_2015_2019,27 Valverde,1,2015,15,0.022837942466139793,0.01242824923247099
fit_2015_2019,27 Valverde,1,2015,16,0.011418972164392471,0.02251930721104145
fit_2015_2019,27 Valverde,1,2015,17,0.011418972164392471,0.014180351980030537
fit_2015_2019,27 Valverde,1,2015,18,0.011418972164392471,0.011775416322052479
fit_2015_2019,27 Valverde,1,2015,19,0.022837942466139793,0.010277410969138145
fit_2015_2019,27 Valverde,1,2015,20,0.011418972164392471,0.027102546766400337
fit_2015_2019,27 Valverde,1,2015,21,0.0,0.013896780088543892
fit_2015_2019,27 Valverde,1,2015,22,0.034256916493177414,0.0046035898849368095
fit_2015_2019,27 Valverde,1,2015,23,0.0,0.03153746947646141
fit_2015_2019,27 Valverde,1,2015,24,0.011418972164392471,0.004387627821415663
fit_2015_2019,27 Valverde,1,2015,25,0.011418972164392471,0.015020241029560566
fit_2015_2019,27 Valverde,1,2015,26,0.05709485709667206,0.018156688660383224
fit_2015_2019,27 Valverde,1,2015,27,0.011418972164392471,0.059929780662059784
fit_2015_2019,27 Valverde,1,2015,28,0.022837942466139793,0.021685121580958366
fit_2015_2019,27 Valverde,1,2015,29,0.06851383298635483,0.028352923691272736
fit_2015_2019,27 Valverde,1,2015,30,0.011418972164392471,0.0679459497332573
fit_2015_2019,27 Valverde,1,2015,31,0.06851383298635483,0.018246229737997055
fit_2015_2019,27 Valverde,1,2015,32,0.045675888657569885,0.06900931894779205
fit_2015_2019,27 Valverde,1,2015,33,0.011418972164392471,0.05059487000107765
fit_2015_2019,27 Valverde,1,2015,34,0.079932801425457,0.019671790301799774
fit_2015_2019,27 Valverde,1,2015,35,0.05709485709667206,0.08193488419055939
fit_2015_2019,27 Valverde,1,2015,36,0.011418972164392471,0.06067417562007904
fit_2015_2019,27 Valverde,1,2015,37,0.045675888657569885,0.020229550078511238
fit_2015_2019,27 Valverde,1,2015,38,0.05709485709667206,0.0567050576210022
fit_2015_2019,27 Valverde,1,2015,39,0.10277074575424194,0.06889382749795914
fit_2015_2019,27 Valverde,1,2015,40,0.159865602850914,0.11041345447301865
fit_2015_2019,27 Valverde,1,2015,41,0.19412250816822052,0.16436287760734558
fit_2015_2019,27 Valverde,1,2015,42,0.13702765107154846,0.19785591959953308
fit_2015_2019,27 Valverde,1,2015,43,0.09135177731513977,0.14719663560390472
fit_2015_2019,27 Valverde,1,2015,44,0.34256914258003235,0.10328526049852371
fit_2015_2019,27 Valverde,1,2015,45,0.19412250816822052,0.31166842579841614
fit_2015_2019,27 Valverde,1,2015,46,0.19412250816822052,0.18222421407699585
fit_2015_2019,27 Valverde,1,2015,47,0.09135177731513977,0.18897397816181183
fit_2015_2019,27 Valverde,1,2015,48,0.06851383298635483,0.061889804899692535
fit_2015_2019,27 Valverde,1,2015,49,0.034256916493177414,0.06283680349588394
fit_2015_2019,27 Valverde,1,2015,50,0.034256916493177414,0.028840381652116776
fit_2015_2019,27 Valverde,1,2015,51,0.079932801425457,0.04409436881542206
fit_2015_2019,27 Valverde,1,2015,52,0.079932801425457,0.08226001262664795
fit_2015_2019,27 Valverde,1,2016,1,0.07934454828500748,0.07662634551525116
fit_2015_2019,27 Valverde,1,2016,2,0.07934454828500748,0.07320252805948257
fit_2015_2019,27 Valverde,1,2016,3,0.011334936134517193,0.06992560625076294
fit_2015_2019,27 Valverde,1,2016,4,0.05667467787861824,0.009905950166285038
fit_2015_2019,27 Valverde,1,2016,5,0.034004807472229004,0.05370132252573967
fit_2015_2019,27 Valverde,1,2016,6,0.04533974081277847,0.03401342034339905
fit_2015_2019,27 Valverde,1,2016,7,0.034004807472229004,0.04378586634993553
fit_2015_2019,27 Valverde,1,2016,8,0.022669870406389236,0.036851681768894196
fit_2015_2019,27 Valverde,1,2016,9,0.011334936134517193,0.029608512297272682
fit_2015_2019,27 Valverde,1,2016,10,0.04533974081277847,0.01988583616912365
fit_2015_2019,27 Valverde,1,2016,11,0.05667467787861824,0.04624829813838005
fit_2015_2019,27 Valverde,1,2016,12,0.022669870406389236,0.055655479431152344
fit_2015_2019,27 Valverde,1,2016,13,0.011334936134517193,0.025675952434539795
fit_2015_2019,27 Valverde,1,2016,14,0.0,0.019710499793291092
fit_2015_2019,27 Valverde,1,2016,15,0.022669870406389236,0.00670847250148654
fit_2015_2019,27 Valverde,1,2016,16,0.022669870406389236,0.023532304912805557
fit_2015_2019,27 Valverde,1,2016,17,0.0,0.023854441940784454
fit_2015_2019,27 Valverde,1,2016,18,0.0,0.005052642896771431
fit_2015_2019,27 Valverde,1,2016,19,0.022669870406389236,0.0059222932904958725
fit_2015_2019,27 Valverde,1,2016,20,0.022669870406389236,0.021378953009843826
fit_2015_2019,27 Valverde,1,2016,21,0.011334936134517193,0.02598828449845314
fit_2015_2019,27 Valverde,1,2016,22,0.0,0.006852681282907724
fit_2015_2019,27 Valverde,1,2016,23,0.011334936134517193,0.005431389901787043
fit_2015_2019,27 Valverde,1,2016,24,0.0,0.011049534194171429
fit_2015_2019,27 Valverde,1,2016,25,0.0,0.009118457324802876
fit_2015_2019,27 Valverde,1,2016,26,0.0,0.0013762526214122772
fit_2015_2019,27 Valverde,1,2016,27,0.034004807472229004,0.005295371171087027
fit_2015_2019,27 Valverde,1,2016,28,0.022669870406389236,0.03351474180817604
fit_2015_2019,27 Valverde,1,2016,29,0.0,0.025056881830096245
fit_2015_2019,27 Valverde,1,2016,30,0.0,0.0021208033431321383
fit_2015_2019,27 Valverde,1,2016,31,0.0,-0.0006261704838834703
fit_2015_2019,27 Valverde,1,2016,32,0.0,-0.0009195522870868444
fit_2015_2019,27 Valverde,1,2016,33,0.011334936134517193,-0.0011185145704075694
fit_2015_2019,27 Valverde,1,2016,34,0.0,0.010702701285481453
fit_2015_2019,27 Valverde,1,2016,35,0.0,0.0019508195109665394
fit_2015_2019,27 Valverde,1,2016,36,0.0,-0.0014120531268417835
fit_2015_2019,27 Valverde,1,2016,37,0.011334936134517193,0.004540350288152695
fit_2015_2019,27 Valverde,1,2016,38,0.0,0.01278691180050373
fit_2015_2019,27 Valverde,1,2016,39,0.011334936134517193,0.003273207228630781
fit_2015_2019,27 Valverde,1,2016,40,0.011334936134517193,0.015132801607251167
fit_2015_2019,27 Valverde,1,2016,41,0.011334936134517193,0.014361976645886898
fit_2015_2019,27 Valverde,1,2016,42,0.011334936134517193,0.013557454571127892
fit_2015_2019,27 Valverde,1,2016,43,0.022669870406389236,0.014868075959384441
fit_2015_2019,27 Valverde,1,2016,44,0.011334936134517193,0.02155621349811554
fit_2015_2019,27 Valverde,1,2016,45,0.04533974081277847,0.02064312994480133
fit_2015_2019,27 Valverde,1,2016,46,0.0,0.04171688109636307
fit_2015_2019,27 Valverde,1,2016,47,0.011334936134517193,0.004822505638003349
fit_2015_2019,27 Valverde,1,2016,48,0.022669870406389236,0.008580160327255726
fit_2015_2019,27 Valverde,1,2016,49,0.011334936134517193,0.024138113483786583
fit_2015_2019,27 Valverde,1,2016,50,0.0,0.006811953615397215
fit_2015_2019,27 Valverde,1,2016,51,0.0,0.0025802890304476023
fit_2015_2019,27 Valverde,1,2016,52,0.0,0.0018863192526623607
fit_2015_2019,27 Valverde,1,2017,1,0.0,0.0007196608348749578
fit_2015_2019,27 Valverde,1,2017,2,0.011252583004534245,-0.0008759645861573517
fit_2015_2019,27 Valverde,1,2017,3,0.0,0.004251188598573208
fit_2015_2019,27 Valverde,1,2017,4,0.0,-0.006301958579570055
fit_2015_2019,27 Valverde,1,2017,5,0.0,-0.0035311745014041662
fit_2015_2019,27 Valverde,1,2017,6,0.011252583004534245,-0.002587336814031005
fit_2015_2019,27 Valverde,1,2017,7,0.0,0.008857326582074165
fit_2015_2019,27 Valverde,1,2017,8,0.011252583004534245,-0.0008752648718655109
fit_2015_2019,27 Valverde,1,2017,9,0.0,0.011026803404092789
fit_2015_2019,27 Valverde,1,2017,10,0.02250516414642334,0.0018820943078026175
fit_2015_2019,27 Valverde,1,2017,11,0.0,0.021493518725037575
fit_2015_2019,27 Valverde,1,2017,12,0.011252583004534245,0.0010102872038260102
fit_2015_2019,27 Valverde,1,2017,13,0.0,0.01072016078978777
fit_2015_2019,27 Valverde,1,2017,14,0.0,-0.0032118982635438442
fit_2015_2019,27 Valverde,1,2017,15,0.0,0.0031937737949192524
fit_2015_2019,27 Valverde,1,2017,16,0.011252583004534245,-0.003412453457713127
fit_2015_2019,27 Valverde,1,2017,17,0.011252583004534245,0.009542038664221764
fit_2015_2019,27 Valverde,1,2017,18,0.03375774621963501,0.007535817101597786
fit_2015_2019,27 Valverde,1,2017,19,0.0,0.02654550038278103
fit_2015_2019,27 Valverde,1,2017,20,0.0,0.002323371823877096
fit_2015_2019,27 Valverde,1,2017,21,0.0,-0.0006262039532884955
fit_2015_2019,27 Valverde,1,2017,22,0.0,0.0032607950270175934
fit_2015_2019,27 Valverde,1,2017,23,0.0,-0.0001507138804299757
fit_2015_2019,27 Valverde,1,2017,24,0.0,0.001705168979242444
fit_2015_2019,27 Valverde,1,2017,25,0.0,0.0016746707260608673
fit_2015_2019,27 Valverde,1,2017,26,0.011252583004534245,0.0029187060426920652
fit_2015_2019,27 Valverde,1,2017,27,0.011252583004534245,0.012555897235870361
fit_2015_2019,27 Valverde,1,2017,28,0.011252583004534245,0.012926827184855938
fit_2015_2019,27 Valverde,1,2017,29,0.0,0.011611055582761765
fit_2015_2019,27 Valverde,1,2017,30,0.0,0.0012947351206094027
fit_2015_2019,27 Valverde,1,2017,31,0.0,-0.0007962169474922121
fit_2015_2019,27 Valverde,1,2017,32,0.0,0.0003813487128354609
fit_2015_2019,27 Valverde,1,2017,33,0.0,-0.00021649042901117355
fit_2015_2019,27 Valverde,1,2017,34,0.0,-0.0007507216650992632
fit_2015_2019,27 Valverde,1,2017,35,0.0,0.0001769520458765328
fit_2015_2019,27 Valverde,1,2017,36,0.0,0.0017452999018132687
fit_2015_2019,27 Valverde,1,2017,37,0.0,0.003194225952029228
fit_2015_2019,27 Valverde,1,2017,38,0.011252583004534245,0.003294264432042837
fit_2015_2019,27 Valverde,1,2017,39,0.0,0.019091909751296043
fit_2015_2019,27 Valverde,1,2017,40,0.0,0.004505015444010496
fit_2015_2019,27 Valverde,1,2017,41,0.0,0.00548245944082737
fit_2015_2019,27 Valverde,1,2017,42,0.0,0.0017200993606820703
fit_2015_2019,27 Valverde,1,2017,43,0.0,0.0022963646333664656
fit_2015_2019,27 Valverde,1,2017,44,0.0,0.003999178763478994
fit_2015_2019,27 Valverde,1,2017,45,0.0,0.002603725763037801
fit_2015_2019,27 Valverde,1,2017,46,0.011252583004534245,0.0018798512173816562
fit_2015_2019,27 Valverde,1,2017,47,0.0,0.011186120100319386
fit_2015_2019,27 Valverde,1,2017,48,0.06751549243927002,0.0009944052435457706
fit_2015_2019,27 Valverde,1,2017,49,0.011252583004534245,0.06481859087944031
fit_2015_2019,27 Valverde,1,2017,50,0.0,0.010991423390805721
fit_2015_2019,27 Valverde,1,2017,51,0.0,0.00612922478467226
fit_2015_2019,27 Valverde,1,2017,52,0.0,0.0042047156020998955
fit_2015_2019,27 Valverde,1,2018,1,0.011168468743562698,0.0033408019226044416
fit_2015_2019,27 Valverde,1,2018,2,0.0,0.012088999152183533
fit_2015_2019,27 Valverde,1,2018,3,0.0,-0.006486380472779274
fit_2015_2019,27 Valverde,1,2018,4,0.011168468743562698,-0.0020548980683088303
fit_2015_2019,27 Valverde,1,2018,5,0.0,0.0005667362129315734
fit_2015_2019,27 Valverde,1,2018,6,0.022336937487125397,-0.00862099975347519
fit_2015_2019,27 Valverde,1,2018,7,0.022336937487125397,0.013729693368077278
fit_2015_2019,27 Valverde,1,2018,8,0.011168468743562698,0.016308458521962166
fit_2015_2019,27 Valverde,1,2018,9,0.08934775739908218,0.00871712900698185
fit_2015_2019,27 Valverde,1,2018,10,0.07817927747964859,0.07636430114507675
fit_2015_2019,27 Valverde,1,2018,11,0.011168468743562698,0.06836199760437012
fit_2015_2019,27 Valverde,1,2018,12,0.0,0.014066672883927822
fit_2015_2019,27 Valverde,1,2018,13,0.0,0.005615437403321266
fit_2015_2019,27 Valverde,1,2018,14,0.022336937487125397,0.0036517512053251266
fit_2015_2019,27 Valverde,1,2018,15,0.0,0.0210754182189703
fit_2015_2019,27 Valverde,1,2018,16,0.0,-0.0010586174903437495
fit_2015_2019,27 Valverde,1,2018,17,0.0,0.00020914104243274778
fit_2015_2019,27 Valverde,1,2018,18,0.011168468743562698,0.0010607015574350953
fit_2015_2019,27 Valverde,1,2018,19,0.011168468743562698,0.006996239069849253
fit_2015_2019,27 Valverde,1,2018,20,0.0,0.012055502273142338
fit_2015_2019,27 Valverde,1,2018,21,0.0,-0.0010245071025565267
fit_2015_2019,27 Valverde,1,2018,22,0.011168468743562698,0.0011398205533623695
fit_2015_2019,27 Valverde,1,2018,23,0.0,0.009037707932293415
fit_2015_2019,27 Valverde,1,2018,24,0.0,0.0009682578966021538
fit_2015_2019,27 Valverde,1,2018,25,0.0,0.0003826195024885237
fit_2015_2019,27 Valverde,1,2018,26,0.0,0.001925311516970396
fit_2015_2019,27 Valverde,1,2018,27,0.0,0.002258272608742118
fit_2015_2019,27 Valverde,1,2018,28,0.011168468743562698,0.0034303658176213503
fit_2015_2019,27 Valverde,1,2018,29,0.0,0.012096820399165154
fit_2015_2019,27 Valverde,1,2018,30,0.022336937487125397,0.00034379534190520644
fit_2015_2019,27 Valverde,1,2018,31,0.0,0.018759336322546005
fit_2015_2019,27 Valverde,1,2018,32,0.0,-0.0007419700850732625
fit_2015_2019,27 Valverde,1,2018,33,0.0,-0.0011740024201571941
fit_2015_2019,27 Valverde,1,2018,34,0.0,-0.0009804773144423962
fit_2015_2019,27 Valverde,1,2018,35,0.0,0.00021430911147035658
fit_2015_2019,27 Valverde,1,2018,36,0.0,-0.0013879656326025724
fit_2015_2019,27 Valverde,1,2018,37,0.0,0.0013660984113812447
fit_2015_2019,27 Valverde,1,2018,38,0.0,0.0035254554823040962
fit_2015_2019,27 Valverde,1,2018,39,0.0,0.006203216966241598
fit_2015_2019,27 Valverde,1,2018,40,0.0,0.007655952125787735
fit_2015_2019,27 Valverde,1,2018,41,0.0,0.0049861702136695385
fit_2015_2019,27 Valverde,1,2018,42,0.0,0.005925384815782309
fit_2015_2019,27 Valverde,1,2018,43,0.0,0.004820884671062231
fit_2015_2019,27 Valverde,1,2018,44,0.011168468743562698,0.006590342149138451
fit_2015_2019,27 Valverde,1,2018,45,0.0,0.015837861225008965
fit_2015_2019,27 Valverde,1,2018,46,0.0,0.004166781436651945
fit_2015_2019,27 Valverde,1,2018,47,0.011168468743562698,0.004038653336465359
fit_2015_2019,27 Valverde,1,2018,48,0.05584234371781349,0.01541917584836483
fit_2015_2019,27 Valverde,1,2018,49,0.0,0.05426505208015442
fit_2015_2019,27 Valverde,1,2018,50,0.0,0.0034761657007038593
fit_2015_2019,27 Valverde,1,2018,51,0.0,0.005971941165626049
fit_2015_2019,27 Valverde,1,2018,52,0.0,0.006061284802854061
fit_2015_2019,27 Valverde,1,2019,1,0.011090783402323723,0.0030435537919402122
fit_2015_2019,27 Valverde,1,2019,2,0.04436312988400459,0.014080478809773922
fit_2015_2019,27 Valverde,1,2019,3,0.03327234834432602,0.03560702130198479
fit_2015_2019,27 Valverde,1,2019,4,0.011090783402323723,0.026265470311045647
fit_2015_2019,27 Valverde,1,2019,5,0.03327234834432602,0.008338866755366325
fit_2015_2019,27 Valverde,1,2019,6,0.03327234834432602,0.029963459819555283
fit_2015_2019,27 Valverde,1,2019,7,0.011090783402323723,0.029946669936180115
fit_2015_2019,27 Valverde,1,2019,8,0.011090783402323723,0.01265829149633646
fit_2015_2019,27 Valverde,1,2019,9,0.022181564942002296,0.014386739581823349
fit_2015_2019,27 Valverde,1,2019,10,0.022181564942002296,0.026380877941846848
fit_2015_2019,27 Valverde,1,2019,11,0.03327234834432602,0.022851325571537018
fit_2015_2019,27 Valverde,1,2019,12,0.022181564942002296,0.03214864805340767
fit_2015_2019,27 Valverde,1,2019,13,0.055453911423683167,0.02396123670041561
fit_2015_2019,27 Valverde,1,2019,14,0.055453911423683167,0.05024821683764458
fit_2015_2019,27 Valverde,1,2019,15,0.011090783402323723,0.0541796013712883
fit_2015_2019,27 Valverde,1,2019,16,0.03327234834432602,0.020153015851974487
fit_2015_2019,27 Valverde,1,2019,17,0.04436312988400459,0.036283474415540695
fit_2015_2019,27 Valverde,1,2019,18,0.04436312988400459,0.04529060423374176
fit_2015_2019,27 Valverde,1,2019,19,0.11090783029794693,0.042175088077783585
fit_2015_2019,27 Valverde,1,2019,20,0.08872625976800919,0.10668917745351791
fit_2015_2019,27 Valverde,1,2019,21,0.06654469668865204,0.09041722863912582
fit_2015_2019,27 Valverde,1,2019,22,0.055453911423683167,0.072134830057621
fit_2015_2019,27 Valverde,1,2019,23,0.055453911423683167,0.06187068670988083
fit_2015_2019,27 Valverde,1,2019,24,0.08872625976800919,0.0623229444026947
fit_2015_2019,27 Valverde,1,2019,25,0.13308939337730408,0.09427057951688766
fit_2015_2019,27 Valverde,1,2019,26,0.09981703758239746,0.14069728553295135
fit_2015_2019,27 Valverde,1,2019,27,0.2107248604297638,0.11770861595869064
fit_2015_2019,27 Valverde,1,2019,28,0.365995854139328,0.21381931006908417
fit_2015_2019,27 Valverde,1,2019,29,0.29945114254951477,0.34906816482543945
fit_2015_2019,27 Valverde,1,2019,30,0.2439972162246704,0.3176966607570648
fit_2015_2019,27 Valverde,1,2019,31,0.2550880014896393,0.2569088339805603
fit_2015_2019,27 Valverde,1,2019,32,0.11090783029794693,0.22057920694351196
fit_2015_2019,27 Valverde,1,2019,33,0.2107248604297638,0.10472874343395233
fit_2015_2019,27 Valverde,1,2019,34,0.26617875695228577,0.19421707093715668
fit_2015_2019,27 Valverde,1,2019,35,0.15527096390724182,0.24055303633213043
fit_2015_2019,27 Valverde,1,2019,36,0.3216327130794525,0.16281633079051971
fit_2015_2019,27 Valverde,1,2019,37,0.19963409006595612,0.304340124130249
fit_2015_2019,27 Valverde,1,2019,38,0.09981703758239746,0.18508219718933105
fit_2015_2019,27 Valverde,1,2019,39,0.15527096390724182,0.11430376023054123
fit_2015_2019,27 Valverde,1,2019,40,0.08872625976800919,0.13615527749061584
fit_2015_2019,27 Valverde,1,2019,41,0.1219986081123352,0.08893881738185883
fit_2015_2019,27 Valverde,1,2019,42,0.332723468542099,0.13732150197029114
fit_2015_2019,27 Valverde,1,2019,43,0.29945114254951477,0.30594730377197266
fit_2015_2019,27 Valverde,1,2019,44,0.2107248604297638,0.268551766872406
fit_2015_2019,27 Valverde,1,2019,45,0.26617875695228577,0.198062002658844
fit_2015_2019,27 Valverde,1,2019,46,0.2550880014896393,0.21524538099765778
fit_2015_2019,27 Valverde,1,2019,47,0.2439972162246704,0.197971373796463
fit_2015_2019,27 Valverde,1,2019,48,0.15527096390724182,0.20639494061470032
fit_2015_2019,27 Valverde,1,2019,49,0.11090783029794693,0.124791719019413
fit_2015_2019,27 Valverde,1,2019,50,0.15527096390724182,0.09398879110813141
fit_2015_2019,27 Valverde,1,2019,51,0.07763547450304031,0.12898018956184387
fit_2015_2019,27 Valverde,1,2019,52,0.055453911423683167,0.07201675325632095
fit_2015_2019,28 Monseñor Nouel,0,2015,5,0.04575156420469284,0.0117792384698987
fit_2015_2019,28 Monseñor Nouel,0,2015,6,0.0571894533932209,0.04036128520965576
fit_2015_2019,28 Monseñor Nouel,0,2015,7,0.02287578023970127,0.048481058329343796
fit_2015_2019,28 Monseñor Nouel,0,2015,8,0.011437890119850636,0.016973890364170074
fit_2015_2019,28 Monseñor Nouel,0,2015,9,0.011437890119850636,0.006597290281206369
fit_2015_2019,28 Monseñor Nouel,0,2015,10,0.011437890119850636,0.013151923194527626
fit_2015_2019,28 Monseñor Nouel,0,2015,11,0.011437890119850636,0.0156526118516922
fit_2015_2019,28 Monseñor Nouel,0,2015,12,0.011437890119850636,0.01149103045463562
fit_2015_2019,28 Monseñor Nouel,0,2015,13,0.03431367129087448,0.012317932210862637
fit_2015_2019,28 Monseñor Nouel,0,2015,14,0.0,0.032293014228343964
fit_2015_2019,28 Monseñor Nouel,0,2015,15,0.02287578023970127,0.005374716129153967
fit_2015_2019,28 Monseñor Nouel,0,2015,16,0.04575156420469284,0.02183517813682556
fit_2015_2019,28 Monseñor Nouel,0,2015,17,0.02287578023970127,0.04311523959040642
fit_2015_2019,28 Monseñor Nouel,0,2015,18,0.03431367129087448,0.025646934285759926
fit_2015_2019,28 Monseñor Nouel,0,2015,19,0.03431367129087448,0.03070134110748768
fit_2015_2019,28 Monseñor Nouel,0,2015,20,0.02287578023970127,0.03710123896598816
fit_2015_2019,28 Monseñor Nouel,0,2015,21,0.011437890119850636,0.027076391503214836
fit_2015_2019,28 Monseñor Nouel,0,2015,22,0.0,0.017039360478520393
fit_2015_2019,28 Monseñor Nouel,0,2015,23,0.03431367129087448,0.006449580658227205
fit_2015_2019,28 Monseñor Nouel,0,2015,24,0.0571894533932209,0.03485079109668732
fit_2015_2019,28 Monseñor Nouel,0,2015,25,0.06862735003232956,0.05828868970274925
fit_2015_2019,28 Monseñor Nouel,0,2015,26,0.03431367129087448,0.06991519778966904
fit_2015_2019,28 Monseñor Nouel,0,2015,27,0.06862735003232956,0.04371504485607147
fit_2015_2019,28 Monseñor Nouel,0,2015,28,0.04575156420469284,0.07117154449224472
fit_2015_2019,28 Monseñor Nouel,0,2015,29,0.08006523549556732,0.05511004850268364
fit_2015_2019,28 Monseñor Nouel,0,2015,30,0.10294101387262344,0.08597695827484131
fit_2015_2019,28 Monseñor Nouel,0,2015,31,0.19444411993026733,0.1063186302781105
fit_2015_2019,28 Monseñor Nouel,0,2015,32,0.171568363904953,0.18904873728752136
fit_2015_2019,28 Monseñor Nouel,0,2015,33,0.18300625681877136,0.1788611114025116
fit_2015_2019,28 Monseñor Nouel,0,2015,34,0.09150312095880508,0.18739476799964905
fit_2015_2019,28 Monseñor Nouel,0,2015,35,0.2058820277452469,0.10371074080467224
fit_2015_2019,28 Monseñor Nouel,0,2015,36,0.14869259297847748,0.19122298061847687
fit_2015_2019,28 Monseñor Nouel,0,2015,37,0.06862735003232956,0.1436726301908493
fit_2015_2019,28 Monseñor Nouel,0,2015,38,0.12581679224967957,0.07760921865701675
fit_2015_2019,28 Monseñor Nouel,0,2015,39,0.171568363904953,0.12405335903167725
fit_2015_2019,28 Monseñor Nouel,0,2015,40,0.33169883489608765,0.16524136066436768
fit_2015_2019,28 Monseñor Nouel,0,2015,41,0.35457462072372437,0.3023412525653839
fit_2015_2019,28 Monseñor Nouel,0,2015,42,0.2058820277452469,0.2931947708129883
fit_2015_2019,28 Monseñor Nouel,0,2015,43,0.32026100158691406,0.16114717721939087
fit_2015_2019,28 Monseñor Nouel,0,2015,44,0.011437890119850636,0.2583858370780945
fit_2015_2019,28 Monseñor Nouel,0,2015,45,0.08006523549556732,-0.016211673617362976
fit_2015_2019,28 Monseñor Nouel,0,2015,46,0.18300625681877136,0.07104448974132538
fit_2015_2019,28 Monseñor Nouel,0,2015,47,0.10294101387262344,0.14691311120986938
fit_2015_2019,28 Monseñor Nouel,0,2015,48,0.04575156420469284,0.08388598263263702
fit_2015_2019,28 Monseñor Nouel,0,2015,49,0.02287578023970127,0.04291708767414093
fit_2015_2019,28 Monseñor Nouel,0,2015,50,0.0571894533932209,0.020292052999138832
fit_2015_2019,28 Monseñor Nouel,0,2015,51,0.0,0.053876329213380814
fit_2015_2019,28 Monseñor Nouel,0,2015,52,0.08006523549556732,0.008425001986324787
fit_2015_2019,28 Monseñor Nouel,0,2016,1,0.04552901163697243,0.07458776235580444
fit_2015_2019,28 Monseñor Nouel,0,2016,2,0.011382251046597958,0.04626334458589554
fit_2015_2019,28 Monseñor Nouel,0,2016,3,0.022764505818486214,0.020008552819490433
fit_2015_2019,28 Monseñor Nouel,0,2016,4,0.07967577129602432,0.02593500167131424
fit_2015_2019,28 Monseñor Nouel,0,2016,5,0.04552901163697243,0.07419095188379288
fit_2015_2019,28 Monseñor Nouel,0,2016,6,0.022764505818486214,0.04406861960887909
fit_2015_2019,28 Monseñor Nouel,0,2016,7,0.09105802327394485,0.02552550844848156
fit_2015_2019,28 Monseñor Nouel,0,2016,8,0.011382251046597958,0.07760339230298996
fit_2015_2019,28 Monseñor Nouel,0,2016,9,0.04552901163697243,0.017561767250299454
fit_2015_2019,28 Monseñor Nouel,0,2016,10,0.0341467559337616,0.04410732537508011
fit_2015_2019,28 Monseñor Nouel,0,2016,11,0.0,0.0336303673684597
fit_2015_2019,28 Monseñor Nouel,0,2016,12,0.0,0.006482166703790426
fit_2015_2019,28 Monseñor Nouel,0,2016,13,0.011382251046597958,0.004934038035571575
fit_2015_2019,28 Monseñor Nouel,0,2016,14,0.04552901163697243,0.013289244845509529
fit_2015_2019,28 Monseñor Nouel,0,2016,15,0.011382251046597958,0.04172816872596741
fit_2015_2019,28 Monseñor Nouel,0,2016,16,0.011382251046597958,0.014843929558992386
fit_2015_2019,28 Monseñor Nouel,0,2016,17,0.0,0.014002516865730286
fit_2015_2019,28 Monseñor Nouel,0,2016,18,0.0,0.0024390374310314655
fit_2015_2019,28 Monseñor Nouel,0,2016,19,0.011382251046597958,0.006387182977050543
fit_2015_2019,28 Monseñor Nouel,0,2016,20,0.022764505818486214,0.014098111540079117
fit_2015_2019,28 Monseñor Nouel,0,2016,21,0.022764505818486214,0.02473965473473072
fit_2015_2019,28 Monseñor Nouel,0,2016,22,0.0341467559337616,0.02379787713289261
fit_2015_2019,28 Monseñor Nouel,0,2016,23,0.011382251046597958,0.03162933140993118
fit_2015_2019,28 Monseñor Nouel,0,2016,24,0.0,0.015203547663986683
fit_2015_2019,28 Monseñor Nouel,0,2016,25,0.011382251046597958,0.004793955944478512
fit_2015_2019,28 Monseñor Nouel,0,2016,26,0.011382251046597958,0.01310716662555933
fit_2015_2019,28 Monseñor Nouel,0,2016,27,0.022764505818486214,0.012932708486914635
fit_2015_2019,28 Monseñor Nouel,0,2016,28,0.011382251046597958,0.02420947141945362
fit_2015_2019,28 Monseñor Nouel,0,2016,29,0.0,0.014936587773263454
fit_2015_2019,28 Monseñor Nouel,0,2016,30,0.0,0.007430664263665676
fit_2015_2019,28 Monseñor Nouel,0,2016,31,0.0,0.002803709590807557
fit_2015_2019,28 Monseñor Nouel,0,2016,32,0.0,0.0022629995364695787
fit_2015_2019,28 Monseñor Nouel,0,2016,33,0.011382251046597958,0.0024797243531793356
fit_2015_2019,28 Monseñor Nouel,0,2016,34,0.0,0.013418987393379211
fit_2015_2019,28 Monseñor Nouel,0,2016,35,0.011382251046597958,0.002255726372823119
fit_2015_2019,28 Monseñor Nouel,0,2016,36,0.022764505818486214,0.010575482621788979
fit_2015_2019,28 Monseñor Nouel,0,2016,37,0.04552901163697243,0.019734008237719536
fit_2015_2019,28 Monseñor Nouel,0,2016,38,0.011382251046597958,0.03885022550821304
fit_2015_2019,28 Monseñor Nouel,0,2016,39,0.0,0.01149810291826725
fit_2015_2019,28 Monseñor Nouel,0,2016,40,0.0,-0.0011293466668576002
fit_2015_2019,28 Monseñor Nouel,0,2016,41,0.0,-0.0012416463578119874
fit_2015_2019,28 Monseñor Nouel,0,2016,42,0.011382251046597958,0.0003444176691118628
fit_2015_2019,28 Monseñor Nouel,0,2016,43,0.011382251046597958,0.009077311493456364
fit_2015_2019,28 Monseñor Nouel,0,2016,44,0.0,0.010092567652463913
fit_2015_2019,28 Monseñor Nouel,0,2016,45,0.0,0.00030302375671453774
fit_2015_2019,28 Monseñor Nouel,0,2016,46,0.0,-0.0026240914594382048
fit_2015_2019,28 Monseñor Nouel,0,2016,47,0.0,-0.0031622610986232758
fit_2015_2019,28 Monseñor Nouel,0,2016,48,0.022764505818486214,-0.00014734300202690065
fit_2015_2019,28 Monseñor Nouel,0,2016,49,0.0,0.024313803762197495
fit_2015_2019,28 Monseñor Nouel,0,2016,50,0.0,0.002506258664652705
fit_2015_2019,28 Monseñor Nouel,0,2016,51,0.0,-0.00035013831802643836
fit_2015_2019,28 Monseñor Nouel,0,2016,52,0.0,0.0008659720188006759
fit_2015_2019,28 Monseñor Nouel,0,2017,1,0.0,0.0013303023297339678
fit_2015_2019,28 Monseñor Nouel,0,2017,2,0.0,0.0017721840413287282
fit_2015_2019,28 Monseñor Nouel,0,2017,3,0.011327614076435566,0.0010799296433106065
fit_2015_2019,28 Monseñor Nouel,0,2017,4,0.0,0.0072706579230725765
fit_2015_2019,28 Monseñor Nouel,0,2017,5,0.0,0.0003202586085535586
fit_2015_2019,28 Monseñor Nouel,0,2017,6,0.0,-0.000589416769798845
fit_2015_2019,28 Monseñor Nouel,0,2017,7,0.0,-0.000895906996447593
fit_2015_2019,28 Monseñor Nouel,0,2017,8,0.0,-0.004114536568522453
fit_2015_2019,28 Monseñor Nouel,0,2017,9,0.011327614076435566,-0.0004912711447104812
fit_2015_2019,28 Monseñor Nouel,0,2017,10,0.0,0.00895142275840044
fit_2015_2019,28 Monseñor Nouel,0,2017,11,0.0,-0.0046165091916918755
fit_2015_2019,28 Monseñor Nouel,0,2017,12,0.0,0.0010918598854914308
fit_2015_2019,28 Monseñor Nouel,0,2017,13,0.0,0.0001545854174764827
fit_2015_2019,28 Monseñor Nouel,0,2017,14,0.0,-0.0031288538593798876
fit_2015_2019,28 Monseñor Nouel,0,2017,15,0.011327614076435566,0.002319062827154994
fit_2015_2019,28 Monseñor Nouel,0,2017,16,0.0,0.011935897171497345
fit_2015_2019,28 Monseñor Nouel,0,2017,17,0.0,-5.632480315398425e-05
fit_2015_2019,28 Monseñor Nouel,0,2017,18,0.0,-0.0028968844562768936
fit_2015_2019,28 Monseñor Nouel,0,2017,19,0.02265523001551628,0.0030456313397735357
fit_2015_2019,28 Monseñor Nouel,0,2017,20,0.045310456305742264,0.019322704523801804
fit_2015_2019,28 Monseñor Nouel,0,2017,21,0.045310456305742264,0.04253242164850235
fit_2015_2019,28 Monseñor Nouel,0,2017,22,0.0,0.04134107008576393
fit_2015_2019,28 Monseñor Nouel,0,2017,23,0.0,0.00406067306175828
fit_2015_2019,28 Monseñor Nouel,0,2017,24,0.0,0.0011040064273402095
fit_2015_2019,28 Monseñor Nouel,0,2017,25,0.0,0.002785677555948496
fit_2015_2019,28 Monseñor Nouel,0,2017,26,0.0,0.0015568993985652924
fit_2015_2019,28 Monseñor Nouel,0,2017,27,0.0,0.0009187132818624377
fit_2015_2019,28 Monseñor Nouel,0,2017,28,0.0,0.0026236597914248705
fit_2015_2019,28 Monseñor Nouel,0,2017,29,0.0,0.0025886178482323885
fit_2015_2019,28 Monseñor Nouel,0,2017,30,0.011327614076435566,0.00571858137845993
fit_2015_2019,28 Monseñor Nouel,0,2017,31,0.0,0.012978372164070606
fit_2015_2019,28 Monseñor Nouel,0,2017,32,0.056638073176145554,0.0026587811298668385
fit_2015_2019,28 Monseñor Nouel,0,2017,33,0.011327614076435566,0.051105305552482605
fit_2015_2019,28 Monseñor Nouel,0,2017,34,0.0,0.01469618920236826
fit_2015_2019,28 Monseñor Nouel,0,2017,35,0.0,0.0023587853647768497
fit_2015_2019,28 Monseñor Nouel,0,2017,36,0.011327614076435566,0.0026891822926700115
fit_2015_2019,28 Monseñor Nouel,0,2017,37,0.011327614076435566,0.011056799441576004
fit_2015_2019,28 Monseñor Nouel,0,2017,38,0.0,0.006765148602426052
fit_2015_2019,28 Monseñor Nouel,0,2017,39,0.0,5.402189344749786e-05
fit_2015_2019,28 Monseñor Nouel,0,2017,40,0.0,0.00023023081303108484
fit_2015_2019,28 Monseñor Nouel,0,2017,41,0.0,0.00010875458974624053
fit_2015_2019,28 Monseñor Nouel,0,2017,42,0.0,-0.00124665058683604
fit_2015_2019,28 Monseñor Nouel,0,2017,43,0.0,-0.001771533046849072
fit_2015_2019,28 Monseñor Nouel,0,2017,44,0.011327614076435566,-0.0010908253025263548
fit_2015_2019,28 Monseñor Nouel,0,2017,45,0.011327614076435566,0.008626027964055538
fit_2015_2019,28 Monseñor Nouel,0,2017,46,0.0,0.0068665482103824615
fit_2015_2019,28 Monseñor Nouel,0,2017,47,0.0,-0.0029059068765491247
fit_2015_2019,28 Monseñor Nouel,0,2017,48,0.0,-0.00162405741866678
fit_2015_2019,28 Monseñor Nouel,0,2017,49,0.011327614076435566,-0.0012681445805355906
fit_2015_2019,28 Monseñor Nouel,0,2017,50,0.0,0.008949103765189648
fit_2015_2019,28 Monseñor Nouel,0,2017,51,0.011327614076435566,-0.0032478240318596363
fit_2015_2019,28 Monseñor Nouel,0,2017,52,0.0,0.005982022266834974
fit_2015_2019,28 Monseñor Nouel,0,2018,1,0.011270823888480663,-0.0011566143948584795
fit_2015_2019,28 Monseñor Nouel,0,2018,2,0.011270823888480663,0.012065019458532333
fit_2015_2019,28 Monseñor Nouel,0,2018,3,0.022541645914316177,0.012213391251862049
fit_2015_2019,28 Monseñor Nouel,0,2018,4,0.0,0.017397429794073105
fit_2015_2019,28 Monseñor Nouel,0,2018,5,0.0,-0.005737930536270142
fit_2015_2019,28 Monseñor Nouel,0,2018,6,0.0,-0.0016421364853158593
fit_2015_2019,28 Monseñor Nouel,0,2018,7,0.011270823888480663,-0.0006488728104159236
fit_2015_2019,28 Monseñor Nouel,0,2018,8,0.011270823888480663,0.0021419969853013754
fit_2015_2019,28 Monseñor Nouel,0,2018,9,0.011270823888480663,0.0063491323962807655
fit_2015_2019,28 Monseñor Nouel,0,2018,10,0.011270823888480663,0.00921250507235527
fit_2015_2019,28 Monseñor Nouel,0,2018,11,0.0,0.01091933622956276
fit_2015_2019,28 Monseñor Nouel,0,2018,12,0.0,0.0016691181808710098
fit_2015_2019,28 Monseñor Nouel,0,2018,13,0.0,-0.0008136521792039275
fit_2015_2019,28 Monseñor Nouel,0,2018,14,0.0,-0.0032494207844138145
fit_2015_2019,28 Monseñor Nouel,0,2018,15,0.0,-0.0013373075053095818
fit_2015_2019,28 Monseñor Nouel,0,2018,16,0.0,-0.00019248212629463524
fit_2015_2019,28 Monseñor Nouel,0,2018,17,0.0,0.00016559541109018028
fit_2015_2019,28 Monseñor Nouel,0,2018,18,0.0,0.0011990175116807222
fit_2015_2019,28 Monseñor Nouel,0,2018,19,0.0,0.00038838849286548793
fit_2015_2019,28 Monseñor Nouel,0,2018,20,0.0,0.00047950391308404505
fit_2015_2019,28 Monseñor Nouel,0,2018,21,0.0,0.0023276584688574076
fit_2015_2019,28 Monseñor Nouel,0,2018,22,0.0,0.001788981375284493
fit_2015_2019,28 Monseñor Nouel,0,2018,23,0.011270823888480663,0.0030465954914689064
fit_2015_2019,28 Monseñor Nouel,0,2018,24,0.011270823888480663,0.009162085130810738
fit_2015_2019,28 Monseñor Nouel,0,2018,25,0.0,0.013364177197217941
fit_2015_2019,28 Monseñor Nouel,0,2018,26,0.0,0.0014713864075019956
fit_2015_2019,28 Monseñor Nouel,0,2018,27,0.022541645914316177,0.002696036593988538
fit_2015_2019,28 Monseñor Nouel,0,2018,28,0.0,0.022755395621061325
fit_2015_2019,28 Monseñor Nouel,0,2018,29,0.0,0.00564416591078043
fit_2015_2019,28 Monseñor Nouel,0,2018,30,0.0,0.006678150035440922
fit_2015_2019,28 Monseñor Nouel,0,2018,31,0.0,0.0039264122024178505
fit_2015_2019,28 Monseñor Nouel,0,2018,32,0.0,0.0053589073941111565
fit_2015_2019,28 Monseñor Nouel,0,2018,33,0.0,0.0021194706205278635
fit_2015_2019,28 Monseñor Nouel,0,2018,34,0.011270823888480663,0.003383476519957185
fit_2015_2019,28 Monseñor Nouel,0,2018,35,0.011270823888480663,0.0142736891284585
fit_2015_2019,28 Monseñor Nouel,0,2018,36,0.0,0.012443777173757553
fit_2015_2019,28 Monseñor Nouel,0,2018,37,0.011270823888480663,0.0032880338840186596
fit_2015_2019,28 Monseñor Nouel,0,2018,38,0.011270823888480663,0.013315684162080288
fit_2015_2019,28 Monseñor Nouel,0,2018,39,0.0,0.017596717923879623
fit_2015_2019,28 Monseñor Nouel,0,2018,40,0.03381246700882912,0.0054659429006278515
fit_2015_2019,28 Monseñor Nouel,0,2018,41,0.0,0.03240329772233963
fit_2015_2019,28 Monseñor Nouel,0,2018,42,0.0,0.005724888760596514
fit_2015_2019,28 Monseñor Nouel,0,2018,43,0.0,0.002631914336234331
fit_2015_2019,28 Monseñor Nouel,0,2018,44,0.0,0.0030073130037635565
fit_2015_2019,28 Monseñor Nouel,0,2018,45,0.0,0.005379388574510813
fit_2015_2019,28 Monseñor Nouel,0,2018,46,0.022541645914316177,0.004266746342182159
fit_2015_2019,28 Monseñor Nouel,0,2018,47,0.0,0.021653227508068085
fit_2015_2019,28 Monseñor Nouel,0,2018,48,0.0,0.0032206708565354347
fit_2015_2019,28 Monseñor Nouel,0,2018,49,0.0,0.0032391443382948637
fit_2015_2019,28 Monseñor Nouel,0,2018,50,0.0,0.0019208810990676284
fit_2015_2019,28 Monseñor Nouel,0,2018,51,0.0,0.0014099873369559646
fit_2015_2019,28 Monseñor Nouel,0,2018,52,0.022541645914316177,0.0009427040931768715
fit_2015_2019,28 Monseñor Nouel,0,2019,1,0.022438758984208107,0.02172776870429516
fit_2015_2019,28 Monseñor Nouel,0,2019,2,0.033658139407634735,0.01842026598751545
fit_2015_2019,28 Monseñor Nouel,0,2019,3,0.0,0.034443505108356476
fit_2015_2019,28 Monseñor Nouel,0,2019,4,0.0,0.002871478209272027
fit_2015_2019,28 Monseñor Nouel,0,2019,5,0.0,0.002589533105492592
fit_2015_2019,28 Monseñor Nouel,0,2019,6,0.0,0.0027985619381070137
fit_2015_2019,28 Monseñor Nouel,0,2019,7,0.022438758984208107,0.0019967122934758663
fit_2015_2019,28 Monseñor Nouel,0,2019,8,0.022438758984208107,0.017270280048251152
fit_2015_2019,28 Monseñor Nouel,0,2019,9,0.0,0.021055249497294426
fit_2015_2019,28 Monseñor Nouel,0,2019,10,0.011219379492104053,0.003599931485950947
fit_2015_2019,28 Monseñor Nouel,0,2019,11,0.011219379492104053,0.012166092172265053
fit_2015_2019,28 Monseñor Nouel,0,2019,12,0.05609690025448799,0.01186209637671709
fit_2015_2019,28 Monseñor Nouel,0,2019,13,0.033658139407634735,0.04787546023726463
fit_2015_2019,28 Monseñor Nouel,0,2019,14,0.0,0.02830977737903595
fit_2015_2019,28 Monseñor Nouel,0,2019,15,0.0,0.001375700463540852
fit_2015_2019,28 Monseñor Nouel,0,2019,16,0.0,0.003559341188520193
fit_2015_2019,28 Monseñor Nouel,0,2019,17,0.0,0.0028554771561175585
fit_2015_2019,28 Monseñor Nouel,0,2019,18,0.011219379492104053,0.0026607420295476913
fit_2015_2019,28 Monseñor Nouel,0,2019,19,0.011219379492104053,0.008912858553230762
fit_2015_2019,28 Monseñor Nouel,0,2019,20,0.0,0.013213680125772953
fit_2015_2019,28 Monseñor Nouel,0,2019,21,0.0,0.004304315894842148
fit_2015_2019,28 Monseñor Nouel,0,2019,22,0.011219379492104053,0.0029307364020496607
fit_2015_2019,28 Monseñor Nouel,0,2019,23,0.022438758984208107,0.01191406324505806
fit_2015_2019,28 Monseñor Nouel,0,2019,24,0.033658139407634735,0.023968098685145378
fit_2015_2019,28 Monseñor Nouel,0,2019,25,0.04487752169370651,0.03652087599039078
fit_2015_2019,28 Monseñor Nouel,0,2019,26,0.05609690025448799,0.04657459259033203
fit_2015_2019,28 Monseñor Nouel,0,2019,27,0.033658139407634735,0.057056818157434464
fit_2015_2019,28 Monseñor Nouel,0,2019,28,0.05609690025448799,0.04019220173358917
fit_2015_2019,28 Monseñor Nouel,0,2019,29,0.11219380050897598,0.0596158504486084
fit_2015_2019,28 Monseñor Nouel,0,2019,30,0.1570713073015213,0.11376508325338364
fit_2015_2019,28 Monseñor Nouel,0,2019,31,0.06731627881526947,0.15621289610862732
fit_2015_2019,28 Monseñor Nouel,0,2019,32,0.05609690025448799,0.08302544802427292
fit_2015_2019,28 Monseñor Nouel,0,2019,33,0.06731627881526947,0.06517614424228668
fit_2015_2019,28 Monseñor Nouel,0,2019,34,0.07853566110134125,0.07036551088094711
fit_2015_2019,28 Monseñor Nouel,0,2019,35,0.14585193991661072,0.08337977528572083
fit_2015_2019,28 Monseñor Nouel,0,2019,36,0.1009744182229042,0.1408918797969818
fit_2015_2019,28 Monseñor Nouel,0,2019,37,0.1570713073015213,0.10388480126857758
fit_2015_2019,28 Monseñor Nouel,0,2019,38,0.022438758984208107,0.1487896889448166
fit_2015_2019,28 Monseñor Nouel,0,2019,39,0.0,0.031136054545640945
fit_2015_2019,28 Monseñor Nouel,0,2019,40,0.06731627881526947,0.0085129514336586
fit_2015_2019,28 Monseñor Nouel,0,2019,41,0.011219379492104053,0.06368878483772278
fit_2015_2019,28 Monseñor Nouel,0,2019,42,0.06731627881526947,0.019278259947896004
fit_2015_2019,28 Monseñor Nouel,0,2019,43,0.05609690025448799,0.06508667767047882
fit_2015_2019,28 Monseñor Nouel,0,2019,44,0.05609690025448799,0.05451779440045357
fit_2015_2019,28 Monseñor Nouel,0,2019,45,0.06731627881526947,0.05415436625480652
fit_2015_2019,28 Monseñor Nouel,0,2019,46,0.011219379492104053,0.06397243589162827
fit_2015_2019,28 Monseñor Nouel,0,2019,47,0.05609690025448799,0.013855327852070332
fit_2015_2019,28 Monseñor Nouel,0,2019,48,0.05609690025448799,0.0514228381216526
fit_2015_2019,28 Monseñor Nouel,0,2019,49,0.05609690025448799,0.05143437162041664
fit_2015_2019,28 Monseñor Nouel,0,2019,50,0.022438758984208107,0.05286375433206558
fit_2015_2019,28 Monseñor Nouel,0,2019,51,0.022438758984208107,0.019962921738624573
fit_2015_2019,28 Monseñor Nouel,0,2019,52,0.0,0.022593367844820023
fit_2015_2019,29 Monte Plata,0,2015,5,0.0,0.009129643440246582
fit_2015_2019,29 Monte Plata,0,2015,6,0.03095579892396927,0.0021164393983781338
fit_2015_2019,29 Monte Plata,0,2015,7,0.0,0.02511226385831833
fit_2015_2019,29 Monte Plata,0,2015,8,0.0,0.0020155664533376694
fit_2015_2019,29 Monte Plata,0,2015,9,0.01031859964132309,-0.0013648374006152153
fit_2015_2019,29 Monte Plata,0,2015,10,0.01031859964132309,0.008416972123086452
fit_2015_2019,29 Monte Plata,0,2015,11,0.01031859964132309,0.010059365071356297
fit_2015_2019,29 Monte Plata,0,2015,12,0.0,0.009706114418804646
fit_2015_2019,29 Monte Plata,0,2015,13,0.01031859964132309,0.0025351238436996937
fit_2015_2019,29 Monte Plata,0,2015,14,0.0,0.010628707706928253
fit_2015_2019,29 Monte Plata,0,2015,15,0.01031859964132309,0.003718911437317729
fit_2015_2019,29 Monte Plata,0,2015,16,0.01031859964132309,0.010642584413290024
fit_2015_2019,29 Monte Plata,0,2015,17,0.0,0.012254097498953342
fit_2015_2019,29 Monte Plata,0,2015,18,0.0,0.004805990494787693
fit_2015_2019,29 Monte Plata,0,2015,19,0.0,0.00430396618321538
fit_2015_2019,29 Monte Plata,0,2015,20,0.04127439856529236,0.004363382235169411
fit_2015_2019,29 Monte Plata,0,2015,21,0.0,0.03321591019630432
fit_2015_2019,29 Monte Plata,0,2015,22,0.01031859964132309,0.010237147100269794
fit_2015_2019,29 Monte Plata,0,2015,23,0.02063719928264618,0.014617186971008778
fit_2015_2019,29 Monte Plata,0,2015,24,0.02063719928264618,0.024166259914636612
fit_2015_2019,29 Monte Plata,0,2015,25,0.02063719928264618,0.025649147108197212
fit_2015_2019,29 Monte Plata,0,2015,26,0.03095579892396927,0.025540675967931747
fit_2015_2019,29 Monte Plata,0,2015,27,0.02063719928264618,0.034478560090065
fit_2015_2019,29 Monte Plata,0,2015,28,0.03095579892396927,0.02742861770093441
fit_2015_2019,29 Monte Plata,0,2015,29,0.05159299820661545,0.033481448888778687
fit_2015_2019,29 Monte Plata,0,2015,30,0.04127439856529236,0.05454833805561066
fit_2015_2019,29 Monte Plata,0,2015,31,0.08254879713058472,0.04799320921301842
fit_2015_2019,29 Monte Plata,0,2015,32,0.0928673967719078,0.07947251200675964
fit_2015_2019,29 Monte Plata,0,2015,33,0.05159299820661545,0.09308180958032608
fit_2015_2019,29 Monte Plata,0,2015,34,0.06191159784793854,0.06436005234718323
fit_2015_2019,29 Monte Plata,0,2015,35,0.03095579892396927,0.06641755998134613
fit_2015_2019,29 Monte Plata,0,2015,36,0.1031859964132309,0.040871165692806244
fit_2015_2019,29 Monte Plata,0,2015,37,0.2063719630241394,0.10073034465312958
fit_2015_2019,29 Monte Plata,0,2015,38,0.12382319569587708,0.1778787523508072
fit_2015_2019,29 Monte Plata,0,2015,39,0.12382319569587708,0.1207740530371666
fit_2015_2019,29 Monte Plata,0,2015,40,0.11350459605455399,0.12151827663183212
fit_2015_2019,29 Monte Plata,0,2015,41,0.13414178788661957,0.10189389437437057
fit_2015_2019,29 Monte Plata,0,2015,42,0.1031859964132309,0.11922208219766617
fit_2015_2019,29 Monte Plata,0,2015,43,0.0928673967719078,0.09801506251096725
fit_2015_2019,29 Monte Plata,0,2015,44,0.1031859964132309,0.08875332027673721
fit_2015_2019,29 Monte Plata,0,2015,45,0.07223020493984222,0.0932939201593399
fit_2015_2019,29 Monte Plata,0,2015,46,0.11350459605455399,0.06807176023721695
fit_2015_2019,29 Monte Plata,0,2015,47,0.1031859964132309,0.09799794107675552
fit_2015_2019,29 Monte Plata,0,2015,48,0.05159299820661545,0.08744451403617859
fit_2015_2019,29 Monte Plata,0,2015,49,0.03095579892396927,0.05173497274518013
fit_2015_2019,29 Monte Plata,0,2015,50,0.04127439856529236,0.03072633035480976
fit_2015_2019,29 Monte Plata,0,2015,51,0.04127439856529236,0.035915106534957886
fit_2015_2019,29 Monte Plata,0,2015,52,0.02063719928264618,0.03783554956316948
fit_2015_2019,29 Monte Plata,0,2016,1,0.0823327898979187,0.021367769688367844
fit_2015_2019,29 Monte Plata,0,2016,2,0.04116639122366905,0.06563902646303177
fit_2015_2019,29 Monte Plata,0,2016,3,0.020583197474479675,0.04320964217185974
fit_2015_2019,29 Monte Plata,0,2016,4,0.030874796211719513,0.023298026993870735
fit_2015_2019,29 Monte Plata,0,2016,5,0.04116639122366905,0.0289246067404747
fit_2015_2019,29 Monte Plata,0,2016,6,0.020583197474479675,0.03937704861164093
fit_2015_2019,29 Monte Plata,0,2016,7,0.020583197474479675,0.025515640154480934
fit_2015_2019,29 Monte Plata,0,2016,8,0.010291599668562412,0.020848166197538376
fit_2015_2019,29 Monte Plata,0,2016,9,0.020583197474479675,0.014427068643271923
fit_2015_2019,29 Monte Plata,0,2016,10,0.0,0.021378599107265472
fit_2015_2019,29 Monte Plata,0,2016,11,0.010291599668562412,0.007074566558003426
fit_2015_2019,29 Monte Plata,0,2016,12,0.04116639122366905,0.012038419023156166
fit_2015_2019,29 Monte Plata,0,2016,13,0.010291599668562412,0.03596356883645058
fit_2015_2019,29 Monte Plata,0,2016,14,0.020583197474479675,0.014593293890357018
fit_2015_2019,29 Monte Plata,0,2016,15,0.0,0.019192339852452278
fit_2015_2019,29 Monte Plata,0,2016,16,0.010291599668562412,0.00656353821977973
fit_2015_2019,29 Monte Plata,0,2016,17,0.020583197474479675,0.011903895065188408
fit_2015_2019,29 Monte Plata,0,2016,18,0.010291599668562412,0.01777748391032219
fit_2015_2019,29 Monte Plata,0,2016,19,0.020583197474479675,0.013728192076086998
fit_2015_2019,29 Monte Plata,0,2016,20,0.010291599668562412,0.01670505292713642
fit_2015_2019,29 Monte Plata,0,2016,21,0.010291599668562412,0.013225997798144817
fit_2015_2019,29 Monte Plata,0,2016,22,0.010291599668562412,0.01198954414576292
fit_2015_2019,29 Monte Plata,0,2016,23,0.0,0.010948513634502888
fit_2015_2019,29 Monte Plata,0,2016,24,0.020583197474479675,0.008983287028968334
fit_2015_2019,29 Monte Plata,0,2016,25,0.0,0.019033847376704216
fit_2015_2019,29 Monte Plata,0,2016,26,0.010291599668562412,0.005849217064678669
fit_2015_2019,29 Monte Plata,0,2016,27,0.010291599668562412,0.01148176472634077
fit_2015_2019,29 Monte Plata,0,2016,28,0.010291599668562412,0.012831143103539944
fit_2015_2019,29 Monte Plata,0,2016,29,0.0,0.011397870257496834
fit_2015_2019,29 Monte Plata,0,2016,30,0.010291599668562412,0.007201340980827808
fit_2015_2019,29 Monte Plata,0,2016,31,0.0,0.01109969150274992
fit_2015_2019,29 Monte Plata,0,2016,32,0.0,0.002974279224872589
fit_2015_2019,29 Monte Plata,0,2016,33,0.020583197474479675,0.005477380473166704
fit_2015_2019,29 Monte Plata,0,2016,34,0.010291599668562412,0.01800932176411152
fit_2015_2019,29 Monte Plata,0,2016,35,0.0,0.009086656384170055
fit_2015_2019,29 Monte Plata,0,2016,36,0.010291599668562412,0.005665196105837822
fit_2015_2019,29 Monte Plata,0,2016,37,0.010291599668562412,0.010209019295871258
fit_2015_2019,29 Monte Plata,0,2016,38,0.010291599668562412,0.009605113416910172
fit_2015_2019,29 Monte Plata,0,2016,39,0.020583197474479675,0.009840867482125759
fit_2015_2019,29 Monte Plata,0,2016,40,0.010291599668562412,0.017644179984927177
fit_2015_2019,29 Monte Plata,0,2016,41,0.0,0.009565474465489388
fit_2015_2019,29 Monte Plata,0,2016,42,0.010291599668562412,0.004466880578547716
fit_2015_2019,29 Monte Plata,0,2016,43,0.0,0.007676183711737394
fit_2015_2019,29 Monte Plata,0,2016,44,0.0,0.0002584791509434581
fit_2015_2019,29 Monte Plata,0,2016,45,0.0,-0.0011999219423159957
fit_2015_2019,29 Monte Plata,0,2016,46,0.0,-0.0016462946077808738
fit_2015_2019,29 Monte Plata,0,2016,47,0.0,-0.0019965367391705513
fit_2015_2019,29 Monte Plata,0,2016,48,0.0,-0.001873230328783393
fit_2015_2019,29 Monte Plata,0,2016,49,0.0,-0.0010248234029859304
fit_2015_2019,29 Monte Plata,0,2016,50,0.0,-0.0007297154515981674
fit_2015_2019,29 Monte Plata,0,2016,51,0.0,-0.0007277610711753368
fit_2015_2019,29 Monte Plata,0,2016,52,0.010291599668562412,-0.0007525457185693085
fit_2015_2019,29 Monte Plata,0,2017,1,0.0,0.008295783773064613
fit_2015_2019,29 Monte Plata,0,2017,2,0.0,-0.00103965331800282
fit_2015_2019,29 Monte Plata,0,2017,3,0.01026538759469986,0.0009017291013151407
fit_2015_2019,29 Monte Plata,0,2017,4,0.0,0.00775487395003438
fit_2015_2019,29 Monte Plata,0,2017,5,0.01026538759469986,0.00011142591392854229
fit_2015_2019,29 Monte Plata,0,2017,6,0.0,0.008059671148657799
fit_2015_2019,29 Monte Plata,0,2017,7,0.01026538759469986,0.002300434513017535
fit_2015_2019,29 Monte Plata,0,2017,8,0.0,0.004990226589143276
fit_2015_2019,29 Monte Plata,0,2017,9,0.01026538759469986,0.000533055979758501
fit_2015_2019,29 Monte Plata,0,2017,10,0.0,0.008499750867486
fit_2015_2019,29 Monte Plata,0,2017,11,0.0,0.001837016548961401
fit_2015_2019,29 Monte Plata,0,2017,12,0.0,0.00034034455893561244
fit_2015_2019,29 Monte Plata,0,2017,13,0.01026538759469986,-0.0008907446172088385
fit_2015_2019,29 Monte Plata,0,2017,14,0.02053077518939972,0.007294729817658663
fit_2015_2019,29 Monte Plata,0,2017,15,0.0,0.01677662879228592
fit_2015_2019,29 Monte Plata,0,2017,16,0.0,0.004183495417237282
fit_2015_2019,29 Monte Plata,0,2017,17,0.0,0.0008389704744331539
fit_2015_2019,29 Monte Plata,0,2017,18,0.0,0.001700004329904914
fit_2015_2019,29 Monte Plata,0,2017,19,0.0,0.0009444790193811059
fit_2015_2019,29 Monte Plata,0,2017,20,0.0,-0.0016046911478042603
fit_2015_2019,29 Monte Plata,0,2017,21,0.01026538759469986,0.001015351270325482
fit_2015_2019,29 Monte Plata,0,2017,22,0.01026538759469986,0.007665383629500866
fit_2015_2019,29 Monte Plata,0,2017,23,0.01026538759469986,0.010723895393311977
fit_2015_2019,29 Monte Plata,0,2017,24,0.0,0.013048316352069378
fit_2015_2019,29 Monte Plata,0,2017,25,0.03079616278409958,0.005914774257689714
fit_2015_2019,29 Monte Plata,0,2017,26,0.01026538759469986,0.028715675696730614
fit_2015_2019,29 Monte Plata,0,2017,27,0.01026538759469986,0.0177793949842453
fit_2015_2019,29 Monte Plata,0,2017,28,0.01026538759469986,0.013332339003682137
fit_2015_2019,29 Monte Plata,0,2017,29,0.0,0.012599071487784386
fit_2015_2019,29 Monte Plata,0,2017,30,0.0,0.007670436520129442
fit_2015_2019,29 Monte Plata,0,2017,31,0.01026538759469986,0.0038726262282580137
fit_2015_2019,29 Monte Plata,0,2017,32,0.0,0.011253638193011284
fit_2015_2019,29 Monte Plata,0,2017,33,0.0,0.004034058656543493
fit_2015_2019,29 Monte Plata,0,2017,34,0.01026538759469986,0.001818900927901268
fit_2015_2019,29 Monte Plata,0,2017,35,0.0,0.010583877563476562
fit_2015_2019,29 Monte Plata,0,2017,36,0.0,0.004426709841936827
fit_2015_2019,29 Monte Plata,0,2017,37,0.0,0.0026190842036157846
fit_2015_2019,29 Monte Plata,0,2017,38,0.0,-0.0011073139030486345
fit_2015_2019,29 Monte Plata,0,2017,39,0.01026538759469986,-0.0011297410819679499
fit_2015_2019,29 Monte Plata,0,2017,40,0.01026538759469986,0.008330076932907104
fit_2015_2019,29 Monte Plata,0,2017,41,0.0,0.008992783725261688
fit_2015_2019,29 Monte Plata,0,2017,42,0.0,0.0006374884978868067
fit_2015_2019,29 Monte Plata,0,2017,43,0.0,-0.00019832223188132048
fit_2015_2019,29 Monte Plata,0,2017,44,0.0,0.0002560682478360832
fit_2015_2019,29 Monte Plata,0,2017,45,0.0,0.00014928352902643383
fit_2015_2019,29 Monte Plata,0,2017,46,0.0,-0.002760764677077532
fit_2015_2019,29 Monte Plata,0,2017,47,0.0,-0.0012567893136292696
fit_2015_2019,29 Monte Plata,0,2017,48,0.0,-0.00043420749716460705
fit_2015_2019,29 Monte Plata,0,2017,49,0.0,-0.004189029801636934
fit_2015_2019,29 Monte Plata,0,2017,50,0.0,-0.0018536495044827461
fit_2015_2019,29 Monte Plata,0,2017,51,0.0,-0.00014073900820221752
fit_2015_2019,29 Monte Plata,0,2017,52,0.0,0.0005764572997577488
fit_2015_2019,29 Monte Plata,0,2018,1,0.0,-0.0006116135627962649
fit_2015_2019,29 Monte Plata,0,2018,2,0.0,-0.002509490819647908
fit_2015_2019,29 Monte Plata,0,2018,3,0.0,-0.0006114311399869621
fit_2015_2019,29 Monte Plata,0,2018,4,0.0,-0.0008917607483454049
fit_2015_2019,29 Monte Plata,0,2018,5,0.0,-0.0009950028033927083
fit_2015_2019,29 Monte Plata,0,2018,6,0.030710337683558464,-0.00012860738206654787
fit_2015_2019,29 Monte Plata,0,2018,7,0.0,0.025858864188194275
fit_2015_2019,29 Monte Plata,0,2018,8,0.0,-0.0010653643403202295
fit_2015_2019,29 Monte Plata,0,2018,9,0.010236780159175396,-0.002072441391646862
fit_2015_2019,29 Monte Plata,0,2018,10,0.0,0.006769613362848759
fit_2015_2019,29 Monte Plata,0,2018,11,0.0,0.0009453813545405865
fit_2015_2019,29 Monte Plata,0,2018,12,0.0,-6.170752749312669e-05
fit_2015_2019,29 Monte Plata,0,2018,13,0.0,4.805367279914208e-05
fit_2015_2019,29 Monte Plata,0,2018,14,0.010236780159175396,-0.00043223766260780394
fit_2015_2019,29 Monte Plata,0,2018,15,0.0,0.006821129936724901
fit_2015_2019,29 Monte Plata,0,2018,16,0.0,0.0011926433071494102
fit_2015_2019,29 Monte Plata,0,2018,17,0.0,-0.001089013065211475
fit_2015_2019,29 Monte Plata,0,2018,18,0.0,0.0012848651967942715
fit_2015_2019,29 Monte Plata,0,2018,19,0.0,0.00044543901458382607
fit_2015_2019,29 Monte Plata,0,2018,20,0.0,0.001105393748730421
fit_2015_2019,29 Monte Plata,0,2018,21,0.0,0.0004989668959751725
fit_2015_2019,29 Monte Plata,0,2018,22,0.0,0.0013079957570880651
fit_2015_2019,29 Monte Plata,0,2018,23,0.0,0.0018201324855908751
fit_2015_2019,29 Monte Plata,0,2018,24,0.0,0.0022235834039747715
fit_2015_2019,29 Monte Plata,0,2018,25,0.0,0.0021943985484540462
fit_2015_2019,29 Monte Plata,0,2018,26,0.0,0.001841924386098981
fit_2015_2019,29 Monte Plata,0,2018,27,0.010236780159175396,0.002878632629290223
fit_2015_2019,29 Monte Plata,0,2018,28,0.0,0.007578608114272356
fit_2015_2019,29 Monte Plata,0,2018,29,0.0,0.0026300204917788506
fit_2015_2019,29 Monte Plata,0,2018,30,0.0,0.004679392091929913
fit_2015_2019,29 Monte Plata,0,2018,31,0.0,0.003723402041941881
fit_2015_2019,29 Monte Plata,0,2018,32,0.0,0.0037746448069810867
fit_2015_2019,29 Monte Plata,0,2018,33,0.0,0.002070339396595955
fit_2015_2019,29 Monte Plata,0,2018,34,0.0,0.003175114281475544
fit_2015_2019,29 Monte Plata,0,2018,35,0.0,0.0025772263761609793
fit_2015_2019,29 Monte Plata,0,2018,36,0.0,0.0015814166981726885
fit_2015_2019,29 Monte Plata,0,2018,37,0.0,0.007312413305044174
fit_2015_2019,29 Monte Plata,0,2018,38,0.0,-0.0005110686179250479
fit_2015_2019,29 Monte Plata,0,2018,39,0.0,0.00020747176313307136
fit_2015_2019,29 Monte Plata,0,2018,40,0.0,0.0019112813752144575
fit_2015_2019,29 Monte Plata,0,2018,41,0.0,0.0005882398108951747
fit_2015_2019,29 Monte Plata,0,2018,42,0.0,0.00044069462455809116
fit_2015_2019,29 Monte Plata,0,2018,43,0.0,0.005992271937429905
fit_2015_2019,29 Monte Plata,0,2018,44,0.0,0.0007875457522459328
fit_2015_2019,29 Monte Plata,0,2018,45,0.0,0.0001768998772604391
fit_2015_2019,29 Monte Plata,0,2018,46,0.0,0.00158755446318537
fit_2015_2019,29 Monte Plata,0,2018,47,0.010236780159175396,0.0008890778990462422
fit_2015_2019,29 Monte Plata,0,2018,48,0.0,0.009507730603218079
fit_2015_2019,29 Monte Plata,0,2018,49,0.0,0.002686052117496729
fit_2015_2019,29 Monte Plata,0,2018,50,0.0,0.0016996200429275632
fit_2015_2019,29 Monte Plata,0,2018,51,0.0,0.002281955908983946
fit_2015_2019,29 Monte Plata,0,2018,52,0.0,0.0011671322863548994
fit_2015_2019,29 Monte Plata,0,2019,1,0.010212668217718601,0.0016402517212554812
fit_2015_2019,29 Monte Plata,0,2019,2,0.0,0.011559263803064823
fit_2015_2019,29 Monte Plata,0,2019,3,0.0,0.004210026003420353
fit_2015_2019,29 Monte Plata,0,2019,4,0.010212668217718601,0.0017419860232621431
fit_2015_2019,29 Monte Plata,0,2019,5,0.0,0.009360532276332378
fit_2015_2019,29 Monte Plata,0,2019,6,0.0,0.002733327215537429
fit_2015_2019,29 Monte Plata,0,2019,7,0.0,0.002443414181470871
fit_2015_2019,29 Monte Plata,0,2019,8,0.0,-0.00037849234649911523
fit_2015_2019,29 Monte Plata,0,2019,9,0.010212668217718601,0.002014394383877516
fit_2015_2019,29 Monte Plata,0,2019,10,0.0,0.010122302919626236
fit_2015_2019,29 Monte Plata,0,2019,11,0.0,0.003167038317769766
fit_2015_2019,29 Monte Plata,0,2019,12,0.03063800558447838,0.002150225220248103
fit_2015_2019,29 Monte Plata,0,2019,13,0.010212668217718601,0.025072813034057617
fit_2015_2019,29 Monte Plata,0,2019,14,0.0,0.01263452135026455
fit_2015_2019,29 Monte Plata,0,2019,15,0.03063800558447838,0.002913068048655987
fit_2015_2019,29 Monte Plata,0,2019,16,0.0,0.024772753939032555
fit_2015_2019,29 Monte Plata,0,2019,17,0.020425334572792053,0.007057427428662777
fit_2015_2019,29 Monte Plata,0,2019,18,0.040850672870874405,0.018031397834420204
fit_2015_2019,29 Monte Plata,0,2019,19,0.05106334388256073,0.034409042447805405
fit_2015_2019,29 Monte Plata,0,2019,20,0.010212668217718601,0.04722725972533226
fit_2015_2019,29 Monte Plata,0,2019,21,0.03063800558447838,0.02143404632806778
fit_2015_2019,29 Monte Plata,0,2019,22,0.020425334572792053,0.03021552786231041
fit_2015_2019,29 Monte Plata,0,2019,23,0.03063800558447838,0.024827919900417328
fit_2015_2019,29 Monte Plata,0,2019,24,0.020425334572792053,0.036165669560432434
fit_2015_2019,29 Monte Plata,0,2019,25,0.040850672870874405,0.026965683326125145
fit_2015_2019,29 Monte Plata,0,2019,26,0.08170134574174881,0.040885113179683685
fit_2015_2019,29 Monte Plata,0,2019,27,0.09191401302814484,0.07642363756895065
fit_2015_2019,29 Monte Plata,0,2019,28,0.05106334388256073,0.0911087766289711
fit_2015_2019,29 Monte Plata,0,2019,29,0.08170134574174881,0.06321267783641815
fit_2015_2019,29 Monte Plata,0,2019,30,0.153190016746521,0.08418476581573486
fit_2015_2019,29 Monte Plata,0,2019,31,0.20425334572792053,0.13974446058273315
fit_2015_2019,29 Monte Plata,0,2019,32,0.11233934760093689,0.18935707211494446
fit_2015_2019,29 Monte Plata,0,2019,33,0.1940407007932663,0.13436511158943176
fit_2015_2019,29 Monte Plata,0,2019,34,0.153190016746521,0.17628009617328644
fit_2015_2019,29 Monte Plata,0,2019,35,0.09191401302814484,0.1408107429742813
fit_2015_2019,29 Monte Plata,0,2019,36,0.08170134574174881,0.09433957934379578
fit_2015_2019,29 Monte Plata,0,2019,37,0.09191401302814484,0.07864348590373993
fit_2015_2019,29 Monte Plata,0,2019,38,0.10212668031454086,0.08291612565517426
fit_2015_2019,29 Monte Plata,0,2019,39,0.040850672870874405,0.09594875574111938
fit_2015_2019,29 Monte Plata,0,2019,40,0.040850672870874405,0.0536721833050251
fit_2015_2019,29 Monte Plata,0,2019,41,0.08170134574174881,0.04498878866434097
fit_2015_2019,29 Monte Plata,0,2019,42,0.06127600744366646,0.07304661720991135
fit_2015_2019,29 Monte Plata,0,2019,43,0.06127600744366646,0.06098712608218193
fit_2015_2019,29 Monte Plata,0,2019,44,0.040850672870874405,0.058857511729002
fit_2015_2019,29 Monte Plata,0,2019,45,0.08170134574174881,0.04399366304278374
fit_2015_2019,29 Monte Plata,0,2019,46,0.08170134574174881,0.07271663844585419
fit_2015_2019,29 Monte Plata,0,2019,47,0.05106334388256073,0.07363303750753403
fit_2015_2019,29 Monte Plata,0,2019,48,0.040850672870874405,0.05040336400270462
fit_2015_2019,29 Monte Plata,0,2019,49,0.06127600744366646,0.040648024529218674
fit_2015_2019,29 Monte Plata,0,2019,50,0.05106334388256073,0.05627229064702988
fit_2015_2019,29 Monte Plata,0,2019,51,0.020425334572792053,0.047525566071271896
fit_2015_2019,29 Monte Plata,0,2019,52,0.010212668217718601,0.022840216755867004
fit_2015_2019,30 Hato Mayor,2,2015,5,0.0,-0.006021480541676283
fit_2015_2019,30 Hato Mayor,2,2015,6,0.0,-0.0032035023905336857
fit_2015_2019,30 Hato Mayor,2,2015,7,0.0,-0.0022829934023320675
fit_2015_2019,30 Hato Mayor,2,2015,8,0.0,0.0036500536371022463
fit_2015_2019,30 Hato Mayor,2,2015,9,0.0,0.003039025003090501
fit_2015_2019,30 Hato Mayor,2,2015,10,0.0,0.0014941220870241523
fit_2015_2019,30 Hato Mayor,2,2015,11,0.022753596305847168,0.0010903979418799281
fit_2015_2019,30 Hato Mayor,2,2015,12,0.0,0.022889234125614166
fit_2015_2019,30 Hato Mayor,2,2015,13,0.045507192611694336,0.0008962256251834333
fit_2015_2019,30 Hato Mayor,2,2015,14,0.0,0.041087809950113297
fit_2015_2019,30 Hato Mayor,2,2015,15,0.022753596305847168,0.002807049546390772
fit_2015_2019,30 Hato Mayor,2,2015,16,0.022753596305847168,0.021892450749874115
fit_2015_2019,30 Hato Mayor,2,2015,17,0.0,0.024385346099734306
fit_2015_2019,30 Hato Mayor,2,2015,18,0.022753596305847168,0.0038206924218684435
fit_2015_2019,30 Hato Mayor,2,2015,19,0.0,0.020692477002739906
fit_2015_2019,30 Hato Mayor,2,2015,20,0.0682607889175415,0.006982285995036364
fit_2015_2019,30 Hato Mayor,2,2015,21,0.0,0.06370031833648682
fit_2015_2019,30 Hato Mayor,2,2015,22,0.022753596305847168,0.007898139767348766
fit_2015_2019,30 Hato Mayor,2,2015,23,0.0682607889175415,0.023950284346938133
fit_2015_2019,30 Hato Mayor,2,2015,24,0.11376798897981644,0.06983503699302673
fit_2015_2019,30 Hato Mayor,2,2015,25,0.045507192611694336,0.10776963084936142
fit_2015_2019,30 Hato Mayor,2,2015,26,0.022753596305847168,0.04978662356734276
fit_2015_2019,30 Hato Mayor,2,2015,27,0.136521577835083,0.03193153068423271
fit_2015_2019,30 Hato Mayor,2,2015,28,0.15927517414093018,0.13466250896453857
fit_2015_2019,30 Hato Mayor,2,2015,29,0.09101439267396927,0.16249394416809082
fit_2015_2019,30 Hato Mayor,2,2015,30,0.15927517414093018,0.09716270864009857
fit_2015_2019,30 Hato Mayor,2,2015,31,0.0682607889175415,0.1534692347049713
fit_2015_2019,30 Hato Mayor,2,2015,32,0.09101439267396927,0.08581601083278656
fit_2015_2019,30 Hato Mayor,2,2015,33,0.09101439267396927,0.09647119045257568
fit_2015_2019,30 Hato Mayor,2,2015,34,0.15927517414093018,0.1038971021771431
fit_2015_2019,30 Hato Mayor,2,2015,35,0.136521577835083,0.1640300750732422
fit_2015_2019,30 Hato Mayor,2,2015,36,0.18202875554561615,0.14489853382110596
fit_2015_2019,30 Hato Mayor,2,2015,37,0.045507192611694336,0.1856818050146103
fit_2015_2019,30 Hato Mayor,2,2015,38,0.045507192611694336,0.06523865461349487
fit_2015_2019,30 Hato Mayor,2,2015,39,0.2957967519760132,0.06559611856937408
fit_2015_2019,30 Hato Mayor,2,2015,40,0.3640575706958771,0.2968359589576721
fit_2015_2019,30 Hato Mayor,2,2015,41,0.2957967519760132,0.3149331212043762
fit_2015_2019,30 Hato Mayor,2,2015,42,0.38681113719940186,0.23535451292991638
fit_2015_2019,30 Hato Mayor,2,2015,43,0.11376798897981644,0.3269767463207245
fit_2015_2019,30 Hato Mayor,2,2015,44,0.11376798897981644,0.07375279068946838
fit_2015_2019,30 Hato Mayor,2,2015,45,0.2957967519760132,0.13078425824642181
fit_2015_2019,30 Hato Mayor,2,2015,46,0.273043155670166,0.29511234164237976
fit_2015_2019,30 Hato Mayor,2,2015,47,0.09101439267396927,0.20715117454528809
fit_2015_2019,30 Hato Mayor,2,2015,48,0.022753596305847168,0.04863915964961052
fit_2015_2019,30 Hato Mayor,2,2015,49,0.0682607889175415,0.03932342678308487
fit_2015_2019,30 Hato Mayor,2,2015,50,0.045507192611694336,0.07888275384902954
fit_2015_2019,30 Hato Mayor,2,2015,51,0.022753596305847168,0.0580572746694088
fit_2015_2019,30 Hato Mayor,2,2015,52,0.022753596305847168,0.030240442603826523
fit_2015_2019,30 Hato Mayor,2,2016,1,0.04548114538192749,0.02665385976433754
fit_2015_2019,30 Hato Mayor,2,2016,2,0.022740574553608894,0.04473472014069557
fit_2015_2019,30 Hato Mayor,2,2016,3,0.022740574553608894,0.019332846626639366
fit_2015_2019,30 Hato Mayor,2,2016,4,0.022740574553608894,0.018935078755021095
fit_2015_2019,30 Hato Mayor,2,2016,5,0.04548114538192749,0.020778128877282143
fit_2015_2019,30 Hato Mayor,2,2016,6,0.0,0.040358759462833405
fit_2015_2019,30 Hato Mayor,2,2016,7,0.04548114538192749,0.0031289507169276476
fit_2015_2019,30 Hato Mayor,2,2016,8,0.022740574553608894,0.04604170471429825
fit_2015_2019,30 Hato Mayor,2,2016,9,0.0,0.028656866401433945
fit_2015_2019,30 Hato Mayor,2,2016,10,0.0,0.008075102232396603
fit_2015_2019,30 Hato Mayor,2,2016,11,0.0,0.007940993644297123
fit_2015_2019,30 Hato Mayor,2,2016,12,0.0,0.0079189483076334
fit_2015_2019,30 Hato Mayor,2,2016,13,0.022740574553608894,0.005777893587946892
fit_2015_2019,30 Hato Mayor,2,2016,14,0.022740574553608894,0.023501962423324585
fit_2015_2019,30 Hato Mayor,2,2016,15,0.04548114538192749,0.022981815040111542
fit_2015_2019,30 Hato Mayor,2,2016,16,0.09096229821443558,0.0428619347512722
fit_2015_2019,30 Hato Mayor,2,2016,17,0.0,0.0843009203672409
fit_2015_2019,30 Hato Mayor,2,2016,18,0.0,0.012386883608996868
fit_2015_2019,30 Hato Mayor,2,2016,19,0.0,-0.0017591459909453988
fit_2015_2019,30 Hato Mayor,2,2016,20,0.0,0.012155760079622269
fit_2015_2019,30 Hato Mayor,2,2016,21,0.022740574553608894,0.0016948137199506164
fit_2015_2019,30 Hato Mayor,2,2016,22,0.022740574553608894,0.02187136746942997
fit_2015_2019,30 Hato Mayor,2,2016,23,0.0,0.03015192039310932
fit_2015_2019,30 Hato Mayor,2,2016,24,0.0,-0.0015147393569350243
fit_2015_2019,30 Hato Mayor,2,2016,25,0.11370286345481873,0.00875184964388609
fit_2015_2019,30 Hato Mayor,2,2016,26,0.022740574553608894,0.10516207665205002
fit_2015_2019,30 Hato Mayor,2,2016,27,0.06822171807289124,0.03049934096634388
fit_2015_2019,30 Hato Mayor,2,2016,28,0.022740574553608894,0.06376170367002487
fit_2015_2019,30 Hato Mayor,2,2016,29,0.0,0.030774040147662163
fit_2015_2019,30 Hato Mayor,2,2016,30,0.0,-0.0001223198778461665
fit_2015_2019,30 Hato Mayor,2,2016,31,0.0,0.001489413669332862
fit_2015_2019,30 Hato Mayor,2,2016,32,0.0,0.00015380671538878232
fit_2015_2019,30 Hato Mayor,2,2016,33,0.0,-0.0004141106328461319
fit_2015_2019,30 Hato Mayor,2,2016,34,0.0,0.0003116765583399683
fit_2015_2019,30 Hato Mayor,2,2016,35,0.022740574553608894,0.004607861861586571
fit_2015_2019,30 Hato Mayor,2,2016,36,0.0,0.01687193103134632
fit_2015_2019,30 Hato Mayor,2,2016,37,0.0,0.0033971983939409256
fit_2015_2019,30 Hato Mayor,2,2016,38,0.0,0.0016521773068234324
fit_2015_2019,30 Hato Mayor,2,2016,39,0.022740574553608894,0.00409957068040967
fit_2015_2019,30 Hato Mayor,2,2016,40,0.0,0.02304554358124733
fit_2015_2019,30 Hato Mayor,2,2016,41,0.0,0.004837540443986654
fit_2015_2019,30 Hato Mayor,2,2016,42,0.0,0.0019347211346030235
fit_2015_2019,30 Hato Mayor,2,2016,43,0.0,0.002768945647403598
fit_2015_2019,30 Hato Mayor,2,2016,44,0.0,0.001401201938278973
fit_2015_2019,30 Hato Mayor,2,2016,45,0.0,0.004619667772203684
fit_2015_2019,30 Hato Mayor,2,2016,46,0.0,-0.003791717579588294
fit_2015_2019,30 Hato Mayor,2,2016,47,0.0,0.00039123199530877173
fit_2015_2019,30 Hato Mayor,2,2016,48,0.022740574553608894,-0.0033128547947853804
fit_2015_2019,30 Hato Mayor,2,2016,49,0.0,0.022498637437820435
fit_2015_2019,30 Hato Mayor,2,2016,50,0.0,-0.002648568945005536
fit_2015_2019,30 Hato Mayor,2,2016,51,0.0,-0.0002522672002669424
fit_2015_2019,30 Hato Mayor,2,2016,52,0.04548114538192749,0.0006509491940960288
fit_2015_2019,30 Hato Mayor,2,2017,1,0.0,0.03831636533141136
fit_2015_2019,30 Hato Mayor,2,2017,2,0.0,-0.005357032176107168
fit_2015_2019,30 Hato Mayor,2,2017,3,0.0,-0.00796825997531414
fit_2015_2019,30 Hato Mayor,2,2017,4,0.0,-0.0050472961738705635
fit_2015_2019,30 Hato Mayor,2,2017,5,0.0,-0.0034987374674528837
fit_2015_2019,30 Hato Mayor,2,2017,6,0.0,-0.00451077101752162
fit_2015_2019,30 Hato Mayor,2,2017,7,0.0,-0.005377526395022869
fit_2015_2019,30 Hato Mayor,2,2017,8,0.0,0.0028353817760944366
fit_2015_2019,30 Hato Mayor,2,2017,9,0.02272915653884411,0.001403902773745358
fit_2015_2019,30 Hato Mayor,2,2017,10,0.0,0.021775616332888603
fit_2015_2019,30 Hato Mayor,2,2017,11,0.0,0.0008296457235701382
fit_2015_2019,30 Hato Mayor,2,2017,12,0.0,0.0007167418370954692
fit_2015_2019,30 Hato Mayor,2,2017,13,0.0,0.0024489823263138533
fit_2015_2019,30 Hato Mayor,2,2017,14,0.0,0.0010379273444414139
fit_2015_2019,30 Hato Mayor,2,2017,15,0.0,0.00262352149002254
fit_2015_2019,30 Hato Mayor,2,2017,16,0.0,0.003060196992009878
fit_2015_2019,30 Hato Mayor,2,2017,17,0.0,0.004824397619813681
fit_2015_2019,30 Hato Mayor,2,2017,18,0.0,0.007323394995182753
fit_2015_2019,30 Hato Mayor,2,2017,19,0.0,-0.001390871126204729
fit_2015_2019,30 Hato Mayor,2,2017,20,0.0,0.004704504273831844
fit_2015_2019,30 Hato Mayor,2,2017,21,0.0,0.003632873762398958
fit_2015_2019,30 Hato Mayor,2,2017,22,0.04545831307768822,0.004956543445587158
fit_2015_2019,30 Hato Mayor,2,2017,23,0.02272915653884411,0.041524454951286316
fit_2015_2019,30 Hato Mayor,2,2017,24,0.0,0.02973984181880951
fit_2015_2019,30 Hato Mayor,2,2017,25,0.0,0.004753508139401674
fit_2015_2019,30 Hato Mayor,2,2017,26,0.02272915653884411,0.009421288967132568
fit_2015_2019,30 Hato Mayor,2,2017,27,0.0,0.028971100226044655
fit_2015_2019,30 Hato Mayor,2,2017,28,0.0,0.007086851634085178
fit_2015_2019,30 Hato Mayor,2,2017,29,0.02272915653884411,0.005635152105242014
fit_2015_2019,30 Hato Mayor,2,2017,30,0.0,0.021459270268678665
fit_2015_2019,30 Hato Mayor,2,2017,31,0.0,0.0013354351976886392
fit_2015_2019,30 Hato Mayor,2,2017,32,0.0,0.0006569881225004792
fit_2015_2019,30 Hato Mayor,2,2017,33,0.0,0.002777914749458432
fit_2015_2019,30 Hato Mayor,2,2017,34,0.02272915653884411,0.0013427986996248364
fit_2015_2019,30 Hato Mayor,2,2017,35,0.0,0.021956007927656174
fit_2015_2019,30 Hato Mayor,2,2017,36,0.02272915653884411,0.003587406827136874
fit_2015_2019,30 Hato Mayor,2,2017,37,0.02272915653884411,0.021929793059825897
fit_2015_2019,30 Hato Mayor,2,2017,38,0.02272915653884411,0.029255026951432228
fit_2015_2019,30 Hato Mayor,2,2017,39,0.11364578455686569,0.032006263732910156
fit_2015_2019,30 Hato Mayor,2,2017,40,0.02272915653884411,0.10478473454713821
fit_2015_2019,30 Hato Mayor,2,2017,41,0.0,0.02612762525677681
fit_2015_2019,30 Hato Mayor,2,2017,42,0.0,-4.538418215815909e-05
fit_2015_2019,30 Hato Mayor,2,2017,43,0.02272915653884411,0.004976610187441111
fit_2015_2019,30 Hato Mayor,2,2017,44,0.0,0.023576684296131134
fit_2015_2019,30 Hato Mayor,2,2017,45,0.0,0.001673752791248262
fit_2015_2019,30 Hato Mayor,2,2017,46,0.02272915653884411,0.0044571030884981155
fit_2015_2019,30 Hato Mayor,2,2017,47,0.0,0.019831575453281403
fit_2015_2019,30 Hato Mayor,2,2017,48,0.0,-0.004375324118882418
fit_2015_2019,30 Hato Mayor,2,2017,49,0.0,-0.00015665854152757674
fit_2015_2019,30 Hato Mayor,2,2017,50,0.0,-0.0008260100148618221
fit_2015_2019,30 Hato Mayor,2,2017,51,0.0,0.0009279791847802699
fit_2015_2019,30 Hato Mayor,2,2017,52,0.0,-0.0003315256617497653
fit_2015_2019,30 Hato Mayor,2,2018,1,0.0,-0.0014548883773386478
fit_2015_2019,30 Hato Mayor,2,2018,2,0.0,-0.0026785407681018114
fit_2015_2019,30 Hato Mayor,2,2018,3,0.0,-0.008735451847314835
fit_2015_2019,30 Hato Mayor,2,2018,4,0.0,-0.007968456484377384
fit_2015_2019,30 Hato Mayor,2,2018,5,0.022710861638188362,-0.007216721773147583
fit_2015_2019,30 Hato Mayor,2,2018,6,0.0,0.017048722133040428
fit_2015_2019,30 Hato Mayor,2,2018,7,0.0,-0.010348784737288952
fit_2015_2019,30 Hato Mayor,2,2018,8,0.0,0.0005334771703928709
fit_2015_2019,30 Hato Mayor,2,2018,9,0.0,9.538688027532771e-05
fit_2015_2019,30 Hato Mayor,2,2018,10,0.0,0.0013448355020955205
fit_2015_2019,30 Hato Mayor,2,2018,11,0.0,0.0014299422036856413
fit_2015_2019,30 Hato Mayor,2,2018,12,0.0,0.0005050794570706785
fit_2015_2019,30 Hato Mayor,2,2018,13,0.0,0.0026755747385323048
fit_2015_2019,30 Hato Mayor,2,2018,14,0.0,0.0005320421769283712
fit_2015_2019,30 Hato Mayor,2,2018,15,0.06813257932662964,0.0010903755901381373
fit_2015_2019,30 Hato Mayor,2,2018,16,0.0,0.0581321157515049
fit_2015_2019,30 Hato Mayor,2,2018,17,0.0,-0.002339197089895606
fit_2015_2019,30 Hato Mayor,2,2018,18,0.0,0.0005985985626466572
fit_2015_2019,30 Hato Mayor,2,2018,19,0.0,0.0054945023730397224
fit_2015_2019,30 Hato Mayor,2,2018,20,0.0,0.0020024122204631567
fit_2015_2019,30 Hato Mayor,2,2018,21,0.0,0.0025579507928341627
fit_2015_2019,30 Hato Mayor,2,2018,22,0.0,0.003137754974886775
fit_2015_2019,30 Hato Mayor,2,2018,23,0.04542172700166702,0.004021530505269766
fit_2015_2019,30 Hato Mayor,2,2018,24,0.0,0.03931913897395134
fit_2015_2019,30 Hato Mayor,2,2018,25,0.0,0.00865988153964281
fit_2015_2019,30 Hato Mayor,2,2018,26,0.0,0.0025963380467146635
fit_2015_2019,30 Hato Mayor,2,2018,27,0.0,0.0064614154398441315
fit_2015_2019,30 Hato Mayor,2,2018,28,0.0,0.005320374853909016
fit_2015_2019,30 Hato Mayor,2,2018,29,0.0,0.005175549071282148
fit_2015_2019,30 Hato Mayor,2,2018,30,0.022710861638188362,-0.0011929305037483573
fit_2015_2019,30 Hato Mayor,2,2018,31,0.022710861638188362,0.021160462871193886
fit_2015_2019,30 Hato Mayor,2,2018,32,0.022710861638188362,0.02131422981619835
fit_2015_2019,30 Hato Mayor,2,2018,33,0.0,0.02219589799642563
fit_2015_2019,30 Hato Mayor,2,2018,34,0.0,0.002990610897541046
fit_2015_2019,30 Hato Mayor,2,2018,35,0.0,0.0015812674537301064
fit_2015_2019,30 Hato Mayor,2,2018,36,0.0,0.003424739930778742
fit_2015_2019,30 Hato Mayor,2,2018,37,0.0,0.0040421620942652225
fit_2015_2019,30 Hato Mayor,2,2018,38,0.0,0.007283847779035568
fit_2015_2019,30 Hato Mayor,2,2018,39,0.0,0.006749765947461128
fit_2015_2019,30 Hato Mayor,2,2018,40,0.04542172700166702,0.006445389240980148
fit_2015_2019,30 Hato Mayor,2,2018,41,0.0,0.04684162139892578
fit_2015_2019,30 Hato Mayor,2,2018,42,0.022710861638188362,0.007278875447809696
fit_2015_2019,30 Hato Mayor,2,2018,43,0.0,0.022015679627656937
fit_2015_2019,30 Hato Mayor,2,2018,44,0.022710861638188362,0.006030155345797539
fit_2015_2019,30 Hato Mayor,2,2018,45,0.0,0.025052417069673538
fit_2015_2019,30 Hato Mayor,2,2018,46,0.0,0.005578938871622086
fit_2015_2019,30 Hato Mayor,2,2018,47,0.022710861638188362,0.0015934124821797013
fit_2015_2019,30 Hato Mayor,2,2018,48,0.0,0.0245010107755661
fit_2015_2019,30 Hato Mayor,2,2018,49,0.0,0.0032354106660932302
fit_2015_2019,30 Hato Mayor,2,2018,50,0.0,0.0022741896100342274
fit_2015_2019,30 Hato Mayor,2,2018,51,0.022710861638188362,0.002615016885101795
fit_2015_2019,30 Hato Mayor,2,2018,52,0.0,0.028545059263706207
fit_2015_2019,30 Hato Mayor,2,2019,1,0.0,-0.0014625773765146732
fit_2015_2019,30 Hato Mayor,2,2019,2,0.0,0.0010836217552423477
fit_2015_2019,30 Hato Mayor,2,2019,3,0.0,-0.0025134854950010777
fit_2015_2019,30 Hato Mayor,2,2019,4,0.0,-0.005050061270594597
fit_2015_2019,30 Hato Mayor,2,2019,5,0.0,-0.003491465002298355
fit_2015_2019,30 Hato Mayor,2,2019,6,0.0,-0.002560011576861143
fit_2015_2019,30 Hato Mayor,2,2019,7,0.0,-0.0025999401696026325
fit_2015_2019,30 Hato Mayor,2,2019,8,0.0,0.0050611551851034164
fit_2015_2019,30 Hato Mayor,2,2019,9,0.0,0.003200620412826538
fit_2015_2019,30 Hato Mayor,2,2019,10,0.0,0.005263548344373703
fit_2015_2019,30 Hato Mayor,2,2019,11,0.022703975439071655,0.0066996049135923386
fit_2015_2019,30 Hato Mayor,2,2019,12,0.0,0.02336265705525875
fit_2015_2019,30 Hato Mayor,2,2019,13,0.0,0.004532181192189455
fit_2015_2019,30 Hato Mayor,2,2019,14,0.0,0.0035384877119213343
fit_2015_2019,30 Hato Mayor,2,2019,15,0.0,0.002929182257503271
fit_2015_2019,30 Hato Mayor,2,2019,16,0.0,0.004141862038522959
fit_2015_2019,30 Hato Mayor,2,2019,17,0.0,0.0040459660813212395
fit_2015_2019,30 Hato Mayor,2,2019,18,0.0,0.005713341757655144
fit_2015_2019,30 Hato Mayor,2,2019,19,0.0,0.004387234803289175
fit_2015_2019,30 Hato Mayor,2,2019,20,0.0,0.004328315146267414
fit_2015_2019,30 Hato Mayor,2,2019,21,0.022703975439071655,0.005952645558863878
fit_2015_2019,30 Hato Mayor,2,2019,22,0.06811192631721497,0.021502524614334106
fit_2015_2019,30 Hato Mayor,2,2019,23,0.13622385263442993,0.07293731719255447
fit_2015_2019,30 Hato Mayor,2,2019,24,0.04540795087814331,0.11768493056297302
fit_2015_2019,30 Hato Mayor,2,2019,25,0.022703975439071655,0.05387914180755615
fit_2015_2019,30 Hato Mayor,2,2019,26,0.0,0.028962574899196625
fit_2015_2019,30 Hato Mayor,2,2019,27,0.04540795087814331,0.015685370191931725
fit_2015_2019,30 Hato Mayor,2,2019,28,0.2043357789516449,0.05263717472553253
fit_2015_2019,30 Hato Mayor,2,2019,29,0.18163180351257324,0.1939755380153656
fit_2015_2019,30 Hato Mayor,2,2019,30,0.22703975439071655,0.18157261610031128
fit_2015_2019,30 Hato Mayor,2,2019,31,0.06811192631721497,0.22522316873073578
fit_2015_2019,30 Hato Mayor,2,2019,32,0.2043357789516449,0.10724085569381714
fit_2015_2019,30 Hato Mayor,2,2019,33,0.022703975439071655,0.19931276142597198
fit_2015_2019,30 Hato Mayor,2,2019,34,0.2043357789516449,0.06155560165643692
fit_2015_2019,30 Hato Mayor,2,2019,35,0.09081590920686722,0.1910957545042038
fit_2015_2019,30 Hato Mayor,2,2019,36,0.22703975439071655,0.1036473885178566
fit_2015_2019,30 Hato Mayor,2,2019,37,0.11351987719535828,0.22644656896591187
fit_2015_2019,30 Hato Mayor,2,2019,38,0.38596758246421814,0.1368582844734192
fit_2015_2019,30 Hato Mayor,2,2019,39,0.2951517105102539,0.38329949975013733
fit_2015_2019,30 Hato Mayor,2,2019,40,0.2951517105102539,0.2265501618385315
fit_2015_2019,30 Hato Mayor,2,2019,41,0.24974371492862701,0.2511731684207916
fit_2015_2019,30 Hato Mayor,2,2019,42,0.13622385263442993,0.20204241573810577
fit_2015_2019,30 Hato Mayor,2,2019,43,0.15892784297466278,0.118277408182621
fit_2015_2019,30 Hato Mayor,2,2019,44,0.2043357789516449,0.1660560816526413
fit_2015_2019,30 Hato Mayor,2,2019,45,0.09081590920686722,0.20004747807979584
fit_2015_2019,30 Hato Mayor,2,2019,46,0.2043357789516449,0.0777394250035286
fit_2015_2019,30 Hato Mayor,2,2019,47,0.22703975439071655,0.19412817060947418
fit_2015_2019,30 Hato Mayor,2,2019,48,0.15892784297466278,0.19615493714809418
fit_2015_2019,30 Hato Mayor,2,2019,49,0.022703975439071655,0.12401436269283295
fit_2015_2019,30 Hato Mayor,2,2019,50,0.2043357789516449,0.025074990466237068
fit_2015_2019,30 Hato Mayor,2,2019,51,0.09081590920686722,0.1907186061143875
fit_2015_2019,30 Hato Mayor,2,2019,52,0.22703975439071655,0.0967482179403305
fit_2015_2019,31 San José de Ocoa,3,2015,5,0.0,0.0022731292992830276
fit_2015_2019,31 San José de Ocoa,3,2015,6,0.0,0.003827260807156563
fit_2015_2019,31 San José de Ocoa,3,2015,7,0.0,0.010694506578147411
fit_2015_2019,31 San José de Ocoa,3,2015,8,0.03409731760621071,0.013182854279875755
fit_2015_2019,31 San José de Ocoa,3,2015,9,0.06819463521242142,0.04270689934492111
fit_2015_2019,31 San José de Ocoa,3,2015,10,0.0,0.06405607610940933
fit_2015_2019,31 San José de Ocoa,3,2015,11,0.06819463521242142,-0.0020615116227418184
fit_2015_2019,31 San José de Ocoa,3,2015,12,0.06819463521242142,0.07721555233001709
fit_2015_2019,31 San José de Ocoa,3,2015,13,0.03409731760621071,0.06588776409626007
fit_2015_2019,31 San José de Ocoa,3,2015,14,0.0,0.03309248387813568
fit_2015_2019,31 San José de Ocoa,3,2015,15,0.03409731760621071,0.0124740619212389
fit_2015_2019,31 San José de Ocoa,3,2015,16,0.03409731760621071,0.0488615520298481
fit_2015_2019,31 San José de Ocoa,3,2015,17,0.03409731760621071,0.04598177596926689
fit_2015_2019,31 San José de Ocoa,3,2015,18,0.03409731760621071,0.035725194960832596
fit_2015_2019,31 San José de Ocoa,3,2015,19,0.03409731760621071,0.05053885653614998
fit_2015_2019,31 San José de Ocoa,3,2015,20,0.0,0.04581064358353615
fit_2015_2019,31 San José de Ocoa,3,2015,21,0.0,0.010020929388701916
fit_2015_2019,31 San José de Ocoa,3,2015,22,0.0,0.01592719554901123
fit_2015_2019,31 San José de Ocoa,3,2015,23,0.0,0.015047494322061539
fit_2015_2019,31 San José de Ocoa,3,2015,24,0.06819463521242142,0.013461412861943245
fit_2015_2019,31 San José de Ocoa,3,2015,25,0.03409731760621071,0.07797031104564667
fit_2015_2019,31 San José de Ocoa,3,2015,26,0.06819463521242142,0.042642123997211456
fit_2015_2019,31 San José de Ocoa,3,2015,27,0.06819463521242142,0.08098378032445908
fit_2015_2019,31 San José de Ocoa,3,2015,28,0.03409731760621071,0.08028197288513184
fit_2015_2019,31 San José de Ocoa,3,2015,29,0.13638927042484283,0.046212777495384216
fit_2015_2019,31 San José de Ocoa,3,2015,30,0.03409731760621071,0.14111723005771637
fit_2015_2019,31 San José de Ocoa,3,2015,31,0.0,0.05074651166796684
fit_2015_2019,31 San José de Ocoa,3,2015,32,0.03409731760621071,0.020472612231969833
fit_2015_2019,31 San José de Ocoa,3,2015,33,0.13638927042484283,0.04315830022096634
fit_2015_2019,31 San José de Ocoa,3,2015,34,0.2727785110473633,0.13457602262496948
fit_2015_2019,31 San José de Ocoa,3,2015,35,0.03409731760621071,0.2675502300262451
fit_2015_2019,31 San José de Ocoa,3,2015,36,0.13638927042484283,0.07963363081216812
fit_2015_2019,31 San José de Ocoa,3,2015,37,0.10229194909334183,0.16741624474525452
fit_2015_2019,31 San José de Ocoa,3,2015,38,0.17048656940460205,0.11696863174438477
fit_2015_2019,31 San José de Ocoa,3,2015,39,0.20458389818668365,0.19661445915699005
fit_2015_2019,31 San José de Ocoa,3,2015,40,0.23868122696876526,0.22398477792739868
fit_2015_2019,31 San José de Ocoa,3,2015,41,0.06819463521242142,0.25185760855674744
fit_2015_2019,31 San José de Ocoa,3,2015,42,0.5796543955802917,0.10118286311626434
fit_2015_2019,31 San José de Ocoa,3,2015,43,0.23868122696876526,0.5394101738929749
fit_2015_2019,31 San José de Ocoa,3,2015,44,0.3409731984138489,0.19220925867557526
fit_2015_2019,31 San José de Ocoa,3,2015,45,0.4432651400566101,0.3818310797214508
fit_2015_2019,31 San José de Ocoa,3,2015,46,0.4091678261756897,0.3243805170059204
fit_2015_2019,31 San José de Ocoa,3,2015,47,0.20458389818668365,0.3446042239665985
fit_2015_2019,31 San José de Ocoa,3,2015,48,0.20458389818668365,0.16882164776325226
fit_2015_2019,31 San José de Ocoa,3,2015,49,0.10229194909334183,0.17914621531963348
fit_2015_2019,31 San José de Ocoa,3,2015,50,0.17048656940460205,0.05474734678864479
fit_2015_2019,31 San José de Ocoa,3,2015,51,0.2727785110473633,0.15836744010448456
fit_2015_2019,31 San José de Ocoa,3,2015,52,0.20458389818668365,0.2507896423339844
fit_2015_2019,31 San José de Ocoa,3,2016,1,0.17208702862262726,0.18326467275619507
fit_2015_2019,31 San José de Ocoa,3,2016,2,0.0,0.1500425487756729
fit_2015_2019,31 San José de Ocoa,3,2016,3,0.0688348039984703,-0.00880810059607029
fit_2015_2019,31 San José de Ocoa,3,2016,4,0.0,0.07816822826862335
fit_2015_2019,31 San José de Ocoa,3,2016,5,0.0688348039984703,0.0036254520528018475
fit_2015_2019,31 San José de Ocoa,3,2016,6,0.10325221717357635,0.07666090130805969
fit_2015_2019,31 San José de Ocoa,3,2016,7,0.03441740199923515,0.10250979661941528
fit_2015_2019,31 San José de Ocoa,3,2016,8,0.0,0.03401636704802513
fit_2015_2019,31 San José de Ocoa,3,2016,9,0.0688348039984703,0.01257473137229681
fit_2015_2019,31 San José de Ocoa,3,2016,10,0.03441740199923515,0.08348651975393295
fit_2015_2019,31 San José de Ocoa,3,2016,11,0.0,0.03813348710536957
fit_2015_2019,31 San José de Ocoa,3,2016,12,0.0688348039984703,0.012898577377200127
fit_2015_2019,31 San José de Ocoa,3,2016,13,0.10325221717357635,0.08250036835670471
fit_2015_2019,31 San José de Ocoa,3,2016,14,0.1376696228981018,0.10075105726718903
fit_2015_2019,31 San José de Ocoa,3,2016,15,0.20650441944599152,0.12271512299776077
fit_2015_2019,31 San José de Ocoa,3,2016,16,0.17208702862262726,0.1838691085577011
fit_2015_2019,31 San José de Ocoa,3,2016,17,0.0,0.1567506641149521
fit_2015_2019,31 San José de Ocoa,3,2016,18,0.0,0.009890581481158733
fit_2015_2019,31 San José de Ocoa,3,2016,19,0.0,0.01866801641881466
fit_2015_2019,31 San José de Ocoa,3,2016,20,0.17208702862262726,0.026821019127964973
fit_2015_2019,31 San José de Ocoa,3,2016,21,0.0688348039984703,0.1797196865081787
fit_2015_2019,31 San José de Ocoa,3,2016,22,0.3441740572452545,0.07872515171766281
fit_2015_2019,31 San José de Ocoa,3,2016,23,0.41300883889198303,0.3284367322921753
fit_2015_2019,31 San José de Ocoa,3,2016,24,0.17208702862262726,0.3336038589477539
fit_2015_2019,31 San José de Ocoa,3,2016,25,0.1376696228981018,0.1423812061548233
fit_2015_2019,31 San José de Ocoa,3,2016,26,0.10325221717357635,0.13263554871082306
fit_2015_2019,31 San José de Ocoa,3,2016,27,0.10325221717357635,0.08938917517662048
fit_2015_2019,31 San José de Ocoa,3,2016,28,0.03441740199923515,0.11815018206834793
fit_2015_2019,31 San José de Ocoa,3,2016,29,0.0688348039984703,0.04837208613753319
fit_2015_2019,31 San José de Ocoa,3,2016,30,0.0,0.07474381476640701
fit_2015_2019,31 San José de Ocoa,3,2016,31,0.1376696228981018,0.006189900916069746
fit_2015_2019,31 San José de Ocoa,3,2016,32,0.03441740199923515,0.12935768067836761
fit_2015_2019,31 San José de Ocoa,3,2016,33,0.03441740199923515,0.04023464769124985
fit_2015_2019,31 San José de Ocoa,3,2016,34,0.03441740199923515,0.03939560800790787
fit_2015_2019,31 San José de Ocoa,3,2016,35,0.0688348039984703,0.0316392257809639
fit_2015_2019,31 San José de Ocoa,3,2016,36,0.0688348039984703,0.06326483935117722
fit_2015_2019,31 San José de Ocoa,3,2016,37,0.0,0.06955644488334656
fit_2015_2019,31 San José de Ocoa,3,2016,38,0.0,0.014761161990463734
fit_2015_2019,31 San José de Ocoa,3,2016,39,0.0,0.005880795884877443
fit_2015_2019,31 San José de Ocoa,3,2016,40,0.1376696228981018,-0.0038469976279884577
fit_2015_2019,31 San José de Ocoa,3,2016,41,0.1376696228981018,0.1194520816206932
fit_2015_2019,31 San José de Ocoa,3,2016,42,0.03441740199923515,0.10524345189332962
fit_2015_2019,31 San José de Ocoa,3,2016,43,0.03441740199923515,0.02826668508350849
fit_2015_2019,31 San José de Ocoa,3,2016,44,0.03441740199923515,0.03756037354469299
fit_2015_2019,31 San José de Ocoa,3,2016,45,0.0,0.03197043761610985
fit_2015_2019,31 San José de Ocoa,3,2016,46,0.0,-0.0012883172603324056
fit_2015_2019,31 San José de Ocoa,3,2016,47,0.0,-0.00019306688045617193
fit_2015_2019,31 San José de Ocoa,3,2016,48,0.0,0.0033144736662507057
fit_2015_2019,31 San José de Ocoa,3,2016,49,0.0,0.004481990355998278
fit_2015_2019,31 San José de Ocoa,3,2016,50,0.0,-0.0005409482982940972
fit_2015_2019,31 San José de Ocoa,3,2016,51,0.0,-0.001368527882732451
fit_2015_2019,31 San José de Ocoa,3,2016,52,0.03441740199923515,-0.003049809718504548
fit_2015_2019,31 San José de Ocoa,3,2017,1,0.0347478985786438,0.03599655255675316
fit_2015_2019,31 San José de Ocoa,3,2017,2,0.0347478985786438,0.010500003583729267
fit_2015_2019,31 San José de Ocoa,3,2017,3,0.0,0.013642980717122555
fit_2015_2019,31 San José de Ocoa,3,2017,4,0.0,-0.008245923556387424
fit_2015_2019,31 San José de Ocoa,3,2017,5,0.0347478985786438,-0.0019787170458585024
fit_2015_2019,31 San José de Ocoa,3,2017,6,0.0,0.03016955591738224
fit_2015_2019,31 San José de Ocoa,3,2017,7,0.0,-0.0035576566588133574
fit_2015_2019,31 San José de Ocoa,3,2017,8,0.0,0.002520341891795397
fit_2015_2019,31 San José de Ocoa,3,2017,9,0.0,0.004469005856662989
fit_2015_2019,31 San José de Ocoa,3,2017,10,0.0,0.005018955562263727
fit_2015_2019,31 San José de Ocoa,3,2017,11,0.0,0.012477366253733635
fit_2015_2019,31 San José de Ocoa,3,2017,12,0.0347478985786438,0.0049514914862811565
fit_2015_2019,31 San José de Ocoa,3,2017,13,0.0347478985786438,0.037969715893268585
fit_2015_2019,31 San José de Ocoa,3,2017,14,0.0347478985786438,0.0304646585136652
fit_2015_2019,31 San José de Ocoa,3,2017,15,0.0,0.035582490265369415
fit_2015_2019,31 San José de Ocoa,3,2017,16,0.0347478985786438,0.006323324982076883
fit_2015_2019,31 San José de Ocoa,3,2017,17,0.0347478985786438,0.04928986728191376
fit_2015_2019,31 San José de Ocoa,3,2017,18,0.0,0.03511231765151024
fit_2015_2019,31 San José de Ocoa,3,2017,19,0.0,0.007153552956879139
fit_2015_2019,31 San José de Ocoa,3,2017,20,0.1737394779920578,0.023509526625275612
fit_2015_2019,31 San José de Ocoa,3,2017,21,0.0694957971572876,0.16456235945224762
fit_2015_2019,31 San José de Ocoa,3,2017,22,0.1389915943145752,0.07318591326475143
fit_2015_2019,31 San José de Ocoa,3,2017,23,0.0694957971572876,0.14192819595336914
fit_2015_2019,31 San José de Ocoa,3,2017,24,0.0,0.06861914694309235
fit_2015_2019,31 San José de Ocoa,3,2017,25,0.0,0.012213041074573994
fit_2015_2019,31 San José de Ocoa,3,2017,26,0.0694957971572876,0.01771259866654873
fit_2015_2019,31 San José de Ocoa,3,2017,27,0.0347478985786438,0.07748503237962723
fit_2015_2019,31 San José de Ocoa,3,2017,28,0.0,0.04071531817317009
fit_2015_2019,31 San José de Ocoa,3,2017,29,0.0,0.007718374487012625
fit_2015_2019,31 San José de Ocoa,3,2017,30,0.0,0.0015813495265319943
fit_2015_2019,31 San José de Ocoa,3,2017,31,0.1042436957359314,0.004647476598620415
fit_2015_2019,31 San José de Ocoa,3,2017,32,0.0,0.09210650622844696
fit_2015_2019,31 San José de Ocoa,3,2017,33,0.0347478985786438,0.007412509527057409
fit_2015_2019,31 San José de Ocoa,3,2017,34,0.1042436957359314,0.03401540592312813
fit_2015_2019,31 San José de Ocoa,3,2017,35,0.0,0.09570364654064178
fit_2015_2019,31 San José de Ocoa,3,2017,36,0.0,0.006519658025354147
fit_2015_2019,31 San José de Ocoa,3,2017,37,0.0,0.016166703775525093
fit_2015_2019,31 San José de Ocoa,3,2017,38,0.1042436957359314,0.0005731324781663716
fit_2015_2019,31 San José de Ocoa,3,2017,39,0.0347478985786438,0.09067729860544205
fit_2015_2019,31 San José de Ocoa,3,2017,40,0.0347478985786438,0.03375459834933281
fit_2015_2019,31 San José de Ocoa,3,2017,41,0.0,0.03655996173620224
fit_2015_2019,31 San José de Ocoa,3,2017,42,0.0347478985786438,0.0030761640518903732
fit_2015_2019,31 San José de Ocoa,3,2017,43,0.0347478985786438,0.030197322368621826
fit_2015_2019,31 San José de Ocoa,3,2017,44,0.0,0.029678165912628174
fit_2015_2019,31 San José de Ocoa,3,2017,45,0.0,-0.00542440777644515
fit_2015_2019,31 San José de Ocoa,3,2017,46,0.0,-2.670997491804883e-05
fit_2015_2019,31 San José de Ocoa,3,2017,47,0.0,-0.002616036217659712
fit_2015_2019,31 San José de Ocoa,3,2017,48,0.0,-0.006561614107340574
fit_2015_2019,31 San José de Ocoa,3,2017,49,0.0347478985786438,-0.002714660484343767
fit_2015_2019,31 San José de Ocoa,3,2017,50,0.0,0.04309014603495598
fit_2015_2019,31 San José de Ocoa,3,2017,51,0.0,-0.010988805443048477
fit_2015_2019,31 San José de Ocoa,3,2017,52,0.0,-0.0044312505051493645
fit_2015_2019,31 San José de Ocoa,3,2018,1,0.0,0.003924835938960314
fit_2015_2019,31 San José de Ocoa,3,2018,2,0.0,-0.003090606303885579
fit_2015_2019,31 San José de Ocoa,3,2018,3,0.03507089614868164,-0.01056660246104002
fit_2015_2019,31 San José de Ocoa,3,2018,4,0.0,0.025059612467885017
fit_2015_2019,31 San José de Ocoa,3,2018,5,0.0,-0.010246210731565952
fit_2015_2019,31 San José de Ocoa,3,2018,6,0.0,-0.0056875525042414665
fit_2015_2019,31 San José de Ocoa,3,2018,7,0.0,0.003347118617966771
fit_2015_2019,31 San José de Ocoa,3,2018,8,0.0,0.002145230071619153
fit_2015_2019,31 San José de Ocoa,3,2018,9,0.0,-0.0015019325073808432
fit_2015_2019,31 San José de Ocoa,3,2018,10,0.0,0.00034550955751910806
fit_2015_2019,31 San José de Ocoa,3,2018,11,0.0,0.0014424024848267436
fit_2015_2019,31 San José de Ocoa,3,2018,12,0.0,0.003938726149499416
fit_2015_2019,31 San José de Ocoa,3,2018,13,0.0,0.006714934483170509
fit_2015_2019,31 San José de Ocoa,3,2018,14,0.0,0.0038025183603167534
fit_2015_2019,31 San José de Ocoa,3,2018,15,0.0,0.011983697302639484
fit_2015_2019,31 San José de Ocoa,3,2018,16,0.0,0.007814893499016762
fit_2015_2019,31 San José de Ocoa,3,2018,17,0.0,0.010447504930198193
fit_2015_2019,31 San José de Ocoa,3,2018,18,0.07014179229736328,0.010817471891641617
fit_2015_2019,31 San José de Ocoa,3,2018,19,0.0,0.06142657622694969
fit_2015_2019,31 San José de Ocoa,3,2018,20,0.0,0.005992704536765814
fit_2015_2019,31 San José de Ocoa,3,2018,21,0.03507089614868164,0.01112217828631401
fit_2015_2019,31 San José de Ocoa,3,2018,22,0.0,0.04240749776363373
fit_2015_2019,31 San José de Ocoa,3,2018,23,0.03507089614868164,0.0033114312682300806
fit_2015_2019,31 San José de Ocoa,3,2018,24,0.03507089614868164,0.03855539485812187
fit_2015_2019,31 San José de Ocoa,3,2018,25,0.0,0.03806274011731148
fit_2015_2019,31 San José de Ocoa,3,2018,26,0.0,0.0009476857958361506
fit_2015_2019,31 San José de Ocoa,3,2018,27,0.0,0.006241603288799524
fit_2015_2019,31 San José de Ocoa,3,2018,28,0.07014179229736328,0.010863691568374634
fit_2015_2019,31 San José de Ocoa,3,2018,29,0.03507089614868164,0.060515329241752625
fit_2015_2019,31 San José de Ocoa,3,2018,30,0.0,0.03103538602590561
fit_2015_2019,31 San José de Ocoa,3,2018,31,0.03507089614868164,0.0006471506785601377
fit_2015_2019,31 San José de Ocoa,3,2018,32,0.0,0.03700288385152817
fit_2015_2019,31 San José de Ocoa,3,2018,33,0.03507089614868164,0.0011554660741239786
fit_2015_2019,31 San José de Ocoa,3,2018,34,0.03507089614868164,0.031457722187042236
fit_2015_2019,31 San José de Ocoa,3,2018,35,0.03507089614868164,0.03340568393468857
fit_2015_2019,31 San José de Ocoa,3,2018,36,0.0,0.03304199129343033
fit_2015_2019,31 San José de Ocoa,3,2018,37,0.03507089614868164,0.012603748589754105
fit_2015_2019,31 San José de Ocoa,3,2018,38,0.03507089614868164,0.039735451340675354
fit_2015_2019,31 San José de Ocoa,3,2018,39,0.0,0.03642094507813454
fit_2015_2019,31 San José de Ocoa,3,2018,40,0.03507089614868164,0.011093235574662685
fit_2015_2019,31 San José de Ocoa,3,2018,41,0.07014179229736328,0.038539186120033264
fit_2015_2019,31 San José de Ocoa,3,2018,42,0.0,0.0667833760380745
fit_2015_2019,31 San José de Ocoa,3,2018,43,0.0,0.004916858393698931
fit_2015_2019,31 San José de Ocoa,3,2018,44,0.0,0.010797927156090736
fit_2015_2019,31 San José de Ocoa,3,2018,45,0.10521268099546432,0.0021548469085246325
fit_2015_2019,31 San José de Ocoa,3,2018,46,0.10521268099546432,0.0980750322341919
fit_2015_2019,31 San José de Ocoa,3,2018,47,0.10521268099546432,0.08788822591304779
fit_2015_2019,31 San José de Ocoa,3,2018,48,0.07014179229736328,0.09014521539211273
fit_2015_2019,31 San José de Ocoa,3,2018,49,0.03507089614868164,0.07257962226867676
fit_2015_2019,31 San José de Ocoa,3,2018,50,0.0,0.02885422669351101
fit_2015_2019,31 San José de Ocoa,3,2018,51,0.0,0.00671718455851078
fit_2015_2019,31 San José de Ocoa,3,2018,52,0.0,0.01112743467092514
fit_2015_2019,31 San José de Ocoa,3,2019,1,0.0,0.007393867243081331
fit_2015_2019,31 San José de Ocoa,3,2019,2,0.03542250022292137,0.0011250964598730206
fit_2015_2019,31 San José de Ocoa,3,2019,3,0.03542250022292137,0.02841203287243843
fit_2015_2019,31 San José de Ocoa,3,2019,4,0.03542250022292137,0.02523765340447426
fit_2015_2019,31 San José de Ocoa,3,2019,5,0.0,0.026399103924632072
fit_2015_2019,31 San José de Ocoa,3,2019,6,0.03542250022292137,-0.002605881541967392
fit_2015_2019,31 San José de Ocoa,3,2019,7,0.0,0.04110004007816315
fit_2015_2019,31 San José de Ocoa,3,2019,8,0.07084499299526215,0.005451831500977278
fit_2015_2019,31 San José de Ocoa,3,2019,9,0.03542250022292137,0.07362215965986252
fit_2015_2019,31 San José de Ocoa,3,2019,10,0.0,0.03411336988210678
fit_2015_2019,31 San José de Ocoa,3,2019,11,0.10626749694347382,0.005739837884902954
fit_2015_2019,31 San José de Ocoa,3,2019,12,0.03542250022292137,0.10991790890693665
fit_2015_2019,31 San José de Ocoa,3,2019,13,0.14169000089168549,0.031360968947410583
fit_2015_2019,31 San José de Ocoa,3,2019,14,0.03542250022292137,0.1365506947040558
fit_2015_2019,31 San José de Ocoa,3,2019,15,0.07084499299526215,0.019567836076021194
fit_2015_2019,31 San José de Ocoa,3,2019,16,0.14169000089168549,0.07722649723291397
fit_2015_2019,31 San José de Ocoa,3,2019,17,0.03542250022292137,0.13786359131336212
fit_2015_2019,31 San José de Ocoa,3,2019,18,0.2479574829339981,0.03560493886470795
fit_2015_2019,31 San José de Ocoa,3,2019,19,0.07084499299526215,0.2221028208732605
fit_2015_2019,31 San José de Ocoa,3,2019,20,0.07084499299526215,0.057987459003925323
fit_2015_2019,31 San José de Ocoa,3,2019,21,0.14169000089168549,0.08437236398458481
fit_2015_2019,31 San José de Ocoa,3,2019,22,0.07084499299526215,0.12697149813175201
fit_2015_2019,31 San José de Ocoa,3,2019,23,0.0,0.06999615579843521
fit_2015_2019,31 San José de Ocoa,3,2019,24,0.42506998777389526,0.01659906841814518
fit_2015_2019,31 San José de Ocoa,3,2019,25,0.3896474540233612,0.3984321057796478
fit_2015_2019,31 San José de Ocoa,3,2019,26,0.03542250022292137,0.3172980844974518
fit_2015_2019,31 San José de Ocoa,3,2019,27,0.2479574829339981,0.07740534842014313
fit_2015_2019,31 San José de Ocoa,3,2019,28,0.6021824479103088,0.25416430830955505
fit_2015_2019,31 San José de Ocoa,3,2019,29,0.46049246191978455,0.5121267437934875
fit_2015_2019,31 San José de Ocoa,3,2019,30,0.6376049518585205,0.504551351070404
fit_2015_2019,31 San José de Ocoa,3,2019,31,0.7792949080467224,0.7214677333831787
fit_2015_2019,31 San José de Ocoa,3,2019,32,0.7792949080467224,0.7170495986938477
fit_2015_2019,31 San José de Ocoa,3,2019,33,0.5667599439620972,0.8442640900611877
fit_2015_2019,31 San José de Ocoa,3,2019,34,0.6730275750160217,0.6816157102584839
fit_2015_2019,31 San José de Ocoa,3,2019,35,0.7792949080467224,0.6629046201705933
fit_2015_2019,31 San José de Ocoa,3,2019,36,0.5313374996185303,0.6478797793388367
fit_2015_2019,31 San José de Ocoa,3,2019,37,0.9564074277877808,0.5365335941314697
fit_2015_2019,31 San José de Ocoa,3,2019,38,0.7792949080467224,0.8476801514625549
fit_2015_2019,31 San José de Ocoa,3,2019,39,0.46049246191978455,0.48633873462677
fit_2015_2019,31 San José de Ocoa,3,2019,40,0.3542250096797943,0.4187270402908325
fit_2015_2019,31 San José de Ocoa,3,2019,41,0.17711247503757477,0.26111674308776855
fit_2015_2019,31 San José de Ocoa,3,2019,42,0.21253499388694763,0.10862556099891663
fit_2015_2019,31 San José de Ocoa,3,2019,43,0.2479574829339981,0.20125459134578705
fit_2015_2019,31 San José de Ocoa,3,2019,44,0.07084499299526215,0.22065050899982452
fit_2015_2019,31 San José de Ocoa,3,2019,45,0.17711247503757477,0.07959152013063431
fit_2015_2019,31 San José de Ocoa,3,2019,46,0.14169000089168549,0.18379124999046326
fit_2015_2019,31 San José de Ocoa,3,2019,47,0.17711247503757477,0.12125637382268906
fit_2015_2019,31 San José de Ocoa,3,2019,48,0.21253499388694763,0.16349978744983673
fit_2015_2019,31 San José de Ocoa,3,2019,49,0.10626749694347382,0.17808732390403748
fit_2015_2019,31 San José de Ocoa,3,2019,50,0.21253499388694763,0.08944365382194519
fit_2015_2019,31 San José de Ocoa,3,2019,51,0.14169000089168549,0.17544595897197723
fit_2015_2019,31 San José de Ocoa,3,2019,52,0.0,0.10584687441587448
fit_2015_2019,32 Santo Domingo,4,2015,5,0.015423846431076527,0.013215306214988232
fit_2015_2019,32 Santo Domingo,4,2015,6,0.019096188247203827,0.014173156581819057
fit_2015_2019,32 Santo Domingo,4,2015,7,0.014689377509057522,0.0164437647908926
fit_2015_2019,32 Santo Domingo,4,2015,8,0.019096188247203827,0.01565583422780037
fit_2015_2019,32 Santo Domingo,4,2015,9,0.027909815311431885,0.01756792701780796
fit_2015_2019,32 Santo Domingo,4,2015,10,0.015423846431076527,0.022849107161164284
fit_2015_2019,32 Santo Domingo,4,2015,11,0.011017031967639923,0.018643325194716454
fit_2015_2019,32 Santo Domingo,4,2015,12,0.017627252265810966,0.014459998346865177
fit_2015_2019,32 Santo Domingo,4,2015,13,0.022768534719944,0.016557304188609123
fit_2015_2019,32 Santo Domingo,4,2015,14,0.02423747070133686,0.020649459213018417
fit_2015_2019,32 Santo Domingo,4,2015,15,0.011017031967639923,0.023504137992858887
fit_2015_2019,32 Santo Domingo,4,2015,16,0.020565126091241837,0.017609963193535805
fit_2015_2019,32 Santo Domingo,4,2015,17,0.017627252265810966,0.02070818468928337
fit_2015_2019,32 Santo Domingo,4,2015,18,0.02864428423345089,0.020154807716608047
fit_2015_2019,32 Santo Domingo,4,2015,19,0.017627252265810966,0.027618812397122383
fit_2015_2019,32 Santo Domingo,4,2015,20,0.017627252265810966,0.024552632123231888
fit_2015_2019,32 Santo Domingo,4,2015,21,0.019096188247203827,0.021761229261755943
fit_2015_2019,32 Santo Domingo,4,2015,22,0.022768534719944,0.022441020235419273
fit_2015_2019,32 Santo Domingo,4,2015,23,0.022768534719944,0.0249691940844059
fit_2015_2019,32 Santo Domingo,4,2015,24,0.022768534719944,0.026280198246240616
fit_2015_2019,32 Santo Domingo,4,2015,25,0.03672344237565994,0.027380483224987984
fit_2015_2019,32 Santo Domingo,4,2015,26,0.03672344237565994,0.036027368158102036
fit_2015_2019,32 Santo Domingo,4,2015,27,0.04406813159584999,0.041341789066791534
fit_2015_2019,32 Santo Domingo,4,2015,28,0.046271536499261856,0.0480860099196434
fit_2015_2019,32 Santo Domingo,4,2015,29,0.04259919002652168,0.05176151171326637
fit_2015_2019,32 Santo Domingo,4,2015,30,0.06757112592458725,0.052103862166404724
fit_2015_2019,32 Santo Domingo,4,2015,31,0.07197794318199158,0.06576065719127655
fit_2015_2019,32 Santo Domingo,4,2015,32,0.06904006749391556,0.07512858510017395
fit_2015_2019,32 Santo Domingo,4,2015,33,0.08152604103088379,0.07827150076627731
fit_2015_2019,32 Santo Domingo,4,2015,34,0.06683666259050369,0.0870966985821724
fit_2015_2019,32 Santo Domingo,4,2015,35,0.08446391671895981,0.08266859501600266
fit_2015_2019,32 Santo Domingo,4,2015,36,0.12118735909461975,0.09129127115011215
fit_2015_2019,32 Santo Domingo,4,2015,37,0.11017031967639923,0.11575999110937119
fit_2015_2019,32 Santo Domingo,4,2015,38,0.13220438361167908,0.12254185229539871
fit_2015_2019,32 Santo Domingo,4,2015,39,0.17186568677425385,0.136622354388237
fit_2015_2019,32 Santo Domingo,4,2015,40,0.18361718952655792,0.16312380135059357
fit_2015_2019,32 Santo Domingo,4,2015,41,0.21373042464256287,0.17882713675498962
fit_2015_2019,32 Santo Domingo,4,2015,42,0.21226146817207336,0.19819632172584534
fit_2015_2019,32 Santo Domingo,4,2015,43,0.20271337032318115,0.19866327941417694
fit_2015_2019,32 Santo Domingo,4,2015,44,0.16672439873218536,0.1883680671453476
fit_2015_2019,32 Santo Domingo,4,2015,45,0.15570738911628723,0.15814338624477386
fit_2015_2019,32 Santo Domingo,4,2015,46,0.14395590126514435,0.13564763963222504
fit_2015_2019,32 Santo Domingo,4,2015,47,0.12265629321336746,0.11711437255144119
fit_2015_2019,32 Santo Domingo,4,2015,48,0.10796692222356796,0.10037943720817566
fit_2015_2019,32 Santo Domingo,4,2015,49,0.10723245143890381,0.09077876806259155
fit_2015_2019,32 Santo Domingo,4,2015,50,0.08519838750362396,0.08758636564016342
fit_2015_2019,32 Santo Domingo,4,2015,51,0.07271241396665573,0.07808168232440948
fit_2015_2019,32 Santo Domingo,4,2015,52,0.09988775849342346,0.07265285402536392
fit_2015_2019,32 Santo Domingo,4,2016,1,0.09582695364952087,0.08509209007024765
fit_2015_2019,32 Santo Domingo,4,2016,2,0.07565286010503769,0.08520246297121048
fit_2015_2019,32 Santo Domingo,4,2016,3,0.07853487133979797,0.07544627040624619
fit_2015_2019,32 Santo Domingo,4,2016,4,0.06700681895017624,0.0715944841504097
fit_2015_2019,32 Santo Domingo,4,2016,5,0.07565286010503769,0.06387339532375336
fit_2015_2019,32 Santo Domingo,4,2016,6,0.04178920015692711,0.06622646749019623
fit_2015_2019,32 Santo Domingo,4,2016,7,0.047553230077028275,0.05002706125378609
fit_2015_2019,32 Santo Domingo,4,2016,8,0.02521762065589428,0.04759082943201065
fit_2015_2019,32 Santo Domingo,4,2016,9,0.029540643095970154,0.03463843837380409
fit_2015_2019,32 Santo Domingo,4,2016,10,0.02593812346458435,0.03285480663180351
fit_2015_2019,32 Santo Domingo,4,2016,11,0.030981648713350296,0.02922702394425869
fit_2015_2019,32 Santo Domingo,4,2016,12,0.02449711784720421,0.030735338106751442
fit_2015_2019,32 Santo Domingo,4,2016,13,0.02665862813591957,0.027764763683080673
fit_2015_2019,32 Santo Domingo,4,2016,14,0.01657157950103283,0.027438335120677948
fit_2015_2019,32 Santo Domingo,4,2016,15,0.02593812346458435,0.022728681564331055
fit_2015_2019,32 Santo Domingo,4,2016,16,0.022335607558488846,0.025778744369745255
fit_2015_2019,32 Santo Domingo,4,2016,17,0.010807551443576813,0.026752380654215813
fit_2015_2019,32 Santo Domingo,4,2016,18,0.019453594461083412,0.021733038127422333
fit_2015_2019,32 Santo Domingo,4,2016,19,0.014410069212317467,0.022016730159521103
fit_2015_2019,32 Santo Domingo,4,2016,20,0.01296906266361475,0.021532699465751648
fit_2015_2019,32 Santo Domingo,4,2016,21,0.021615102887153625,0.019257232546806335
fit_2015_2019,32 Santo Domingo,4,2016,22,0.023056110367178917,0.021440960466861725
fit_2015_2019,32 Santo Domingo,4,2016,23,0.029540643095970154,0.023901792243123055
fit_2015_2019,32 Santo Domingo,4,2016,24,0.03602517396211624,0.028761425986886024
fit_2015_2019,32 Santo Domingo,4,2016,25,0.038907188922166824,0.03476577624678612
fit_2015_2019,32 Santo Domingo,4,2016,26,0.028820138424634933,0.03946967050433159
fit_2015_2019,32 Santo Domingo,4,2016,27,0.022335607558488846,0.03758123517036438
fit_2015_2019,32 Santo Domingo,4,2016,28,0.020174097269773483,0.03285442665219307
fit_2015_2019,32 Santo Domingo,4,2016,29,0.020174097269773483,0.027816059067845345
fit_2015_2019,32 Santo Domingo,4,2016,30,0.007925538346171379,0.025813773274421692
fit_2015_2019,32 Santo Domingo,4,2016,31,0.007925538346171379,0.01676158607006073
fit_2015_2019,32 Santo Domingo,4,2016,32,0.008646040223538876,0.014066352508962154
fit_2015_2019,32 Santo Domingo,4,2016,33,0.006484530866146088,0.011530613526701927
fit_2015_2019,32 Santo Domingo,4,2016,34,0.007205034606158733,0.008375931531190872
fit_2015_2019,32 Santo Domingo,4,2016,35,0.008646040223538876,0.00653550960123539
fit_2015_2019,32 Santo Domingo,4,2016,36,0.004323022905737162,0.008181577548384666
fit_2015_2019,32 Santo Domingo,4,2016,37,0.0050435238517820835,0.005441355053335428
fit_2015_2019,32 Santo Domingo,4,2016,38,0.005764027126133442,0.00449210312217474
fit_2015_2019,32 Santo Domingo,4,2016,39,0.005764027126133442,0.005015535745769739
fit_2015_2019,32 Santo Domingo,4,2016,40,0.004323022905737162,0.005137482192367315
fit_2015_2019,32 Santo Domingo,4,2016,41,0.009366544894874096,0.005855086725205183
fit_2015_2019,32 Santo Domingo,4,2016,42,0.009366544894874096,0.007865898311138153
fit_2015_2019,32 Santo Domingo,4,2016,43,0.014410069212317467,0.0079706571996212
fit_2015_2019,32 Santo Domingo,4,2016,44,0.007205034606158733,0.01147769857198
fit_2015_2019,32 Santo Domingo,4,2016,45,0.0050435238517820835,0.008701435290277004
fit_2015_2019,32 Santo Domingo,4,2016,46,0.0021615109872072935,0.005780986975878477
fit_2015_2019,32 Santo Domingo,4,2016,47,0.011528056114912033,0.0030884542502462864
fit_2015_2019,32 Santo Domingo,4,2016,48,0.006484530866146088,0.007041685748845339
fit_2015_2019,32 Santo Domingo,4,2016,49,0.0021615109872072935,0.0070960563607513905
fit_2015_2019,32 Santo Domingo,4,2016,50,0.0036025187000632286,0.002420989563688636
fit_2015_2019,32 Santo Domingo,4,2016,51,0.004323022905737162,0.002674693241715431
fit_2015_2019,32 Santo Domingo,4,2016,52,0.0021615109872072935,0.004779339302331209
fit_2015_2019,32 Santo Domingo,4,2017,1,0.004949750378727913,0.004039869178086519
fit_2015_2019,32 Santo Domingo,4,2017,2,0.001414214028045535,0.004551277495920658
fit_2015_2019,32 Santo Domingo,4,2017,3,0.003535534255206585,0.0019628049340099096
fit_2015_2019,32 Santo Domingo,4,2017,4,0.0021213223226368427,0.0013538927305489779
fit_2015_2019,32 Santo Domingo,4,2017,5,0.004949750378727913,0.0006566153606399894
fit_2015_2019,32 Santo Domingo,4,2017,6,0.0021213223226368427,0.0010159665253013372
fit_2015_2019,32 Santo Domingo,4,2017,7,0.002828429453074932,0.0003858990385197103
fit_2015_2019,32 Santo Domingo,4,2017,8,0.003535534255206585,0.000702568213455379
fit_2015_2019,32 Santo Domingo,4,2017,9,0.005656856577843428,0.0015577649464830756
fit_2015_2019,32 Santo Domingo,4,2017,10,0.0021213223226368427,0.0036549516953527927
fit_2015_2019,32 Santo Domingo,4,2017,11,0.004242642316967249,0.0026512062177062035
fit_2015_2019,32 Santo Domingo,4,2017,12,0.002828429453074932,0.002002150984480977
fit_2015_2019,32 Santo Domingo,4,2017,13,0.003535534255206585,0.002037456026300788
fit_2015_2019,32 Santo Domingo,4,2017,14,0.004242642316967249,0.0018951761303469539
fit_2015_2019,32 Santo Domingo,4,2017,15,0.002828429453074932,0.00325856008566916
fit_2015_2019,32 Santo Domingo,4,2017,16,0.004949750378727913,0.0033116815611720085
fit_2015_2019,32 Santo Domingo,4,2017,17,0.002828429453074932,0.005664619151502848
fit_2015_2019,32 Santo Domingo,4,2017,18,0.007071069907397032,0.004896336235105991
fit_2015_2019,32 Santo Domingo,4,2017,19,0.009899497963488102,0.004331005271524191
fit_2015_2019,32 Santo Domingo,4,2017,20,0.012020820751786232,0.008723215200006962
fit_2015_2019,32 Santo Domingo,4,2017,21,0.005656856577843428,0.011053713038563728
fit_2015_2019,32 Santo Domingo,4,2017,22,0.005656856577843428,0.008214309811592102
fit_2015_2019,32 Santo Domingo,4,2017,23,0.005656856577843428,0.006495173554867506
fit_2015_2019,32 Santo Domingo,4,2017,24,0.0077781761065125465,0.006602789741009474
fit_2015_2019,32 Santo Domingo,4,2017,25,0.00636396324262023,0.007649456616491079
fit_2015_2019,32 Santo Domingo,4,2017,26,0.004242642316967249,0.008392383344471455
fit_2015_2019,32 Santo Domingo,4,2017,27,0.002828429453074932,0.007394419051706791
fit_2015_2019,32 Santo Domingo,4,2017,28,0.007071069907397032,0.005887535400688648
fit_2015_2019,32 Santo Domingo,4,2017,29,0.002828429453074932,0.007232059724628925
fit_2015_2019,32 Santo Domingo,4,2017,30,0.0077781761065125465,0.004670537076890469
fit_2015_2019,32 Santo Domingo,4,2017,31,0.005656856577843428,0.006472969427704811
fit_2015_2019,32 Santo Domingo,4,2017,32,0.008485284633934498,0.005573673639446497
fit_2015_2019,32 Santo Domingo,4,2017,33,0.0077781761065125465,0.007217131555080414
fit_2015_2019,32 Santo Domingo,4,2017,34,0.003535534255206585,0.007258010562509298
fit_2015_2019,32 Santo Domingo,4,2017,35,0.007071069907397032,0.005509018898010254
fit_2015_2019,32 Santo Domingo,4,2017,36,0.004242642316967249,0.006197324488312006
fit_2015_2019,32 Santo Domingo,4,2017,37,0.003535534255206585,0.0053064338862895966
fit_2015_2019,32 Santo Domingo,4,2017,38,0.0077781761065125465,0.004382086452096701
fit_2015_2019,32 Santo Domingo,4,2017,39,0.010606605559587479,0.006278416607528925
fit_2015_2019,32 Santo Domingo,4,2017,40,0.012727925553917885,0.009747982025146484
fit_2015_2019,32 Santo Domingo,4,2017,41,0.007071069907397032,0.011342011392116547
fit_2015_2019,32 Santo Domingo,4,2017,42,0.005656856577843428,0.008089927956461906
fit_2015_2019,32 Santo Domingo,4,2017,43,0.002828429453074932,0.006406059488654137
fit_2015_2019,32 Santo Domingo,4,2017,44,0.0021213223226368427,0.004331362433731556
fit_2015_2019,32 Santo Domingo,4,2017,45,0.002828429453074932,0.0026236223056912422
fit_2015_2019,32 Santo Domingo,4,2017,46,0.004949750378727913,0.0028988185804337263
fit_2015_2019,32 Santo Domingo,4,2017,47,0.003535534255206585,0.002600539941340685
fit_2015_2019,32 Santo Domingo,4,2017,48,0.004242642316967249,0.0016577111091464758
fit_2015_2019,32 Santo Domingo,4,2017,49,0.003535534255206585,0.0009157563908956945
fit_2015_2019,32 Santo Domingo,4,2017,50,0.001414214028045535,0.0026512884069234133
fit_2015_2019,32 Santo Domingo,4,2017,51,0.0007071088184602559,0.0003834692179225385
fit_2015_2019,32 Santo Domingo,4,2017,52,0.0,0.00035634651430882514
fit_2015_2019,32 Santo Domingo,4,2018,1,0.0020819902420043945,0.0009352465276606381
fit_2015_2019,32 Santo Domingo,4,2018,2,0.0027759908698499203,0.002105784835293889
fit_2015_2019,32 Santo Domingo,4,2018,3,0.0034699863754212856,0.0010975620243698359
fit_2015_2019,32 Santo Domingo,4,2018,4,0.0013879960170015693,0.0008158769342117012
fit_2015_2019,32 Santo Domingo,4,2018,5,0.0013879960170015693,6.006465991958976e-05
fit_2015_2019,32 Santo Domingo,4,2018,6,0.000693997775670141,-0.0007610291941091418
fit_2015_2019,32 Santo Domingo,4,2018,7,0.006245975848287344,-0.0006017177947796881
fit_2015_2019,32 Santo Domingo,4,2018,8,0.0034699863754212856,0.002058614045381546
fit_2015_2019,32 Santo Domingo,4,2018,9,0.0020819902420043945,0.0019092956790700555
fit_2015_2019,32 Santo Domingo,4,2018,10,0.006939972285181284,0.0009641039068810642
fit_2015_2019,32 Santo Domingo,4,2018,11,0.005551978945732117,0.0029306430369615555
fit_2015_2019,32 Santo Domingo,4,2018,12,0.0,0.002747342688962817
fit_2015_2019,32 Santo Domingo,4,2018,13,0.0020819902420043945,0.00027608583332039416
fit_2015_2019,32 Santo Domingo,4,2018,14,0.0034699863754212856,0.00021768122678622603
fit_2015_2019,32 Santo Domingo,4,2018,15,0.004163985140621662,0.0013471855781972408
fit_2015_2019,32 Santo Domingo,4,2018,16,0.004163985140621662,0.0029868371784687042
fit_2015_2019,32 Santo Domingo,4,2018,17,0.0020819902420043945,0.0036525102332234383
fit_2015_2019,32 Santo Domingo,4,2018,18,0.0034699863754212856,0.0031292010098695755
fit_2015_2019,32 Santo Domingo,4,2018,19,0.004163985140621662,0.0023813543375581503
fit_2015_2019,32 Santo Domingo,4,2018,20,0.005551978945732117,0.004651165101677179
fit_2015_2019,32 Santo Domingo,4,2018,21,0.0027759908698499203,0.005118288565427065
fit_2015_2019,32 Santo Domingo,4,2018,22,0.004163985140621662,0.0028165196999907494
fit_2015_2019,32 Santo Domingo,4,2018,23,0.0020819902420043945,0.002774406922981143
fit_2015_2019,32 Santo Domingo,4,2018,24,0.0034699863754212856,0.0022318309638649225
fit_2015_2019,32 Santo Domingo,4,2018,25,0.0027759908698499203,0.00319431209936738
fit_2015_2019,32 Santo Domingo,4,2018,26,0.0034699863754212856,0.0032935431227087975
fit_2015_2019,32 Santo Domingo,4,2018,27,0.004857982974499464,0.00417113583534956
fit_2015_2019,32 Santo Domingo,4,2018,28,0.0027759908698499203,0.005799400620162487
fit_2015_2019,32 Santo Domingo,4,2018,29,0.0020819902420043945,0.0048179179430007935
fit_2015_2019,32 Santo Domingo,4,2018,30,0.000693997775670141,0.003419506596401334
fit_2015_2019,32 Santo Domingo,4,2018,31,0.005551978945732117,0.0016414942219853401
fit_2015_2019,32 Santo Domingo,4,2018,32,0.0034699863754212856,0.003696005791425705
fit_2015_2019,32 Santo Domingo,4,2018,33,0.0027759908698499203,0.0037848721258342266
fit_2015_2019,32 Santo Domingo,4,2018,34,0.006939972285181284,0.0037929716054350138
fit_2015_2019,32 Santo Domingo,4,2018,35,0.0027759908698499203,0.006281826179474592
fit_2015_2019,32 Santo Domingo,4,2018,36,0.004163985140621662,0.00454504881054163
fit_2015_2019,32 Santo Domingo,4,2018,37,0.005551978945732117,0.005898760166019201
fit_2015_2019,32 Santo Domingo,4,2018,38,0.004857982974499464,0.007594412192702293
fit_2015_2019,32 Santo Domingo,4,2018,39,0.005551978945732117,0.008065305650234222
fit_2015_2019,32 Santo Domingo,4,2018,40,0.004857982974499464,0.008604714646935463
fit_2015_2019,32 Santo Domingo,4,2018,41,0.007633970119059086,0.007407043594866991
fit_2015_2019,32 Santo Domingo,4,2018,42,0.00971596222370863,0.009874347597360611
fit_2015_2019,32 Santo Domingo,4,2018,43,0.011797952465713024,0.011105486191809177
fit_2015_2019,32 Santo Domingo,4,2018,44,0.008327965624630451,0.011848656460642815
fit_2015_2019,32 Santo Domingo,4,2018,45,0.015267941169440746,0.009508977644145489
fit_2015_2019,32 Santo Domingo,4,2018,46,0.013879946433007717,0.01417161151766777
fit_2015_2019,32 Santo Domingo,4,2018,47,0.013185949064791203,0.015017966739833355
fit_2015_2019,32 Santo Domingo,4,2018,48,0.015267941169440746,0.014512329362332821
fit_2015_2019,32 Santo Domingo,4,2018,49,0.013185949064791203,0.017184840515255928
fit_2015_2019,32 Santo Domingo,4,2018,50,0.015267941169440746,0.014656021259725094
fit_2015_2019,32 Santo Domingo,4,2018,51,0.010409957729279995,0.015654470771551132
fit_2015_2019,32 Santo Domingo,4,2018,52,0.00902196392416954,0.014514481648802757
fit_2015_2019,32 Santo Domingo,4,2019,1,0.025904053822159767,0.013653363101184368
fit_2015_2019,32 Santo Domingo,4,2019,2,0.01908719725906849,0.022048650309443474
fit_2015_2019,32 Santo Domingo,4,2019,3,0.016360454261302948,0.020340902730822563
fit_2015_2019,32 Santo Domingo,4,2019,4,0.01908719725906849,0.0168153103441
fit_2015_2019,32 Santo Domingo,4,2019,5,0.02181394025683403,0.017148755490779877
fit_2015_2019,32 Santo Domingo,4,2019,6,0.02794910967350006,0.01837148144841194
fit_2015_2019,32 Santo Domingo,4,2019,7,0.017723824828863144,0.023161595687270164
fit_2015_2019,32 Santo Domingo,4,2019,8,0.01840551197528839,0.019993551075458527
fit_2015_2019,32 Santo Domingo,4,2019,9,0.02522236853837967,0.019565869122743607
fit_2015_2019,32 Santo Domingo,4,2019,10,0.0313575379550457,0.023496441543102264
fit_2015_2019,32 Santo Domingo,4,2019,11,0.0313575379550457,0.028147714212536812
fit_2015_2019,32 Santo Domingo,4,2019,12,0.016360454261302948,0.02912193164229393
fit_2015_2019,32 Santo Domingo,4,2019,13,0.028630796819925308,0.021922890096902847
fit_2015_2019,32 Santo Domingo,4,2019,14,0.025904053822159767,0.02659790590405464
fit_2015_2019,32 Santo Domingo,4,2019,15,0.0313575379550457,0.0264419037848711
fit_2015_2019,32 Santo Domingo,4,2019,16,0.01840551197528839,0.030120085924863815
fit_2015_2019,32 Santo Domingo,4,2019,17,0.02454068325459957,0.025285758078098297
fit_2015_2019,32 Santo Domingo,4,2019,18,0.04294619336724281,0.026920190081000328
fit_2015_2019,32 Santo Domingo,4,2019,19,0.04430956393480301,0.036368753761053085
fit_2015_2019,32 Santo Domingo,4,2019,20,0.042264506220817566,0.04441675916314125
fit_2015_2019,32 Santo Domingo,4,2019,21,0.057943280786275864,0.046450790017843246
fit_2015_2019,32 Santo Domingo,4,2019,22,0.06476013362407684,0.05465085804462433
fit_2015_2019,32 Santo Domingo,4,2019,23,0.06953193247318268,0.06364144384860992
fit_2015_2019,32 Santo Domingo,4,2019,24,0.05930665135383606,0.0712541937828064
fit_2015_2019,32 Santo Domingo,4,2019,25,0.06476013362407684,0.07040568441152573
fit_2015_2019,32 Santo Domingo,4,2019,26,0.08657407015562057,0.07380972057580948
fit_2015_2019,32 Santo Domingo,4,2019,27,0.12883858382701874,0.08844800293445587
fit_2015_2019,32 Santo Domingo,4,2019,28,0.16496792435646057,0.12055450677871704
fit_2015_2019,32 Santo Domingo,4,2019,29,0.14928914606571198,0.1554243564605713
fit_2015_2019,32 Santo Domingo,4,2019,30,0.19291701912879944,0.1641097366809845
fit_2015_2019,32 Santo Domingo,4,2019,31,0.19700713455677032,0.1902250349521637
fit_2015_2019,32 Santo Domingo,4,2019,32,0.1751932054758072,0.20008397102355957
fit_2015_2019,32 Santo Domingo,4,2019,33,0.19905218482017517,0.1923988312482834
fit_2015_2019,32 Santo Domingo,4,2019,34,0.20177893340587616,0.19576340913772583
fit_2015_2019,32 Santo Domingo,4,2019,35,0.1779199242591858,0.19437609612941742
fit_2015_2019,32 Santo Domingo,4,2019,36,0.17042140662670135,0.17902831733226776
fit_2015_2019,32 Santo Domingo,4,2019,37,0.16905802488327026,0.1697615385055542
fit_2015_2019,32 Santo Domingo,4,2019,38,0.154060959815979,0.16375498473644257
fit_2015_2019,32 Santo Domingo,4,2019,39,0.13361038267612457,0.15521912276744843
fit_2015_2019,32 Santo Domingo,4,2019,40,0.16428622603416443,0.13911451399326324
fit_2015_2019,32 Santo Domingo,4,2019,41,0.14928914606571198,0.14876826107501984
fit_2015_2019,32 Santo Domingo,4,2019,42,0.11997666954994202,0.14123877882957458
fit_2015_2019,32 Santo Domingo,4,2019,43,0.09475430101156235,0.12171096354722977
fit_2015_2019,32 Santo Domingo,4,2019,44,0.09066419303417206,0.09780164062976837
fit_2015_2019,32 Santo Domingo,4,2019,45,0.08316564559936523,0.08651601523160934
fit_2015_2019,32 Santo Domingo,4,2019,46,0.057943280786275864,0.0782385990023613
fit_2015_2019,32 Santo Domingo,4,2019,47,0.07430373132228851,0.062208112329244614
fit_2015_2019,32 Santo Domingo,4,2019,48,0.049081362783908844,0.06591521948575974
fit_2015_2019,32 Santo Domingo,4,2019,49,0.05726158991456032,0.05302722379565239
fit_2015_2019,32 Santo Domingo,4,2019,50,0.0627150759100914,0.05518465116620064
fit_2015_2019,32 Santo Domingo,4,2019,51,0.030675852671265602,0.05688830092549324
fit_2015_2019,32 Santo Domingo,4,2019,52,0.0313575379550457,0.04100535437464714
test_2022_2023,01 Distrito Nacional,4,2022,5,0.01289663277566433,0.017962224781513214
test_2022_2023,01 Distrito Nacional,4,2022,6,0.01289663277566433,0.0120687922462821
test_2022_2023,01 Distrito Nacional,4,2022,7,0.011054256930947304,0.009621241129934788
test_2022_2023,01 Distrito Nacional,4,2022,8,0.009211881086230278,0.009801067411899567
test_2022_2023,01 Distrito Nacional,4,2022,9,0.007369506172835827,0.007509780116379261
test_2022_2023,01 Distrito Nacional,4,2022,10,0.02026614174246788,0.0056898645125329494
test_2022_2023,01 Distrito Nacional,4,2022,11,0.009211881086230278,0.01369077805429697
test_2022_2023,01 Distrito Nacional,4,2022,12,0.023950889706611633,0.006955611053854227
test_2022_2023,01 Distrito Nacional,4,2022,13,0.02026614174246788,0.01606067083775997
test_2022_2023,01 Distrito Nacional,4,2022,14,0.01473900955170393,0.017194947227835655
test_2022_2023,01 Distrito Nacional,4,2022,15,0.01473900955170393,0.012589355930685997
test_2022_2023,01 Distrito Nacional,4,2022,16,0.007369506172835827,0.012284871190786362
test_2022_2023,01 Distrito Nacional,4,2022,17,0.009211881086230278,0.007666365243494511
test_2022_2023,01 Distrito Nacional,4,2022,18,0.009211881086230278,0.007297577802091837
test_2022_2023,01 Distrito Nacional,4,2022,19,0.01473900955170393,0.0061596352607011795
test_2022_2023,01 Distrito Nacional,4,2022,20,0.011054256930947304,0.009060745127499104
test_2022_2023,01 Distrito Nacional,4,2022,21,0.01473900955170393,0.00889880396425724
test_2022_2023,01 Distrito Nacional,4,2022,22,0.011054256930947304,0.01134545262902975
test_2022_2023,01 Distrito Nacional,4,2022,23,0.009211881086230278,0.009531660005450249
test_2022_2023,01 Distrito Nacional,4,2022,24,0.01473900955170393,0.007681647315621376
test_2022_2023,01 Distrito Nacional,4,2022,25,0.01658138446509838,0.011584077030420303
test_2022_2023,01 Distrito Nacional,4,2022,26,0.003684751223772764,0.014269867911934853
test_2022_2023,01 Distrito Nacional,4,2022,27,0.011054256930947304,0.004898632876574993
test_2022_2023,01 Distrito Nacional,4,2022,28,0.01473900955170393,0.009171774610877037
test_2022_2023,01 Distrito Nacional,4,2022,29,0.03684752434492111,0.012075242586433887
test_2022_2023,01 Distrito Nacional,4,2022,30,0.01289663277566433,0.026563454419374466
test_2022_2023,01 Distrito Nacional,4,2022,31,0.02579326555132866,0.016401557251811028
test_2022_2023,01 Distrito Nacional,4,2022,32,0.023950889706611633,0.02220429852604866
test_2022_2023,01 Distrito Nacional,4,2022,33,0.018423760309815407,0.023422719910740852
test_2022_2023,01 Distrito Nacional,4,2022,34,0.01658138446509838,0.01950371079146862
test_2022_2023,01 Distrito Nacional,4,2022,35,0.04974415525794029,0.01613044925034046
test_2022_2023,01 Distrito Nacional,4,2022,36,0.040532276034355164,0.03911953046917915
test_2022_2023,01 Distrito Nacional,4,2022,37,0.044217027723789215,0.038240496069192886
test_2022_2023,01 Distrito Nacional,4,2022,38,0.044217027723789215,0.04101286455988884
test_2022_2023,01 Distrito Nacional,4,2022,39,0.031320393085479736,0.0414857342839241
test_2022_2023,01 Distrito Nacional,4,2022,40,0.05895603820681572,0.031126923859119415
test_2022_2023,01 Distrito Nacional,4,2022,41,0.05342891067266464,0.04739983752369881
test_2022_2023,01 Distrito Nacional,4,2022,42,0.027635643258690834,0.04710228368639946
test_2022_2023,01 Distrito Nacional,4,2022,43,0.05158653482794762,0.028877178207039833
test_2022_2023,01 Distrito Nacional,4,2022,44,0.05158653482794762,0.04129648953676224
test_2022_2023,01 Distrito Nacional,4,2022,45,0.023950889706611633,0.04454733431339264
test_2022_2023,01 Distrito Nacional,4,2022,46,0.02579326555132866,0.02457457222044468
test_2022_2023,01 Distrito Nacional,4,2022,47,0.023950889706611633,0.02190626598894596
test_2022_2023,01 Distrito Nacional,4,2022,48,0.02579326555132866,0.020620478317141533
test_2022_2023,01 Distrito Nacional,4,2022,49,0.027635643258690834,0.022851185873150826
test_2022_2023,01 Distrito Nacional,4,2022,50,0.02947801910340786,0.022328147664666176
test_2022_2023,01 Distrito Nacional,4,2022,51,0.005527128465473652,0.02313316985964775
test_2022_2023,01 Distrito Nacional,4,2022,52,0.011054256930947304,0.007261020131409168
test_2022_2023,01 Distrito Nacional,4,2023,1,0.027458319440484047,0.007961420342326164
test_2022_2023,01 Distrito Nacional,4,2023,2,0.016474992036819458,0.020980535075068474
test_2022_2023,01 Distrito Nacional,4,2023,3,0.016474992036819458,0.01398254744708538
test_2022_2023,01 Distrito Nacional,4,2023,4,0.02013610117137432,0.012728133238852024
test_2022_2023,01 Distrito Nacional,4,2023,5,0.014644437469542027,0.0160956010222435
test_2022_2023,01 Distrito Nacional,4,2023,6,0.018305547535419464,0.0121694291010499
test_2022_2023,01 Distrito Nacional,4,2023,7,0.009152772836387157,0.012884240597486496
test_2022_2023,01 Distrito Nacional,4,2023,8,0.001830556313507259,0.008704541251063347
test_2022_2023,01 Distrito Nacional,4,2023,9,0.00549166277050972,0.001262335805222392
test_2022_2023,01 Distrito Nacional,4,2023,10,0.010983327403664589,0.0022752350196242332
test_2022_2023,01 Distrito Nacional,4,2023,11,0.023797210305929184,0.006985763553529978
test_2022_2023,01 Distrito Nacional,4,2023,12,0.007322218734771013,0.01715310476720333
test_2022_2023,01 Distrito Nacional,4,2023,13,0.009152772836387157,0.008375371806323528
test_2022_2023,01 Distrito Nacional,4,2023,14,0.009152772836387157,0.007694495376199484
test_2022_2023,01 Distrito Nacional,4,2023,15,0.00549166277050972,0.008697356097400188
test_2022_2023,01 Distrito Nacional,4,2023,16,0.007322218734771013,0.006242203060537577
test_2022_2023,01 Distrito Nacional,4,2023,17,0.001830556313507259,0.006470106542110443
test_2022_2023,01 Distrito Nacional,4,2023,18,0.016474992036819458,0.004178196657449007
test_2022_2023,01 Distrito Nacional,4,2023,19,0.012813882902264595,0.011888989247381687
test_2022_2023,01 Distrito Nacional,4,2023,20,0.009152772836387157,0.013716998510062695
test_2022_2023,01 Distrito Nacional,4,2023,21,0.021966656669974327,0.011920562013983727
test_2022_2023,01 Distrito Nacional,4,2023,22,0.010983327403664589,0.019471125677227974
test_2022_2023,01 Distrito Nacional,4,2023,23,0.016474992036819458,0.013720857910811901
test_2022_2023,01 Distrito Nacional,4,2023,24,0.014644437469542027,0.016702335327863693
test_2022_2023,01 Distrito Nacional,4,2023,25,0.032949984073638916,0.01666855625808239
test_2022_2023,01 Distrito Nacional,4,2023,26,0.054916638880968094,0.029717866331338882
test_2022_2023,01 Distrito Nacional,4,2023,27,0.07688330113887787,0.04867670685052872
test_2022_2023,01 Distrito Nacional,4,2023,28,0.043933309614658356,0.07070454955101013
test_2022_2023,01 Distrito Nacional,4,2023,29,0.07871384918689728,0.05611002817749977
test_2022_2023,01 Distrito Nacional,4,2023,30,0.10251106321811676,0.07414542883634567
test_2022_2023,01 Distrito Nacional,4,2023,31,0.1134943887591362,0.09736388921737671
test_2022_2023,01 Distrito Nacional,4,2023,32,0.13546104729175568,0.11426372081041336
test_2022_2023,01 Distrito Nacional,4,2023,33,0.13179993629455566,0.13494770228862762
test_2022_2023,01 Distrito Nacional,4,2023,34,0.21051377058029175,0.1387326717376709
test_2022_2023,01 Distrito Nacional,4,2023,35,0.32034704089164734,0.1939314901828766
test_2022_2023,01 Distrito Nacional,4,2023,36,0.3770942687988281,0.290587455034256
test_2022_2023,01 Distrito Nacional,4,2023,37,0.27458319067955017,0.3723789155483246
test_2022_2023,01 Distrito Nacional,4,2023,38,0.001830556313507259,0.33496037125587463
test_2022_2023,02 Azua,3,2022,5,0.026160143315792084,-0.0013275155797600746
test_2022_2023,02 Azua,3,2022,6,0.01744009554386139,0.024196552112698555
test_2022_2023,02 Azua,3,2022,7,0.00872004684060812,0.014728044159710407
test_2022_2023,02 Azua,3,2022,8,0.0,0.009439920075237751
test_2022_2023,02 Azua,3,2022,9,0.04360023885965347,0.0007950171129778028
test_2022_2023,02 Azua,3,2022,10,0.01744009554386139,0.0367937870323658
test_2022_2023,02 Azua,3,2022,11,0.0,0.013248187489807606
test_2022_2023,02 Azua,3,2022,12,0.04360023885965347,-0.003924980293959379
test_2022_2023,02 Azua,3,2022,13,0.0,0.03532952442765236
test_2022_2023,02 Azua,3,2022,14,0.01744009554386139,-0.0010612262412905693
test_2022_2023,02 Azua,3,2022,15,0.0,0.009234916418790817
test_2022_2023,02 Azua,3,2022,16,0.026160143315792084,-0.002826221054419875
test_2022_2023,02 Azua,3,2022,17,0.052320290356874466,0.01842026598751545
test_2022_2023,02 Azua,3,2022,18,0.0,0.044018153101205826
test_2022_2023,02 Azua,3,2022,19,0.0,0.000632847601082176
test_2022_2023,02 Azua,3,2022,20,0.00872004684060812,-0.002343683037906885
test_2022_2023,02 Azua,3,2022,21,0.026160143315792084,0.002617153339087963
test_2022_2023,02 Azua,3,2022,22,0.01744009554386139,0.022603271529078484
test_2022_2023,02 Azua,3,2022,23,0.03488019481301308,0.016815776005387306
test_2022_2023,02 Azua,3,2022,24,0.03488019481301308,0.028295988216996193
test_2022_2023,02 Azua,3,2022,25,0.03488019481301308,0.030445532873272896
test_2022_2023,02 Azua,3,2022,26,0.052320290356874466,0.031488869339227676
test_2022_2023,02 Azua,3,2022,27,0.04360023885965347,0.04576995223760605
test_2022_2023,02 Azua,3,2022,28,0.026160143315792084,0.040598321706056595
test_2022_2023,02 Azua,3,2022,29,0.052320290356874466,0.022724412381649017
test_2022_2023,02 Azua,3,2022,30,0.06976038217544556,0.04034070298075676
test_2022_2023,02 Azua,3,2022,31,0.052320290356874466,0.060943637043237686
test_2022_2023,02 Azua,3,2022,32,0.00872004684060812,0.0463532954454422
test_2022_2023,02 Azua,3,2022,33,0.03488019481301308,0.007523250766098499
test_2022_2023,02 Azua,3,2022,34,0.026160143315792084,0.026749109849333763
test_2022_2023,02 Azua,3,2022,35,0.026160143315792084,0.021275822073221207
test_2022_2023,02 Azua,3,2022,36,0.03488019481301308,0.02080433815717697
test_2022_2023,02 Azua,3,2022,37,0.026160143315792084,0.03069501556456089
test_2022_2023,02 Azua,3,2022,38,0.01744009554386139,0.025222692638635635
test_2022_2023,02 Azua,3,2022,39,0.12208067625761032,0.014460929669439793
test_2022_2023,02 Azua,3,2022,40,0.04360023885965347,0.10458645969629288
test_2022_2023,02 Azua,3,2022,41,0.03488019481301308,0.04206869751214981
test_2022_2023,02 Azua,3,2022,42,0.052320290356874466,0.02887462079524994
test_2022_2023,02 Azua,3,2022,43,0.01744009554386139,0.0438510924577713
test_2022_2023,02 Azua,3,2022,44,0.04360023885965347,0.012569703161716461
test_2022_2023,02 Azua,3,2022,45,0.06976038217544556,0.036097362637519836
test_2022_2023,02 Azua,3,2022,46,0.052320290356874466,0.05859619379043579
test_2022_2023,02 Azua,3,2022,47,0.07848043739795685,0.04100675508379936
test_2022_2023,02 Azua,3,2022,48,0.01744009554386139,0.06341324001550674
test_2022_2023,02 Azua,3,2022,49,0.03488019481301308,0.011913254857063293
test_2022_2023,02 Azua,3,2022,50,0.01744009554386139,0.030681684613227844
test_2022_2023,02 Azua,3,2022,51,0.01744009554386139,0.01258978620171547
test_2022_2023,02 Azua,3,2022,52,0.026160143315792084,0.012663707137107849
test_2022_2023,02 Azua,3,2023,1,0.04349523037672043,0.022287756204605103
test_2022_2023,02 Azua,3,2023,2,0.06089332327246666,0.03653941676020622
test_2022_2023,02 Azua,3,2023,3,0.0,0.04511219635605812
test_2022_2023,02 Azua,3,2023,4,0.008699045516550541,-0.00586415221914649
test_2022_2023,02 Azua,3,2023,5,0.0,0.0064009553752839565
test_2022_2023,02 Azua,3,2023,6,0.03479618579149246,0.003257973352447152
test_2022_2023,02 Azua,3,2023,7,0.0,0.029842451214790344
test_2022_2023,02 Azua,3,2023,8,0.03479618579149246,0.0013772896490991116
test_2022_2023,02 Azua,3,2023,9,0.026097139343619347,0.02823755331337452
test_2022_2023,02 Azua,3,2023,10,0.026097139343619347,0.020301999524235725
test_2022_2023,02 Azua,3,2023,11,0.008699045516550541,0.0191175639629364
test_2022_2023,02 Azua,3,2023,12,0.01739809289574623,0.00570218451321125
test_2022_2023,02 Azua,3,2023,13,0.008699045516550541,0.012892425060272217
test_2022_2023,02 Azua,3,2023,14,0.01739809289574623,0.008850899524986744
test_2022_2023,02 Azua,3,2023,15,0.01739809289574623,0.015780191868543625
test_2022_2023,02 Azua,3,2023,16,0.008699045516550541,0.015396788716316223
test_2022_2023,02 Azua,3,2023,17,0.008699045516550541,0.007317699026316404
test_2022_2023,02 Azua,3,2023,18,0.026097139343619347,0.00910404697060585
test_2022_2023,02 Azua,3,2023,19,0.026097139343619347,0.022925369441509247
test_2022_2023,02 Azua,3,2023,20,0.0,0.028803201392292976
test_2022_2023,02 Azua,3,2023,21,0.0,0.005765608046203852
test_2022_2023,02 Azua,3,2023,22,0.01739809289574623,0.0008289373363368213
test_2022_2023,02 Azua,3,2023,23,0.03479618579149246,0.015309460461139679
test_2022_2023,02 Azua,3,2023,24,0.026097139343619347,0.03554350137710571
test_2022_2023,02 Azua,3,2023,25,0.06089332327246666,0.03141579404473305
test_2022_2023,02 Azua,3,2023,26,0.01739809289574623,0.06122080981731415
test_2022_2023,02 Azua,3,2023,27,0.06089332327246666,0.030126728117465973
test_2022_2023,02 Azua,3,2023,28,0.13048569858074188,0.059961091727018356
test_2022_2023,02 Azua,3,2023,29,0.05219427868723869,0.12496377527713776
test_2022_2023,02 Azua,3,2023,30,0.026097139343619347,0.06279455870389938
test_2022_2023,02 Azua,3,2023,31,0.05219427868723869,0.03493660315871239
test_2022_2023,02 Azua,3,2023,32,0.08699046075344086,0.05281790345907211
test_2022_2023,02 Azua,3,2023,33,0.06959237158298492,0.08753446489572525
test_2022_2023,02 Azua,3,2023,34,0.03479618579149246,0.07825606316328049
test_2022_2023,02 Azua,3,2023,35,0.11308760195970535,0.04400188848376274
test_2022_2023,02 Azua,3,2023,36,0.2000780701637268,0.11504987627267838
test_2022_2023,02 Azua,3,2023,37,0.05219427868723869,0.20097094774246216
test_2022_2023,02 Azua,3,2023,38,0.0,0.09574903547763824
test_2022_2023,04 Barahona,2,2022,5,0.010288716293871403,-0.004377089440822601
test_2022_2023,04 Barahona,2,2022,6,0.010288716293871403,0.015336034819483757
test_2022_2023,04 Barahona,2,2022,7,0.030866147950291634,0.009094368666410446
test_2022_2023,04 Barahona,2,2022,8,0.0,0.022643378004431725
test_2022_2023,04 Barahona,2,2022,9,0.010288716293871403,-0.0015609028050675988
test_2022_2023,04 Barahona,2,2022,10,0.04115486517548561,0.006522770039737225
test_2022_2023,04 Barahona,2,2022,11,0.010288716293871403,0.03568745404481888
test_2022_2023,04 Barahona,2,2022,12,0.04115486517548561,0.005415763705968857
test_2022_2023,04 Barahona,2,2022,13,0.020577430725097656,0.032305724918842316
test_2022_2023,04 Barahona,2,2022,14,0.010288716293871403,0.016959210857748985
test_2022_2023,04 Barahona,2,2022,15,0.0,0.0032143660355359316
test_2022_2023,04 Barahona,2,2022,16,0.020577430725097656,-0.004540686961263418
test_2022_2023,04 Barahona,2,2022,17,0.0,0.014347435906529427
test_2022_2023,04 Barahona,2,2022,18,0.05144358053803444,0.0010047346586361527
test_2022_2023,04 Barahona,2,2022,19,0.0,0.03558414801955223
test_2022_2023,04 Barahona,2,2022,20,0.0,-0.003700537607073784
test_2022_2023,04 Barahona,2,2022,21,0.010288716293871403,-0.0031027987133711576
test_2022_2023,04 Barahona,2,2022,22,0.0,0.003883862402290106
test_2022_2023,04 Barahona,2,2022,23,0.04115486517548561,-0.0051150633953511715
test_2022_2023,04 Barahona,2,2022,24,0.010288716293871403,0.03262019529938698
test_2022_2023,04 Barahona,2,2022,25,0.030866147950291634,0.00806767214089632
test_2022_2023,04 Barahona,2,2022,26,0.010288716293871403,0.02283693477511406
test_2022_2023,04 Barahona,2,2022,27,0.030866147950291634,0.012356970459222794
test_2022_2023,04 Barahona,2,2022,28,0.020577430725097656,0.015690196305513382
test_2022_2023,04 Barahona,2,2022,29,0.05144358053803444,0.011684169992804527
test_2022_2023,04 Barahona,2,2022,30,0.05144358053803444,0.04854147881269455
test_2022_2023,04 Barahona,2,2022,31,0.0720210149884224,0.04428650811314583
test_2022_2023,04 Barahona,2,2022,32,0.1131758764386177,0.06110640615224838
test_2022_2023,04 Barahona,2,2022,33,0.08230972290039062,0.09968269616365433
test_2022_2023,04 Barahona,2,2022,34,0.030866147950291634,0.0703347697854042
test_2022_2023,04 Barahona,2,2022,35,0.05144358053803444,0.022304031997919083
test_2022_2023,04 Barahona,2,2022,36,0.06173229590058327,0.04832417890429497
test_2022_2023,04 Barahona,2,2022,37,0.020577430725097656,0.05629957467317581
test_2022_2023,04 Barahona,2,2022,38,0.05144358053803444,0.013521196320652962
test_2022_2023,04 Barahona,2,2022,39,0.030866147950291634,0.05095553770661354
test_2022_2023,04 Barahona,2,2022,40,0.030866147950291634,0.022902198135852814
test_2022_2023,04 Barahona,2,2022,41,0.06173229590058327,0.025110458955168724
test_2022_2023,04 Barahona,2,2022,42,0.06173229590058327,0.060036372393369675
test_2022_2023,04 Barahona,2,2022,43,0.13375331461429596,0.054415587335824966
test_2022_2023,04 Barahona,2,2022,44,0.030866147950291634,0.11962763965129852
test_2022_2023,04 Barahona,2,2022,45,0.06173229590058327,0.018374867737293243
test_2022_2023,04 Barahona,2,2022,46,0.10288716107606888,0.051874514669179916
test_2022_2023,04 Barahona,2,2022,47,0.05144358053803444,0.09152700006961823
test_2022_2023,04 Barahona,2,2022,48,0.06173229590058327,0.04085399582982063
test_2022_2023,04 Barahona,2,2022,49,0.09259843826293945,0.05458730086684227
test_2022_2023,04 Barahona,2,2022,50,0.010288716293871403,0.08221621811389923
test_2022_2023,04 Barahona,2,2022,51,0.010288716293871403,0.00042769144056364894
test_2022_2023,04 Barahona,2,2022,52,0.04115486517548561,0.008492042310535908
test_2022_2023,04 Barahona,2,2023,1,0.06171794235706329,0.032203834503889084
test_2022_2023,04 Barahona,2,2023,2,0.09257691353559494,0.0494532510638237
test_2022_2023,04 Barahona,2,2023,3,0.09257691353559494,0.0767117291688919
test_2022_2023,04 Barahona,2,2023,4,0.08229058980941772,0.0702158734202385
test_2022_2023,04 Barahona,2,2023,5,0.010286322794854641,0.05756198242306709
test_2022_2023,04 Barahona,2,2023,6,0.0,2.3827240511309355e-05
test_2022_2023,04 Barahona,2,2023,7,0.05143161863088608,-0.00906304456293583
test_2022_2023,04 Barahona,2,2023,8,0.030858973041176796,0.04025314003229141
test_2022_2023,04 Barahona,2,2023,9,0.030858973041176796,0.022261843085289
test_2022_2023,04 Barahona,2,2023,10,0.04114529490470886,0.017482507973909378
test_2022_2023,04 Barahona,2,2023,11,0.030858973041176796,0.03229871019721031
test_2022_2023,04 Barahona,2,2023,12,0.0,0.02444765344262123
test_2022_2023,04 Barahona,2,2023,13,0.030858973041176796,-0.005558656062930822
test_2022_2023,04 Barahona,2,2023,14,0.05143161863088608,0.024709491059184074
test_2022_2023,04 Barahona,2,2023,15,0.0,0.049870237708091736
test_2022_2023,04 Barahona,2,2023,16,0.010286322794854641,0.0009967172518372536
test_2022_2023,04 Barahona,2,2023,17,0.010286322794854641,0.005632863380014896
test_2022_2023,04 Barahona,2,2023,18,0.010286322794854641,0.012257557362318039
test_2022_2023,04 Barahona,2,2023,19,0.02057264745235443,0.010333596728742123
test_2022_2023,04 Barahona,2,2023,20,0.010286322794854641,0.02218439429998398
test_2022_2023,04 Barahona,2,2023,21,0.02057264745235443,0.014679384417831898
test_2022_2023,04 Barahona,2,2023,22,0.030858973041176796,0.021085208281874657
test_2022_2023,04 Barahona,2,2023,23,0.02057264745235443,0.033037327229976654
test_2022_2023,04 Barahona,2,2023,24,0.02057264745235443,0.026163408532738686
test_2022_2023,04 Barahona,2,2023,25,0.07200426608324051,0.02638578973710537
test_2022_2023,04 Barahona,2,2023,26,0.08229058980941772,0.07523283362388611
test_2022_2023,04 Barahona,2,2023,27,0.17486749589443207,0.09086691588163376
test_2022_2023,04 Barahona,2,2023,28,0.04114529490470886,0.16993550956249237
test_2022_2023,04 Barahona,2,2023,29,0.27773070335388184,0.053936634212732315
test_2022_2023,04 Barahona,2,2023,30,0.15429486334323883,0.2671847641468048
test_2022_2023,04 Barahona,2,2023,31,0.30858972668647766,0.1642170399427414
test_2022_2023,04 Barahona,2,2023,32,0.1954401582479477,0.2961529493331909
test_2022_2023,04 Barahona,2,2023,33,0.22629909217357635,0.1959012895822525
test_2022_2023,04 Barahona,2,2023,34,0.4423119127750397,0.22625677287578583
test_2022_2023,04 Barahona,2,2023,35,0.4525982439517975,0.4071577191352844
test_2022_2023,04 Barahona,2,2023,36,0.4423119127750397,0.4034182131290436
test_2022_2023,04 Barahona,2,2023,37,0.514316201210022,0.45460957288742065
test_2022_2023,04 Barahona,2,2023,38,0.0,0.4738379716873169
test_2022_2023,06 Duarte,0,2022,5,0.0,-0.00020560742996167392
test_2022_2023,06 Duarte,0,2022,6,0.0,-0.00284674484282732
test_2022_2023,06 Duarte,0,2022,7,0.019442541524767876,-0.004092191345989704
test_2022_2023,06 Duarte,0,2022,8,0.006480847019702196,0.011795823462307453
test_2022_2023,06 Duarte,0,2022,9,0.006480847019702196,0.003979286644607782
test_2022_2023,06 Duarte,0,2022,10,0.006480847019702196,0.002537738298997283
test_2022_2023,06 Duarte,0,2022,11,0.0,0.001999623840674758
test_2022_2023,06 Duarte,0,2022,12,0.0,-0.003133306512609124
test_2022_2023,06 Duarte,0,2022,13,0.0,-0.0029446182306855917
test_2022_2023,06 Duarte,0,2022,14,0.03240423649549484,-0.0022626512218266726
test_2022_2023,06 Duarte,0,2022,15,0.006480847019702196,0.021373359486460686
test_2022_2023,06 Duarte,0,2022,16,0.006480847019702196,0.003226781263947487
test_2022_2023,06 Duarte,0,2022,17,0.0,0.0010305473115295172
test_2022_2023,06 Duarte,0,2022,18,0.006480847019702196,-0.0034216605126857758
test_2022_2023,06 Duarte,0,2022,19,0.0,-0.0015011625364422798
test_2022_2023,06 Duarte,0,2022,20,0.006480847019702196,-0.00256109656766057
test_2022_2023,06 Duarte,0,2022,21,0.025923388078808784,0.0012831158237531781
test_2022_2023,06 Duarte,0,2022,22,0.0,0.019327912479639053
test_2022_2023,06 Duarte,0,2022,23,0.019442541524767876,0.0003223640669602901
test_2022_2023,06 Duarte,0,2022,24,0.03240423649549484,0.014345361851155758
test_2022_2023,06 Duarte,0,2022,25,0.025923388078808784,0.02783498913049698
test_2022_2023,06 Duarte,0,2022,26,0.006480847019702196,0.023003719747066498
test_2022_2023,06 Duarte,0,2022,27,0.019442541524767876,0.006466752849519253
test_2022_2023,06 Duarte,0,2022,28,0.025923388078808784,0.016123957931995392
test_2022_2023,06 Duarte,0,2022,29,0.025923388078808784,0.021487075835466385
test_2022_2023,06 Duarte,0,2022,30,0.019442541524767876,0.021138057112693787
test_2022_2023,06 Duarte,0,2022,31,0.06480847299098969,0.015979237854480743
test_2022_2023,06 Duarte,0,2022,32,0.019442541524767876,0.05292673036456108
test_2022_2023,06 Duarte,0,2022,33,0.019442541524767876,0.020273199304938316
test_2022_2023,06 Duarte,0,2022,34,0.025923388078808784,0.0161405298858881
test_2022_2023,06 Duarte,0,2022,35,0.0777701586484909,0.021651707589626312
test_2022_2023,06 Duarte,0,2022,36,0.2203487753868103,0.06323064118623734
test_2022_2023,06 Duarte,0,2022,37,0.1490594744682312,0.18542498350143433
test_2022_2023,06 Duarte,0,2022,38,0.19442540407180786,0.14142568409442902
test_2022_2023,06 Duarte,0,2022,39,0.18146370351314545,0.17459501326084137
test_2022_2023,06 Duarte,0,2022,40,0.18794456124305725,0.15337274968624115
test_2022_2023,06 Duarte,0,2022,41,0.17498287558555603,0.16405658423900604
test_2022_2023,06 Duarte,0,2022,42,0.18794456124305725,0.14795532822608948
test_2022_2023,06 Duarte,0,2022,43,0.09073185920715332,0.15668168663978577
test_2022_2023,06 Duarte,0,2022,44,0.12313608825206757,0.07646290957927704
test_2022_2023,06 Duarte,0,2022,45,0.08425100892782211,0.09886141121387482
test_2022_2023,06 Duarte,0,2022,46,0.09721270203590393,0.06571443378925323
test_2022_2023,06 Duarte,0,2022,47,0.05184677615761757,0.07983101904392242
test_2022_2023,06 Duarte,0,2022,48,0.09721270203590393,0.043509501963853836
test_2022_2023,06 Duarte,0,2022,49,0.0712893158197403,0.08204487711191177
test_2022_2023,06 Duarte,0,2022,50,0.05184677615761757,0.05968555063009262
test_2022_2023,06 Duarte,0,2022,51,0.019442541524767876,0.04404009133577347
test_2022_2023,06 Duarte,0,2022,52,0.019442541524767876,0.014745880849659443
test_2022_2023,06 Duarte,0,2023,1,0.03232342749834061,0.014115684665739536
test_2022_2023,06 Duarte,0,2023,2,0.025858739390969276,0.023104621097445488
test_2022_2023,06 Duarte,0,2023,3,0.025858739390969276,0.017578955739736557
test_2022_2023,06 Duarte,0,2023,4,0.025858739390969276,0.01721787266433239
test_2022_2023,06 Duarte,0,2023,5,0.012929370626807213,0.02040145732462406
test_2022_2023,06 Duarte,0,2023,6,0.012929370626807213,0.007779717445373535
test_2022_2023,06 Duarte,0,2023,7,0.006464685313403606,0.007377204950898886
test_2022_2023,06 Duarte,0,2023,8,0.012929370626807213,0.003128255717456341
test_2022_2023,06 Duarte,0,2023,9,0.006464685313403606,0.008030947297811508
test_2022_2023,06 Duarte,0,2023,10,0.03232342749834061,0.00366520369425416
test_2022_2023,06 Duarte,0,2023,11,0.012929370626807213,0.024047767743468285
test_2022_2023,06 Duarte,0,2023,12,0.006464685313403606,0.011969990096986294
test_2022_2023,06 Duarte,0,2023,13,0.006464685313403606,0.005164944566786289
test_2022_2023,06 Duarte,0,2023,14,0.006464685313403606,0.0067054759711027145
test_2022_2023,06 Duarte,0,2023,15,0.012929370626807213,0.006075998768210411
test_2022_2023,06 Duarte,0,2023,16,0.0,0.010909678414463997
test_2022_2023,06 Duarte,0,2023,17,0.012929370626807213,0.0014336840249598026
test_2022_2023,06 Duarte,0,2023,18,0.006464685313403606,0.011588998138904572
test_2022_2023,06 Duarte,0,2023,19,0.012929370626807213,0.005641755182296038
test_2022_2023,06 Duarte,0,2023,20,0.025858739390969276,0.013899807818233967
test_2022_2023,06 Duarte,0,2023,21,0.012929370626807213,0.023527218028903008
test_2022_2023,06 Duarte,0,2023,22,0.006464685313403606,0.016154536977410316
test_2022_2023,06 Duarte,0,2023,23,0.012929370626807213,0.010527594946324825
test_2022_2023,06 Duarte,0,2023,24,0.0,0.015650445595383644
test_2022_2023,06 Duarte,0,2023,25,0.012929370626807213,0.006577866151928902
test_2022_2023,06 Duarte,0,2023,26,0.04525279626250267,0.01647031493484974
test_2022_2023,06 Duarte,0,2023,27,0.025858739390969276,0.04283956065773964
test_2022_2023,06 Duarte,0,2023,28,0.006464685313403606,0.03196132555603981
test_2022_2023,06 Duarte,0,2023,29,0.0,0.014345644973218441
test_2022_2023,06 Duarte,0,2023,30,0.012929370626807213,0.006133962422609329
test_2022_2023,06 Duarte,0,2023,31,0.05171747878193855,0.015874091535806656
test_2022_2023,06 Duarte,0,2023,32,0.03232342749834061,0.04975824058055878
test_2022_2023,06 Duarte,0,2023,33,0.03232342749834061,0.037103429436683655
test_2022_2023,06 Duarte,0,2023,34,0.05171747878193855,0.0377565361559391
test_2022_2023,06 Duarte,0,2023,35,0.09697028249502182,0.05342279374599457
test_2022_2023,06 Duarte,0,2023,36,0.15515244007110596,0.0956716388463974
test_2022_2023,06 Duarte,0,2023,37,0.11636433005332947,0.15314914286136627
test_2022_2023,06 Duarte,0,2023,38,0.0,0.1350223869085312
test_2022_2023,08 El Seibo,2,2022,5,0.04115203768014908,0.036456599831581116
test_2022_2023,08 El Seibo,2,2022,6,0.0,0.02864851988852024
test_2022_2023,08 El Seibo,2,2022,7,0.0,-0.011829306371510029
test_2022_2023,08 El Seibo,2,2022,8,0.0,-0.006099259946495295
test_2022_2023,08 El Seibo,2,2022,9,0.02057601884007454,0.00046574362204410136
test_2022_2023,08 El Seibo,2,2022,10,0.02057601884007454,0.01701110042631626
test_2022_2023,08 El Seibo,2,2022,11,0.0,0.01220926083624363
test_2022_2023,08 El Seibo,2,2022,12,0.0,-0.006457740906625986
test_2022_2023,08 El Seibo,2,2022,13,0.0,-0.003213168354704976
test_2022_2023,08 El Seibo,2,2022,14,0.0,-0.0020250300876796246
test_2022_2023,08 El Seibo,2,2022,15,0.02057601884007454,-0.003886607475578785
test_2022_2023,08 El Seibo,2,2022,16,0.02057601884007454,0.013723686337471008
test_2022_2023,08 El Seibo,2,2022,17,0.0,0.013757233507931232
test_2022_2023,08 El Seibo,2,2022,18,0.0,-0.002845444716513157
test_2022_2023,08 El Seibo,2,2022,19,0.0,-0.0022593915928155184
test_2022_2023,08 El Seibo,2,2022,20,0.0,-0.005528174340724945
test_2022_2023,08 El Seibo,2,2022,21,0.0,-0.006934678182005882
test_2022_2023,08 El Seibo,2,2022,22,0.02057601884007454,-0.004386599175632
test_2022_2023,08 El Seibo,2,2022,23,0.0,0.012089639902114868
test_2022_2023,08 El Seibo,2,2022,24,0.0,0.0007377714500762522
test_2022_2023,08 El Seibo,2,2022,25,0.04115203768014908,-0.0035220389254391193
test_2022_2023,08 El Seibo,2,2022,26,0.02057601884007454,0.031537480652332306
test_2022_2023,08 El Seibo,2,2022,27,0.0,0.01716587133705616
test_2022_2023,08 El Seibo,2,2022,28,0.02057601884007454,-0.0014350761193782091
test_2022_2023,08 El Seibo,2,2022,29,0.0,0.01748363859951496
test_2022_2023,08 El Seibo,2,2022,30,0.08230406790971756,0.001977522624656558
test_2022_2023,08 El Seibo,2,2022,31,0.0,0.06689456105232239
test_2022_2023,08 El Seibo,2,2022,32,0.0,0.007459084037691355
test_2022_2023,08 El Seibo,2,2022,33,0.02057601884007454,0.0005213672993704677
test_2022_2023,08 El Seibo,2,2022,34,0.02057601884007454,0.015237754210829735
test_2022_2023,08 El Seibo,2,2022,35,0.04115203768014908,0.015508081763982773
test_2022_2023,08 El Seibo,2,2022,36,0.0,0.03295426070690155
test_2022_2023,08 El Seibo,2,2022,37,0.0,-0.00042211293475702405
test_2022_2023,08 El Seibo,2,2022,38,0.0,-0.0027441398706287146
test_2022_2023,08 El Seibo,2,2022,39,0.04115203768014908,0.0006084094056859612
test_2022_2023,08 El Seibo,2,2022,40,0.04115203768014908,0.03198876231908798
test_2022_2023,08 El Seibo,2,2022,41,0.02057601884007454,0.035685401409864426
test_2022_2023,08 El Seibo,2,2022,42,0.0,0.01623772829771042
test_2022_2023,08 El Seibo,2,2022,43,0.04115203768014908,3.402365473448299e-05
test_2022_2023,08 El Seibo,2,2022,44,0.04115203768014908,0.03375647962093353
test_2022_2023,08 El Seibo,2,2022,45,0.0,0.03410407155752182
test_2022_2023,08 El Seibo,2,2022,46,0.04115203768014908,-0.004607079084962606
test_2022_2023,08 El Seibo,2,2022,47,0.02057601884007454,0.03132496029138565
test_2022_2023,08 El Seibo,2,2022,48,0.06172805652022362,0.015718992799520493
test_2022_2023,08 El Seibo,2,2022,49,0.02057601884007454,0.0486612468957901
test_2022_2023,08 El Seibo,2,2022,50,0.0,0.010253922082483768
test_2022_2023,08 El Seibo,2,2022,51,0.02057601884007454,-0.006581465248018503
test_2022_2023,08 El Seibo,2,2022,52,0.0,0.013219728134572506
test_2022_2023,08 El Seibo,2,2023,1,0.0,-0.005582898855209351
test_2022_2023,08 El Seibo,2,2023,2,0.020456455647945404,-0.0024996919091790915
test_2022_2023,08 El Seibo,2,2023,3,0.020456455647945404,0.014931822195649147
test_2022_2023,08 El Seibo,2,2023,4,0.0,0.010666945949196815
test_2022_2023,08 El Seibo,2,2023,5,0.0,-0.006875662598758936
test_2022_2023,08 El Seibo,2,2023,6,0.0,-0.006513572297990322
test_2022_2023,08 El Seibo,2,2023,7,0.0,-0.006031045224517584
test_2022_2023,08 El Seibo,2,2023,8,0.0,-0.004885275848209858
test_2022_2023,08 El Seibo,2,2023,9,0.020456455647945404,-0.0031985079403966665
test_2022_2023,08 El Seibo,2,2023,10,0.020456455647945404,0.01366888266056776
test_2022_2023,08 El Seibo,2,2023,11,0.0,0.013057637959718704
test_2022_2023,08 El Seibo,2,2023,12,0.0,-0.003267403692007065
test_2022_2023,08 El Seibo,2,2023,13,0.0,-0.0008928103488869965
test_2022_2023,08 El Seibo,2,2023,14,0.0,0.001628161990083754
test_2022_2023,08 El Seibo,2,2023,15,0.020456455647945404,0.0005095333908684552
test_2022_2023,08 El Seibo,2,2023,16,0.0,0.01637549325823784
test_2022_2023,08 El Seibo,2,2023,17,0.0,0.00031754199881106615
test_2022_2023,08 El Seibo,2,2023,18,0.0,6.675197801087052e-05
test_2022_2023,08 El Seibo,2,2023,19,0.0,0.001646404736675322
test_2022_2023,08 El Seibo,2,2023,20,0.0,0.0011860529193654656
test_2022_2023,08 El Seibo,2,2023,21,0.0,0.004176294431090355
test_2022_2023,08 El Seibo,2,2023,22,0.0,0.002344446489587426
test_2022_2023,08 El Seibo,2,2023,23,0.0,0.002822691109031439
test_2022_2023,08 El Seibo,2,2023,24,0.0,0.00235211243852973
test_2022_2023,08 El Seibo,2,2023,25,0.0,0.0040831477381289005
test_2022_2023,08 El Seibo,2,2023,26,0.0,0.005200724117457867
test_2022_2023,08 El Seibo,2,2023,27,0.020456455647945404,0.0048956791870296
test_2022_2023,08 El Seibo,2,2023,28,0.020456455647945404,0.021506791934370995
test_2022_2023,08 El Seibo,2,2023,29,0.020456455647945404,0.029780998826026917
test_2022_2023,08 El Seibo,2,2023,30,0.0,0.028476711362600327
test_2022_2023,08 El Seibo,2,2023,31,0.0,0.009485520422458649
test_2022_2023,08 El Seibo,2,2023,32,0.0,0.006970372051000595
test_2022_2023,08 El Seibo,2,2023,33,0.04091291502118111,0.00555999344214797
test_2022_2023,08 El Seibo,2,2023,34,0.12273874133825302,0.0416051410138607
test_2022_2023,08 El Seibo,2,2023,35,0.10228227823972702,0.11792748421430588
test_2022_2023,08 El Seibo,2,2023,36,0.32730332016944885,0.11077791452407837
test_2022_2023,08 El Seibo,2,2023,37,0.16365164518356323,0.3099450170993805
test_2022_2023,08 El Seibo,2,2023,38,0.0,0.11971015483140945
test_2022_2023,09 Espaillat,2,2022,5,0.008074307814240456,0.006425975356251001
test_2022_2023,09 Espaillat,2,2022,6,0.016148613765835762,0.006992592941969633
test_2022_2023,09 Espaillat,2,2022,7,0.0,0.00958513654768467
test_2022_2023,09 Espaillat,2,2022,8,0.0,-0.0015927000204101205
test_2022_2023,09 Espaillat,2,2022,9,0.0,0.00068874895805493
test_2022_2023,09 Espaillat,2,2022,10,0.008074307814240456,0.00010039416520157829
test_2022_2023,09 Espaillat,2,2022,11,0.0,0.00400450499728322
test_2022_2023,09 Espaillat,2,2022,12,0.0,-0.002273976569995284
test_2022_2023,09 Espaillat,2,2022,13,0.016148613765835762,-0.0010449265828356147
test_2022_2023,09 Espaillat,2,2022,14,0.04037153720855713,0.010344939306378365
test_2022_2023,09 Espaillat,2,2022,15,0.0,0.027804186567664146
test_2022_2023,09 Espaillat,2,2022,16,0.016148613765835762,-0.0015430640196427703
test_2022_2023,09 Espaillat,2,2022,17,0.024222921580076218,0.010078005492687225
test_2022_2023,09 Espaillat,2,2022,18,0.024222921580076218,0.01710161194205284
test_2022_2023,09 Espaillat,2,2022,19,0.048445846885442734,0.01771576702594757
test_2022_2023,09 Espaillat,2,2022,20,0.03229723125696182,0.039326220750808716
test_2022_2023,09 Espaillat,2,2022,21,0.008074307814240456,0.027896974235773087
test_2022_2023,09 Espaillat,2,2022,22,0.024222921580076218,0.005393847357481718
test_2022_2023,09 Espaillat,2,2022,23,0.03229723125696182,0.017736190930008888
test_2022_2023,09 Espaillat,2,2022,24,0.024222921580076218,0.026644157245755196
test_2022_2023,09 Espaillat,2,2022,25,0.016148613765835762,0.021446850150823593
test_2022_2023,09 Espaillat,2,2022,26,0.06459445506334305,0.014523478224873543
test_2022_2023,09 Espaillat,2,2022,27,0.03229723125696182,0.05212142691016197
test_2022_2023,09 Espaillat,2,2022,28,0.04037153720855713,0.030506866052746773
test_2022_2023,09 Espaillat,2,2022,29,0.03229723125696182,0.034369051456451416
test_2022_2023,09 Espaillat,2,2022,30,0.016148613765835762,0.029291171580553055
test_2022_2023,09 Espaillat,2,2022,31,0.024222921580076218,0.013990719802677631
test_2022_2023,09 Espaillat,2,2022,32,0.05652015283703804,0.018639137968420982
test_2022_2023,09 Espaillat,2,2022,33,0.09689168632030487,0.0463855117559433
test_2022_2023,09 Espaillat,2,2022,34,0.05652015283703804,0.08218299597501755
test_2022_2023,09 Espaillat,2,2022,35,0.10496599972248077,0.05595642700791359
test_2022_2023,09 Espaillat,2,2022,36,0.137263223528862,0.09241223335266113
test_2022_2023,09 Espaillat,2,2022,37,0.12111461162567139,0.12168923020362854
test_2022_2023,09 Espaillat,2,2022,38,0.17763477563858032,0.10991761088371277
test_2022_2023,09 Espaillat,2,2022,39,0.20185770094394684,0.15489165484905243
test_2022_2023,09 Espaillat,2,2022,40,0.18570905923843384,0.16886645555496216
test_2022_2023,09 Espaillat,2,2022,41,0.137263223528862,0.15139451622962952
test_2022_2023,09 Espaillat,2,2022,42,0.19378337264060974,0.11333069205284119
test_2022_2023,09 Espaillat,2,2022,43,0.08074308186769485,0.15422692894935608
test_2022_2023,09 Espaillat,2,2022,44,0.09689168632030487,0.06521989405155182
test_2022_2023,09 Espaillat,2,2022,45,0.1291889250278473,0.08266889303922653
test_2022_2023,09 Espaillat,2,2022,46,0.1453375369310379,0.1029682531952858
test_2022_2023,09 Espaillat,2,2022,47,0.137263223528862,0.1217058002948761
test_2022_2023,09 Espaillat,2,2022,48,0.09689168632030487,0.11796818673610687
test_2022_2023,09 Espaillat,2,2022,49,0.08074308186769485,0.08539152145385742
test_2022_2023,09 Espaillat,2,2022,50,0.03229723125696182,0.06779603660106659
test_2022_2023,09 Espaillat,2,2022,51,0.016148613765835762,0.02836652658879757
test_2022_2023,09 Espaillat,2,2022,52,0.03229723125696182,0.01567264460027218
test_2022_2023,09 Espaillat,2,2023,1,0.016105996444821358,0.02565976232290268
test_2022_2023,09 Espaillat,2,2023,2,0.016105996444821358,0.013952190987765789
test_2022_2023,09 Espaillat,2,2023,3,0.008053000085055828,0.011289084330201149
test_2022_2023,09 Espaillat,2,2023,4,0.02415899746119976,0.0037633858155459166
test_2022_2023,09 Espaillat,2,2023,5,0.04026499390602112,0.01767740584909916
test_2022_2023,09 Espaillat,2,2023,6,0.016105996444821358,0.031455300748348236
test_2022_2023,09 Espaillat,2,2023,7,0.016105996444821358,0.010047993622720242
test_2022_2023,09 Espaillat,2,2023,8,0.016105996444821358,0.01011134497821331
test_2022_2023,09 Espaillat,2,2023,9,0.008053000085055828,0.011800754815340042
test_2022_2023,09 Espaillat,2,2023,10,0.008053000085055828,0.005262136459350586
test_2022_2023,09 Espaillat,2,2023,11,0.0,0.004510645288974047
test_2022_2023,09 Espaillat,2,2023,12,0.008053000085055828,-0.0006480388692580163
test_2022_2023,09 Espaillat,2,2023,13,0.0,0.004182427190244198
test_2022_2023,09 Espaillat,2,2023,14,0.016105996444821358,-0.00046332619967870414
test_2022_2023,09 Espaillat,2,2023,15,0.0,0.012095785699784756
test_2022_2023,09 Espaillat,2,2023,16,0.016105996444821358,7.337228453252465e-05
test_2022_2023,09 Espaillat,2,2023,17,0.008053000085055828,0.011338833719491959
test_2022_2023,09 Espaillat,2,2023,18,0.008053000085055828,0.008279561065137386
test_2022_2023,09 Espaillat,2,2023,19,0.008053000085055828,0.0077467854134738445
test_2022_2023,09 Espaillat,2,2023,20,0.008053000085055828,0.010071688331663609
test_2022_2023,09 Espaillat,2,2023,21,0.008053000085055828,0.009413865394890308
test_2022_2023,09 Espaillat,2,2023,22,0.016105996444821358,0.0075323018245399
test_2022_2023,09 Espaillat,2,2023,23,0.008053000085055828,0.0158230010420084
test_2022_2023,09 Espaillat,2,2023,24,0.032211996614933014,0.01379196997731924
test_2022_2023,09 Espaillat,2,2023,25,0.016105996444821358,0.03179474547505379
test_2022_2023,09 Espaillat,2,2023,26,0.008053000085055828,0.0225775595754385
test_2022_2023,09 Espaillat,2,2023,27,0.016105996444821358,0.014975327998399734
test_2022_2023,09 Espaillat,2,2023,28,0.04831799119710922,0.018611351028084755
test_2022_2023,09 Espaillat,2,2023,29,0.04831799119710922,0.046055253595113754
test_2022_2023,09 Espaillat,2,2023,30,0.016105996444821358,0.049980342388153076
test_2022_2023,09 Espaillat,2,2023,31,0.02415899746119976,0.023535409942269325
test_2022_2023,09 Espaillat,2,2023,32,0.04026499390602112,0.027216101065278053
test_2022_2023,09 Espaillat,2,2023,33,0.04831799119710922,0.041437141597270966
test_2022_2023,09 Espaillat,2,2023,34,0.14495398104190826,0.05064098536968231
test_2022_2023,09 Espaillat,2,2023,35,0.28990796208381653,0.13094869256019592
test_2022_2023,09 Espaillat,2,2023,36,0.39459696412086487,0.25098681449890137
test_2022_2023,09 Espaillat,2,2023,37,0.2335369735956192,0.273680716753006
test_2022_2023,09 Espaillat,2,2023,38,0.02415899746119976,0.08826947957277298
test_2022_2023,10 Independencia,1,2022,5,0.0,-0.0005707303644157946
test_2022_2023,10 Independencia,1,2022,6,0.0,0.004884684924036264
test_2022_2023,10 Independencia,1,2022,7,0.0,0.00790872611105442
test_2022_2023,10 Independencia,1,2022,8,0.03271417319774628,0.0029072097968310118
test_2022_2023,10 Independencia,1,2022,9,0.0,0.03035753034055233
test_2022_2023,10 Independencia,1,2022,10,0.0,0.0008911994518712163
test_2022_2023,10 Independencia,1,2022,11,0.0,0.006015784572809935
test_2022_2023,10 Independencia,1,2022,12,0.0,5.706562660634518e-05
test_2022_2023,10 Independencia,1,2022,13,0.0,-0.004452916793525219
test_2022_2023,10 Independencia,1,2022,14,0.0,-0.004181098658591509
test_2022_2023,10 Independencia,1,2022,15,0.03271417319774628,-0.0038299974985420704
test_2022_2023,10 Independencia,1,2022,16,0.06542835384607315,0.02498691901564598
test_2022_2023,10 Independencia,1,2022,17,0.06542835384607315,0.0550541989505291
test_2022_2023,10 Independencia,1,2022,18,0.03271417319774628,0.05950886011123657
test_2022_2023,10 Independencia,1,2022,19,0.16357086598873138,0.02709091827273369
test_2022_2023,10 Independencia,1,2022,20,0.16357086598873138,0.14035175740718842
test_2022_2023,10 Independencia,1,2022,21,0.03271417319774628,0.16498084366321564
test_2022_2023,10 Independencia,1,2022,22,0.1308566927909851,0.0641619935631752
test_2022_2023,10 Independencia,1,2022,23,0.06542835384607315,0.12647871673107147
test_2022_2023,10 Independencia,1,2022,24,0.09814251959323883,0.07262098044157028
test_2022_2023,10 Independencia,1,2022,25,0.03271417319774628,0.09551950544118881
test_2022_2023,10 Independencia,1,2022,26,0.0,0.040130190551280975
test_2022_2023,10 Independencia,1,2022,27,0.06542835384607315,0.004331291653215885
test_2022_2023,10 Independencia,1,2022,28,0.06542835384607315,0.05786069482564926
test_2022_2023,10 Independencia,1,2022,29,0.03271417319774628,0.055996473878622055
test_2022_2023,10 Independencia,1,2022,30,0.0,0.0315333753824234
test_2022_2023,10 Independencia,1,2022,31,0.32714173197746277,-0.0011542032007128
test_2022_2023,10 Independencia,1,2022,32,0.0,0.28488391637802124
test_2022_2023,10 Independencia,1,2022,33,0.09814251959323883,0.011004430241882801
test_2022_2023,10 Independencia,1,2022,34,0.0,0.09338336437940598
test_2022_2023,10 Independencia,1,2022,35,0.0,-0.012388226576149464
test_2022_2023,10 Independencia,1,2022,36,0.0,-0.0015594558790326118
test_2022_2023,10 Independencia,1,2022,37,0.1308566927909851,0.0011968541657552123
test_2022_2023,10 Independencia,1,2022,38,0.19628502428531647,0.11539459973573685
test_2022_2023,10 Independencia,1,2022,39,0.03271417319774628,0.15373577177524567
test_2022_2023,10 Independencia,1,2022,40,0.06542835384607315,-0.0004886349197477102
test_2022_2023,10 Independencia,1,2022,41,0.09814251959323883,0.05731388181447983
test_2022_2023,10 Independencia,1,2022,42,0.0,0.07936712354421616
test_2022_2023,10 Independencia,1,2022,43,0.06542835384607315,-0.017278676852583885
test_2022_2023,10 Independencia,1,2022,44,0.03271417319774628,0.06300434470176697
test_2022_2023,10 Independencia,1,2022,45,0.09814251959323883,0.020317992195487022
test_2022_2023,10 Independencia,1,2022,46,0.03271417319774628,0.08421513438224792
test_2022_2023,10 Independencia,1,2022,47,0.03271417319774628,0.017711998894810677
test_2022_2023,10 Independencia,1,2022,48,0.06542835384607315,0.031617071479558945
test_2022_2023,10 Independencia,1,2022,49,0.0,0.06091351807117462
test_2022_2023,10 Independencia,1,2022,50,0.0,-0.004180067218840122
test_2022_2023,10 Independencia,1,2022,51,0.0,0.007419489789754152
test_2022_2023,10 Independencia,1,2022,52,0.0,0.005906599573791027
test_2022_2023,10 Independencia,1,2023,1,0.06483350694179535,0.007040973287075758
test_2022_2023,10 Independencia,1,2023,2,0.0,0.05977648124098778
test_2022_2023,10 Independencia,1,2023,3,0.032416753470897675,-0.0013891970738768578
test_2022_2023,10 Independencia,1,2023,4,0.0,0.03929510712623596
test_2022_2023,10 Independencia,1,2023,5,0.0,0.0010073673911392689
test_2022_2023,10 Independencia,1,2023,6,0.0,0.0033396694343537092
test_2022_2023,10 Independencia,1,2023,7,0.06483350694179535,0.005256333854049444
test_2022_2023,10 Independencia,1,2023,8,0.0,0.05589613318443298
test_2022_2023,10 Independencia,1,2023,9,0.0,-0.005100727546960115
test_2022_2023,10 Independencia,1,2023,10,0.0,0.005171759519726038
test_2022_2023,10 Independencia,1,2023,11,0.0,0.0032139623071998358
test_2022_2023,10 Independencia,1,2023,12,0.09725026041269302,0.002171124331653118
test_2022_2023,10 Independencia,1,2023,13,0.06483350694179535,0.08606048673391342
test_2022_2023,10 Independencia,1,2023,14,0.0,0.05714651942253113
test_2022_2023,10 Independencia,1,2023,15,0.0,0.01267989445477724
test_2022_2023,10 Independencia,1,2023,16,0.09725026041269302,0.012296052649617195
test_2022_2023,10 Independencia,1,2023,17,0.06483350694179535,0.09250017255544662
test_2022_2023,10 Independencia,1,2023,18,0.032416753470897675,0.06301656365394592
test_2022_2023,10 Independencia,1,2023,19,0.032416753470897675,0.033368922770023346
test_2022_2023,10 Independencia,1,2023,20,0.09725026041269302,0.035663165152072906
test_2022_2023,10 Independencia,1,2023,21,0.16208377480506897,0.09172162413597107
test_2022_2023,10 Independencia,1,2023,22,0.032416753470897675,0.1549571007490158
test_2022_2023,10 Independencia,1,2023,23,0.16208377480506897,0.05464508384466171
test_2022_2023,10 Independencia,1,2023,24,0.19450050592422485,0.1587056666612625
test_2022_2023,10 Independencia,1,2023,25,0.16208377480506897,0.20216645300388336
test_2022_2023,10 Independencia,1,2023,26,0.42141780257225037,0.17372533679008484
test_2022_2023,10 Independencia,1,2023,27,0.42141780257225037,0.3838562071323395
test_2022_2023,10 Independencia,1,2023,28,0.45383453369140625,0.43547460436820984
test_2022_2023,10 Independencia,1,2023,29,0.29175078868865967,0.4169193208217621
test_2022_2023,10 Independencia,1,2023,30,0.16208377480506897,0.2727534770965576
test_2022_2023,10 Independencia,1,2023,31,0.3890010416507721,0.13092756271362305
test_2022_2023,10 Independencia,1,2023,32,0.3565843105316162,0.3101285696029663
test_2022_2023,10 Independencia,1,2023,33,0.5510848164558411,0.2821040153503418
test_2022_2023,10 Independencia,1,2023,34,0.22691725194454193,0.40059593319892883
test_2022_2023,10 Independencia,1,2023,35,0.7131685614585876,0.0968363881111145
test_2022_2023,10 Independencia,1,2023,36,0.5510848164558411,0.4871327877044678
test_2022_2023,10 Independencia,1,2023,37,0.3890010416507721,0.26646679639816284
test_2022_2023,10 Independencia,1,2023,38,0.032416753470897675,0.1096116155385971
test_2022_2023,11 La Altagracia,2,2022,5,0.005281619727611542,0.0005224519409239292
test_2022_2023,11 La Altagracia,2,2022,6,0.005281619727611542,0.003894505789503455
test_2022_2023,11 La Altagracia,2,2022,7,0.010563238523900509,0.0034796122927218676
test_2022_2023,11 La Altagracia,2,2022,8,0.005281619727611542,0.0077955755405128
test_2022_2023,11 La Altagracia,2,2022,9,0.010563238523900509,0.004805928561836481
test_2022_2023,11 La Altagracia,2,2022,10,0.010563238523900509,0.008515949361026287
test_2022_2023,11 La Altagracia,2,2022,11,0.005281619727611542,0.007190011441707611
test_2022_2023,11 La Altagracia,2,2022,12,0.0,0.002287168288603425
test_2022_2023,11 La Altagracia,2,2022,13,0.02640809491276741,-0.0007038506446406245
test_2022_2023,11 La Altagracia,2,2022,14,0.0,0.019039999693632126
test_2022_2023,11 La Altagracia,2,2022,15,0.0,0.00039075498352758586
test_2022_2023,11 La Altagracia,2,2022,16,0.015844857320189476,-0.0015483717434108257
test_2022_2023,11 La Altagracia,2,2022,17,0.015844857320189476,0.01173582673072815
test_2022_2023,11 La Altagracia,2,2022,18,0.010563238523900509,0.014281276613473892
test_2022_2023,11 La Altagracia,2,2022,19,0.005281619727611542,0.006066932808607817
test_2022_2023,11 La Altagracia,2,2022,20,0.005281619727611542,0.0048685879446566105
test_2022_2023,11 La Altagracia,2,2022,21,0.010563238523900509,0.004277805332094431
test_2022_2023,11 La Altagracia,2,2022,22,0.015844857320189476,0.008309862576425076
test_2022_2023,11 La Altagracia,2,2022,23,0.0,0.013521372340619564
test_2022_2023,11 La Altagracia,2,2022,24,0.010563238523900509,0.0029927631840109825
test_2022_2023,11 La Altagracia,2,2022,25,0.02112647518515587,0.009358725510537624
test_2022_2023,11 La Altagracia,2,2022,26,0.010563238523900509,0.01963835582137108
test_2022_2023,11 La Altagracia,2,2022,27,0.015844857320189476,0.013233460485935211
test_2022_2023,11 La Altagracia,2,2022,28,0.015844857320189476,0.016991570591926575
test_2022_2023,11 La Altagracia,2,2022,29,0.015844857320189476,0.018937285989522934
test_2022_2023,11 La Altagracia,2,2022,30,0.0,0.020259028300642967
test_2022_2023,11 La Altagracia,2,2022,31,0.010563238523900509,0.007458588574081659
test_2022_2023,11 La Altagracia,2,2022,32,0.02112647518515587,0.01201050914824009
test_2022_2023,11 La Altagracia,2,2022,33,0.02112647518515587,0.022131389006972313
test_2022_2023,11 La Altagracia,2,2022,34,0.031689710915088654,0.023688407614827156
test_2022_2023,11 La Altagracia,2,2022,35,0.031689710915088654,0.03300230950117111
test_2022_2023,11 La Altagracia,2,2022,36,0.02112647518515587,0.03652229905128479
test_2022_2023,11 La Altagracia,2,2022,37,0.015844857320189476,0.02772342599928379
test_2022_2023,11 La Altagracia,2,2022,38,0.036971330642700195,0.02033456787467003
test_2022_2023,11 La Altagracia,2,2022,39,0.1373220980167389,0.036316804587841034
test_2022_2023,11 La Altagracia,2,2022,40,0.036971330642700195,0.11771707236766815
test_2022_2023,11 La Altagracia,2,2022,41,0.005281619727611542,0.05412397161126137
test_2022_2023,11 La Altagracia,2,2022,42,0.005281619727611542,0.01817045919597149
test_2022_2023,11 La Altagracia,2,2022,43,0.015844857320189476,0.008670561946928501
test_2022_2023,11 La Altagracia,2,2022,44,0.02112647518515587,0.014284340664744377
test_2022_2023,11 La Altagracia,2,2022,45,0.07394266128540039,0.020268404856324196
test_2022_2023,11 La Altagracia,2,2022,46,0.05281618610024452,0.05989678576588631
test_2022_2023,11 La Altagracia,2,2022,47,0.06866104155778885,0.05159758776426315
test_2022_2023,11 La Altagracia,2,2022,48,0.07394266128540039,0.06364951282739639
test_2022_2023,11 La Altagracia,2,2022,49,0.05281618610024452,0.07115176320075989
test_2022_2023,11 La Altagracia,2,2022,50,0.04753456637263298,0.05200716853141785
test_2022_2023,11 La Altagracia,2,2022,51,0.05281618610024452,0.04498080909252167
test_2022_2023,11 La Altagracia,2,2022,52,0.005281619727611542,0.04693976417183876
test_2022_2023,11 La Altagracia,2,2023,1,0.015523770824074745,0.008686410263180733
test_2022_2023,11 La Altagracia,2,2023,2,0.041396718472242355,0.013299423269927502
test_2022_2023,11 La Altagracia,2,2023,3,0.046571310609579086,0.034664586186409
test_2022_2023,11 La Altagracia,2,2023,4,0.02587295137345791,0.040978316217660904
test_2022_2023,11 La Altagracia,2,2023,5,0.0,0.026869535446166992
test_2022_2023,11 La Altagracia,2,2023,6,0.0,0.005217483267188072
test_2022_2023,11 La Altagracia,2,2023,7,0.015523770824074745,0.0009457729174755514
test_2022_2023,11 La Altagracia,2,2023,8,0.015523770824074745,0.011537930928170681
test_2022_2023,11 La Altagracia,2,2023,9,0.02587295137345791,0.011441441252827644
test_2022_2023,11 La Altagracia,2,2023,10,0.02587295137345791,0.01972462236881256
test_2022_2023,11 La Altagracia,2,2023,11,0.005174590274691582,0.022376233711838722
test_2022_2023,11 La Altagracia,2,2023,12,0.005174590274691582,0.0075952173210680485
test_2022_2023,11 La Altagracia,2,2023,13,0.005174590274691582,0.005841467995196581
test_2022_2023,11 La Altagracia,2,2023,14,0.015523770824074745,0.0065398854203522205
test_2022_2023,11 La Altagracia,2,2023,15,0.015523770824074745,0.013444459065794945
test_2022_2023,11 La Altagracia,2,2023,16,0.02587295137345791,0.013687407597899437
test_2022_2023,11 La Altagracia,2,2023,17,0.020698361098766327,0.022774577140808105
test_2022_2023,11 La Altagracia,2,2023,18,0.005174590274691582,0.022215189412236214
test_2022_2023,11 La Altagracia,2,2023,19,0.010349180549383163,0.008206019178032875
test_2022_2023,11 La Altagracia,2,2023,20,0.03622213006019592,0.012599418871104717
test_2022_2023,11 La Altagracia,2,2023,21,0.010349180549383163,0.03271748125553131
test_2022_2023,11 La Altagracia,2,2023,22,0.02587295137345791,0.016097886487841606
test_2022_2023,11 La Altagracia,2,2023,23,0.015523770824074745,0.0256347618997097
test_2022_2023,11 La Altagracia,2,2023,24,0.005174590274691582,0.021384669467806816
test_2022_2023,11 La Altagracia,2,2023,25,0.041396718472242355,0.013104313053190708
test_2022_2023,11 La Altagracia,2,2023,26,0.020698361098766327,0.039632584899663925
test_2022_2023,11 La Altagracia,2,2023,27,0.020698361098766327,0.02951805479824543
test_2022_2023,11 La Altagracia,2,2023,28,0.015523770824074745,0.02711796760559082
test_2022_2023,11 La Altagracia,2,2023,29,0.03104753978550434,0.025394603610038757
test_2022_2023,11 La Altagracia,2,2023,30,0.02587295137345791,0.03775392100214958
test_2022_2023,11 La Altagracia,2,2023,31,0.08279344439506531,0.03692138195037842
test_2022_2023,11 La Altagracia,2,2023,32,0.06726967543363571,0.08207942545413971
test_2022_2023,11 La Altagracia,2,2023,33,0.08279344439506531,0.08357347548007965
test_2022_2023,11 La Altagracia,2,2023,34,0.08796803653240204,0.09738308936357498
test_2022_2023,11 La Altagracia,2,2023,35,0.21733278036117554,0.1044473648071289
test_2022_2023,11 La Altagracia,2,2023,36,0.25355491042137146,0.20850253105163574
test_2022_2023,11 La Altagracia,2,2023,37,0.1655869036912918,0.2384585291147232
test_2022_2023,11 La Altagracia,2,2023,38,0.0,0.16831664741039276
test_2022_2023,12 La Romana,2,2022,5,0.02105088159441948,0.01193588599562645
test_2022_2023,12 La Romana,2,2022,6,0.0,0.015570689924061298
test_2022_2023,12 La Romana,2,2022,7,0.01403391920030117,0.00039123944588936865
test_2022_2023,12 La Romana,2,2022,8,0.0,0.007528535556048155
test_2022_2023,12 La Romana,2,2022,9,0.0,0.001774815027602017
test_2022_2023,12 La Romana,2,2022,10,0.01403391920030117,0.0007222032872959971
test_2022_2023,12 La Romana,2,2022,11,0.0,0.009066218510270119
test_2022_2023,12 La Romana,2,2022,12,0.0070169600658118725,9.394505468662828e-05
test_2022_2023,12 La Romana,2,2022,13,0.02105088159441948,0.004349286202341318
test_2022_2023,12 La Romana,2,2022,14,0.01403391920030117,0.014453412964940071
test_2022_2023,12 La Romana,2,2022,15,0.0,0.010484682396054268
test_2022_2023,12 La Romana,2,2022,16,0.02105088159441948,0.001527886837720871
test_2022_2023,12 La Romana,2,2022,17,0.01403391920030117,0.014357440173625946
test_2022_2023,12 La Romana,2,2022,18,0.0070169600658118725,0.011010866612195969
test_2022_2023,12 La Romana,2,2022,19,0.02105088159441948,0.00445764372125268
test_2022_2023,12 La Romana,2,2022,20,0.02806784026324749,0.018825214356184006
test_2022_2023,12 La Romana,2,2022,21,0.01403391920030117,0.026794683188199997
test_2022_2023,12 La Romana,2,2022,22,0.02806784026324749,0.01724659837782383
test_2022_2023,12 La Romana,2,2022,23,0.04911871999502182,0.024844270199537277
test_2022_2023,12 La Romana,2,2022,24,0.01403391920030117,0.043145474046468735
test_2022_2023,12 La Romana,2,2022,25,0.02105088159441948,0.02400871552526951
test_2022_2023,12 La Romana,2,2022,26,0.0,0.0233981404453516
test_2022_2023,12 La Romana,2,2022,27,0.0,0.009214134886860847
test_2022_2023,12 La Romana,2,2022,28,0.0,0.004289566073566675
test_2022_2023,12 La Romana,2,2022,29,0.0070169600658118725,0.003587945131585002
test_2022_2023,12 La Romana,2,2022,30,0.0070169600658118725,0.009376623667776585
test_2022_2023,12 La Romana,2,2022,31,0.02105088159441948,0.008560401387512684
test_2022_2023,12 La Romana,2,2022,32,0.02105088159441948,0.01747892238199711
test_2022_2023,12 La Romana,2,2022,33,0.0,0.020324256271123886
test_2022_2023,12 La Romana,2,2022,34,0.04210175946354866,0.004941068589687347
test_2022_2023,12 La Romana,2,2022,35,0.04911871999502182,0.03064466081559658
test_2022_2023,12 La Romana,2,2022,36,0.0350848026573658,0.04326799139380455
test_2022_2023,12 La Romana,2,2022,37,0.02105088159441948,0.0349823534488678
test_2022_2023,12 La Romana,2,2022,38,0.0070169600658118725,0.02232757769525051
test_2022_2023,12 La Romana,2,2022,39,0.02105088159441948,0.010383066721260548
test_2022_2023,12 La Romana,2,2022,40,0.02806784026324749,0.015533474273979664
test_2022_2023,12 La Romana,2,2022,41,0.02806784026324749,0.023888034746050835
test_2022_2023,12 La Romana,2,2022,42,0.02806784026324749,0.025893235579133034
test_2022_2023,12 La Romana,2,2022,43,0.01403391920030117,0.024053767323493958
test_2022_2023,12 La Romana,2,2022,44,0.02806784026324749,0.013558093458414078
test_2022_2023,12 La Romana,2,2022,45,0.04911871999502182,0.019993634894490242
test_2022_2023,12 La Romana,2,2022,46,0.05613568052649498,0.03418975695967674
test_2022_2023,12 La Romana,2,2022,47,0.0350848026573658,0.04528093338012695
test_2022_2023,12 La Romana,2,2022,48,0.02105088159441948,0.03283560276031494
test_2022_2023,12 La Romana,2,2022,49,0.04210175946354866,0.01943124085664749
test_2022_2023,12 La Romana,2,2022,50,0.02806784026324749,0.029307620599865913
test_2022_2023,12 La Romana,2,2022,51,0.02105088159441948,0.02056816592812538
test_2022_2023,12 La Romana,2,2022,52,0.0070169600658118725,0.014380550011992455
test_2022_2023,12 La Romana,2,2023,1,0.04868825152516365,0.0041680363938212395
test_2022_2023,12 La Romana,2,2023,2,0.03477732092142105,0.03327444568276405
test_2022_2023,12 La Romana,2,2023,3,0.03477732092142105,0.027352232486009598
test_2022_2023,12 La Romana,2,2023,4,0.01391092874109745,0.02361767552793026
test_2022_2023,12 La Romana,2,2023,5,0.0278218574821949,0.011087561026215553
test_2022_2023,12 La Romana,2,2023,6,0.006955464370548725,0.01842091605067253
test_2022_2023,12 La Romana,2,2023,7,0.02086639404296875,0.004757241811603308
test_2022_2023,12 La Romana,2,2023,8,0.02086639404296875,0.01188223622739315
test_2022_2023,12 La Romana,2,2023,9,0.0417327843606472,0.015381897799670696
test_2022_2023,12 La Romana,2,2023,10,0.01391092874109745,0.03008241392672062
test_2022_2023,12 La Romana,2,2023,11,0.01391092874109745,0.013645963743329048
test_2022_2023,12 La Romana,2,2023,12,0.006955464370548725,0.011376247741281986
test_2022_2023,12 La Romana,2,2023,13,0.01391092874109745,0.006821692455559969
test_2022_2023,12 La Romana,2,2023,14,0.0278218574821949,0.01132887788116932
test_2022_2023,12 La Romana,2,2023,15,0.01391092874109745,0.022113824263215065
test_2022_2023,12 La Romana,2,2023,16,0.006955464370548725,0.014237641356885433
test_2022_2023,12 La Romana,2,2023,17,0.01391092874109745,0.008788105100393295
test_2022_2023,12 La Romana,2,2023,18,0.006955464370548725,0.013585139065980911
test_2022_2023,12 La Romana,2,2023,19,0.0278218574821949,0.00959931593388319
test_2022_2023,12 La Romana,2,2023,20,0.0,0.024903839454054832
test_2022_2023,12 La Romana,2,2023,21,0.01391092874109745,0.00907658040523529
test_2022_2023,12 La Romana,2,2023,22,0.01391092874109745,0.013191432692110538
test_2022_2023,12 La Romana,2,2023,23,0.02086639404296875,0.016432110220193863
test_2022_2023,12 La Romana,2,2023,24,0.0556437112390995,0.022717716172337532
test_2022_2023,12 La Romana,2,2023,25,0.01391092874109745,0.049765896052122116
test_2022_2023,12 La Romana,2,2023,26,0.0417327843606472,0.029712103307247162
test_2022_2023,12 La Romana,2,2023,27,0.06259918212890625,0.042417485266923904
test_2022_2023,12 La Romana,2,2023,28,0.0417327843606472,0.06189580634236336
test_2022_2023,12 La Romana,2,2023,29,0.04868825152516365,0.0542159378528595
test_2022_2023,12 La Romana,2,2023,30,0.0973764955997467,0.05736115202307701
test_2022_2023,12 La Romana,2,2023,31,0.09042103588581085,0.09010383486747742
test_2022_2023,12 La Romana,2,2023,32,0.1669311374425888,0.09627510607242584
test_2022_2023,12 La Romana,2,2023,33,0.29908493161201477,0.15012532472610474
test_2022_2023,12 La Romana,2,2023,34,0.2225748598575592,0.25454699993133545
test_2022_2023,12 La Romana,2,2023,35,0.5564371347427368,0.22372721135616302
test_2022_2023,12 La Romana,2,2023,36,0.7303237915039062,0.3983496129512787
test_2022_2023,12 La Romana,2,2023,37,0.5494816899299622,0.38964006304740906
test_2022_2023,12 La Romana,2,2023,38,0.0,0.17137041687965393
test_2022_2023,13 La Vega,0,2022,5,0.0,-0.002049120841547847
test_2022_2023,13 La Vega,0,2022,6,0.0,-0.005250683519989252
test_2022_2023,13 La Vega,0,2022,7,0.009405815042555332,-0.003986493684351444
test_2022_2023,13 La Vega,0,2022,8,0.009405815042555332,0.0011099698022007942
test_2022_2023,13 La Vega,0,2022,9,0.009405815042555332,0.005598839838057756
test_2022_2023,13 La Vega,0,2022,10,0.004702906124293804,0.006719179917126894
test_2022_2023,13 La Vega,0,2022,11,0.0,0.002157225040718913
test_2022_2023,13 La Vega,0,2022,12,0.009405815042555332,-0.0016712646465748549
test_2022_2023,13 La Vega,0,2022,13,0.004702906124293804,0.0072165597230196
test_2022_2023,13 La Vega,0,2022,14,0.0,0.004340760875493288
test_2022_2023,13 La Vega,0,2022,15,0.0,-0.002302959794178605
test_2022_2023,13 La Vega,0,2022,16,0.01410872396081686,-0.0009084052289836109
test_2022_2023,13 La Vega,0,2022,17,0.009405815042555332,0.008663661777973175
test_2022_2023,13 La Vega,0,2022,18,0.004702906124293804,0.006985596381127834
test_2022_2023,13 La Vega,0,2022,19,0.023514539003372192,-0.0024598967283964157
test_2022_2023,13 La Vega,0,2022,20,0.02821744792163372,0.016697630286216736
test_2022_2023,13 La Vega,0,2022,21,0.01410872396081686,0.023022865876555443
test_2022_2023,13 La Vega,0,2022,22,0.01410872396081686,0.010301320813596249
test_2022_2023,13 La Vega,0,2022,23,0.02821744792163372,0.008852519094944
test_2022_2023,13 La Vega,0,2022,24,0.009405815042555332,0.022096704691648483
test_2022_2023,13 La Vega,0,2022,25,0.042326170951128006,0.00932282954454422
test_2022_2023,13 La Vega,0,2022,26,0.06113780289888382,0.03304802626371384
test_2022_2023,13 La Vega,0,2022,27,0.018811631947755814,0.052508797496557236
test_2022_2023,13 La Vega,0,2022,28,0.042326170951128006,0.021473156288266182
test_2022_2023,13 La Vega,0,2022,29,0.023514539003372192,0.03465476632118225
test_2022_2023,13 La Vega,0,2022,30,0.03762326389551163,0.023218372836709023
test_2022_2023,13 La Vega,0,2022,31,0.05643489584326744,0.029507650062441826
test_2022_2023,13 La Vega,0,2022,32,0.02821744792163372,0.04670333489775658
test_2022_2023,13 La Vega,0,2022,33,0.06113780289888382,0.027460318058729172
test_2022_2023,13 La Vega,0,2022,34,0.07054361701011658,0.05116747319698334
test_2022_2023,13 La Vega,0,2022,35,0.08465234935283661,0.06342244893312454
test_2022_2023,13 La Vega,0,2022,36,0.09405815601348877,0.07690063863992691
test_2022_2023,13 La Vega,0,2022,37,0.11286979913711548,0.08843227475881577
test_2022_2023,13 La Vega,0,2022,38,0.1081668809056282,0.1049177348613739
test_2022_2023,13 La Vega,0,2022,39,0.15519596636295319,0.10460929572582245
test_2022_2023,13 La Vega,0,2022,40,0.15519596636295319,0.14132775366306305
test_2022_2023,13 La Vega,0,2022,41,0.14579014480113983,0.14532166719436646
test_2022_2023,13 La Vega,0,2022,42,0.14579014480113983,0.1399770975112915
test_2022_2023,13 La Vega,0,2022,43,0.07994943857192993,0.13377337157726288
test_2022_2023,13 La Vega,0,2022,44,0.11286979913711548,0.07540915906429291
test_2022_2023,13 La Vega,0,2022,45,0.15519596636295319,0.09640481323003769
test_2022_2023,13 La Vega,0,2022,46,0.1504930704832077,0.12573407590389252
test_2022_2023,13 La Vega,0,2022,47,0.11757270246744156,0.12811173498630524
test_2022_2023,13 La Vega,0,2022,48,0.07994943857192993,0.10102467983961105
test_2022_2023,13 La Vega,0,2022,49,0.0658407062292099,0.06768685579299927
test_2022_2023,13 La Vega,0,2022,50,0.02821744792163372,0.0487930066883564
test_2022_2023,13 La Vega,0,2022,51,0.023514539003372192,0.02041660062968731
test_2022_2023,13 La Vega,0,2022,52,0.01410872396081686,0.019543958827853203
test_2022_2023,13 La Vega,0,2023,1,0.014062287285923958,0.012320668436586857
test_2022_2023,13 La Vega,0,2023,2,0.018749715760350227,0.010191623121500015
test_2022_2023,13 La Vega,0,2023,3,0.009374856948852539,0.015109875239431858
test_2022_2023,13 La Vega,0,2023,4,0.0,0.004796183202415705
test_2022_2023,13 La Vega,0,2023,5,0.028124572709202766,-0.0022276488598436117
test_2022_2023,13 La Vega,0,2023,6,0.0,0.017805010080337524
test_2022_2023,13 La Vega,0,2023,7,0.004687428008764982,-0.0027104250621050596
test_2022_2023,13 La Vega,0,2023,8,0.009374856948852539,-0.0019035452278330922
test_2022_2023,13 La Vega,0,2023,9,0.018749715760350227,0.006439433433115482
test_2022_2023,13 La Vega,0,2023,10,0.018749715760350227,0.015101603232324123
test_2022_2023,13 La Vega,0,2023,11,0.009374856948852539,0.01744786649942398
test_2022_2023,13 La Vega,0,2023,12,0.028124572709202766,0.009446165524423122
test_2022_2023,13 La Vega,0,2023,13,0.014062287285923958,0.021788179874420166
test_2022_2023,13 La Vega,0,2023,14,0.0,0.014509339816868305
test_2022_2023,13 La Vega,0,2023,15,0.009374856948852539,0.002215298591181636
test_2022_2023,13 La Vega,0,2023,16,0.004687428008764982,0.007672084495425224
test_2022_2023,13 La Vega,0,2023,17,0.0,0.0024835672229528427
test_2022_2023,13 La Vega,0,2023,18,0.009374856948852539,0.0003048049984499812
test_2022_2023,13 La Vega,0,2023,19,0.004687428008764982,0.006009940057992935
test_2022_2023,13 La Vega,0,2023,20,0.023437144234776497,0.00839589536190033
test_2022_2023,13 La Vega,0,2023,21,0.009374856948852539,0.02011161670088768
test_2022_2023,13 La Vega,0,2023,22,0.004687428008764982,0.01002083532512188
test_2022_2023,13 La Vega,0,2023,23,0.009374856948852539,0.0040292260237038136
test_2022_2023,13 La Vega,0,2023,24,0.018749715760350227,0.011020071804523468
test_2022_2023,13 La Vega,0,2023,25,0.028124572709202766,0.019918914884328842
test_2022_2023,13 La Vega,0,2023,26,0.023437144234776497,0.028511131182312965
test_2022_2023,13 La Vega,0,2023,27,0.032812003046274185,0.025571295991539955
test_2022_2023,13 La Vega,0,2023,28,0.04687429219484329,0.03331371024250984
test_2022_2023,13 La Vega,0,2023,29,0.028124572709202766,0.04637795314192772
test_2022_2023,13 La Vega,0,2023,30,0.04687429219484329,0.03527955338358879
test_2022_2023,13 La Vega,0,2023,31,0.07968629151582718,0.046207915991544724
test_2022_2023,13 La Vega,0,2023,32,0.08906114846467972,0.07549666613340378
test_2022_2023,13 La Vega,0,2023,33,0.1218731552362442,0.09014581143856049
test_2022_2023,13 La Vega,0,2023,34,0.19218459725379944,0.12504205107688904
test_2022_2023,13 La Vega,0,2023,35,0.2624960243701935,0.18838906288146973
test_2022_2023,13 La Vega,0,2023,36,0.34218233823776245,0.2610434293746948
test_2022_2023,13 La Vega,0,2023,37,0.135935440659523,0.34175774455070496
test_2022_2023,13 La Vega,0,2023,38,0.0,0.18621455132961273
test_2022_2023,14 María Trinidad Sánchez,2,2022,5,0.013815958052873611,0.037244223058223724
test_2022_2023,14 María Trinidad Sánchez,2,2022,6,0.013815958052873611,0.0096064368262887
test_2022_2023,14 María Trinidad Sánchez,2,2022,7,0.0,0.001512231770902872
test_2022_2023,14 María Trinidad Sánchez,2,2022,8,0.013815958052873611,-0.0035944124683737755
test_2022_2023,14 María Trinidad Sánchez,2,2022,9,0.0,0.010433110408484936
test_2022_2023,14 María Trinidad Sánchez,2,2022,10,0.013815958052873611,0.0002841459063347429
test_2022_2023,14 María Trinidad Sánchez,2,2022,11,0.04144787788391113,0.007772400509566069
test_2022_2023,14 María Trinidad Sánchez,2,2022,12,0.013815958052873611,0.029222209006547928
test_2022_2023,14 María Trinidad Sánchez,2,2022,13,0.013815958052873611,0.006493775174021721
test_2022_2023,14 María Trinidad Sánchez,2,2022,14,0.0,0.005199134349822998
test_2022_2023,14 María Trinidad Sánchez,2,2022,15,0.04144787788391113,-0.004943145904690027
test_2022_2023,14 María Trinidad Sánchez,2,2022,16,0.0,0.028103763237595558
test_2022_2023,14 María Trinidad Sánchez,2,2022,17,0.013815958052873611,-0.00318797305226326
test_2022_2023,14 María Trinidad Sánchez,2,2022,18,0.027631917968392372,0.005409806501120329
test_2022_2023,14 María Trinidad Sánchez,2,2022,19,0.027631917968392372,0.019169466570019722
test_2022_2023,14 María Trinidad Sánchez,2,2022,20,0.08289574831724167,0.021884873509407043
test_2022_2023,14 María Trinidad Sánchez,2,2022,21,0.027631917968392372,0.060517605394124985
test_2022_2023,14 María Trinidad Sánchez,2,2022,22,0.04144787788391113,0.014396945014595985
test_2022_2023,14 María Trinidad Sánchez,2,2022,23,0.0,0.022239960730075836
test_2022_2023,14 María Trinidad Sánchez,2,2022,24,0.04144787788391113,-0.005477596540004015
test_2022_2023,14 María Trinidad Sánchez,2,2022,25,0.08289574831724167,0.02746208943426609
test_2022_2023,14 María Trinidad Sánchez,2,2022,26,0.04144787788391113,0.06402484327554703
test_2022_2023,14 María Trinidad Sánchez,2,2022,27,0.027631917968392372,0.030006403103470802
test_2022_2023,14 María Trinidad Sánchez,2,2022,28,0.055263832211494446,0.018309887498617172
test_2022_2023,14 María Trinidad Sánchez,2,2022,29,0.027631917968392372,0.041713833808898926
test_2022_2023,14 María Trinidad Sánchez,2,2022,30,0.04144787788391113,0.01941545307636261
test_2022_2023,14 María Trinidad Sánchez,2,2022,31,0.08289574831724167,0.02780146896839142
test_2022_2023,14 María Trinidad Sánchez,2,2022,32,0.04144787788391113,0.06375931203365326
test_2022_2023,14 María Trinidad Sánchez,2,2022,33,0.08289574831724167,0.033663827925920486
test_2022_2023,14 María Trinidad Sánchez,2,2022,34,0.09671170264482498,0.06520380824804306
test_2022_2023,14 María Trinidad Sánchez,2,2022,35,0.15197554230690002,0.0792400911450386
test_2022_2023,14 María Trinidad Sánchez,2,2022,36,0.11052767187356949,0.12476982176303864
test_2022_2023,14 María Trinidad Sánchez,2,2022,37,0.08289574831724167,0.09444577246904373
test_2022_2023,14 María Trinidad Sánchez,2,2022,38,0.11052767187356949,0.07227156311273575
test_2022_2023,14 María Trinidad Sánchez,2,2022,39,0.06907979398965836,0.09806723892688751
test_2022_2023,14 María Trinidad Sánchez,2,2022,40,0.06907979398965836,0.06200047582387924
test_2022_2023,14 María Trinidad Sánchez,2,2022,41,0.2486872524023056,0.059235889464616776
test_2022_2023,14 María Trinidad Sánchez,2,2022,42,0.17960746586322784,0.206930473446846
test_2022_2023,14 María Trinidad Sánchez,2,2022,43,0.08289574831724167,0.15763120353221893
test_2022_2023,14 María Trinidad Sánchez,2,2022,44,0.1381595879793167,0.07849454134702682
test_2022_2023,14 María Trinidad Sánchez,2,2022,45,0.09671170264482498,0.10961039364337921
test_2022_2023,14 María Trinidad Sánchez,2,2022,46,0.09671170264482498,0.07283971458673477
test_2022_2023,14 María Trinidad Sánchez,2,2022,47,0.1243436262011528,0.07410410791635513
test_2022_2023,14 María Trinidad Sánchez,2,2022,48,0.013815958052873611,0.09670208394527435
test_2022_2023,14 María Trinidad Sánchez,2,2022,49,0.013815958052873611,0.0090042594820261
test_2022_2023,14 María Trinidad Sánchez,2,2022,50,0.027631917968392372,0.0072549148462712765
test_2022_2023,14 María Trinidad Sánchez,2,2022,51,0.06907979398965836,0.017654912546277046
test_2022_2023,14 María Trinidad Sánchez,2,2022,52,0.06907979398965836,0.05344817787408829
test_2022_2023,14 María Trinidad Sánchez,2,2023,1,0.12441779673099518,0.05751170217990875
test_2022_2023,14 María Trinidad Sánchez,2,2023,2,0.08294519782066345,0.09801971167325974
test_2022_2023,14 María Trinidad Sánchez,2,2023,3,0.013824199326336384,0.06118695065379143
test_2022_2023,14 María Trinidad Sánchez,2,2023,4,0.041472598910331726,-0.0004777027643285692
test_2022_2023,14 María Trinidad Sánchez,2,2023,5,0.041472598910331726,0.024151433259248734
test_2022_2023,14 María Trinidad Sánchez,2,2023,6,0.013824199326336384,0.027129648253321648
test_2022_2023,14 María Trinidad Sánchez,2,2023,7,0.027648398652672768,0.0020455189514905214
test_2022_2023,14 María Trinidad Sánchez,2,2023,8,0.041472598910331726,0.01571517623960972
test_2022_2023,14 María Trinidad Sánchez,2,2023,9,0.055296797305345535,0.029683029279112816
test_2022_2023,14 María Trinidad Sánchez,2,2023,10,0.055296797305345535,0.03885902836918831
test_2022_2023,14 María Trinidad Sánchez,2,2023,11,0.06912099570035934,0.039138227701187134
test_2022_2023,14 María Trinidad Sánchez,2,2023,12,0.027648398652672768,0.04889117181301117
test_2022_2023,14 María Trinidad Sánchez,2,2023,13,0.013824199326336384,0.01680910587310791
test_2022_2023,14 María Trinidad Sánchez,2,2023,14,0.013824199326336384,0.007332643494009972
test_2022_2023,14 María Trinidad Sánchez,2,2023,15,0.013824199326336384,0.011187232099473476
test_2022_2023,14 María Trinidad Sánchez,2,2023,16,0.055296797305345535,0.01144072413444519
test_2022_2023,14 María Trinidad Sánchez,2,2023,17,0.013824199326336384,0.043186258524656296
test_2022_2023,14 María Trinidad Sánchez,2,2023,18,0.041472598910331726,0.013610613532364368
test_2022_2023,14 María Trinidad Sánchez,2,2023,19,0.013824199326336384,0.03297728672623634
test_2022_2023,14 María Trinidad Sánchez,2,2023,20,0.041472598910331726,0.018250558525323868
test_2022_2023,14 María Trinidad Sánchez,2,2023,21,0.041472598910331726,0.03885369747877121
test_2022_2023,14 María Trinidad Sánchez,2,2023,22,0.027648398652672768,0.03677716851234436
test_2022_2023,14 María Trinidad Sánchez,2,2023,23,0.013824199326336384,0.025990724563598633
test_2022_2023,14 María Trinidad Sánchez,2,2023,24,0.013824199326336384,0.018348701298236847
test_2022_2023,14 María Trinidad Sánchez,2,2023,25,0.06912099570035934,0.0185717586427927
test_2022_2023,14 María Trinidad Sánchez,2,2023,26,0.027648398652672768,0.06286630779504776
test_2022_2023,14 María Trinidad Sánchez,2,2023,27,0.041472598910331726,0.03397652134299278
test_2022_2023,14 María Trinidad Sánchez,2,2023,28,0.055296797305345535,0.04421121999621391
test_2022_2023,14 María Trinidad Sánchez,2,2023,29,0.013824199326336384,0.05722161382436752
test_2022_2023,14 María Trinidad Sánchez,2,2023,30,0.06912099570035934,0.023800253868103027
test_2022_2023,14 María Trinidad Sánchez,2,2023,31,0.08294519782066345,0.0653749480843544
test_2022_2023,14 María Trinidad Sánchez,2,2023,32,0.17971459031105042,0.08196527510881424
test_2022_2023,14 María Trinidad Sánchez,2,2023,33,0.12441779673099518,0.16446514427661896
test_2022_2023,14 María Trinidad Sánchez,2,2023,34,0.16589036583900452,0.13243912160396576
test_2022_2023,14 María Trinidad Sánchez,2,2023,35,0.3456049859523773,0.17065060138702393
test_2022_2023,14 María Trinidad Sánchez,2,2023,36,0.41472598910331726,0.3129621744155884
test_2022_2023,14 María Trinidad Sánchez,2,2023,37,0.055296797305345535,0.383383184671402
test_2022_2023,14 María Trinidad Sánchez,2,2023,38,0.0,0.118650883436203
test_2022_2023,15 Monte Cristi,2,2022,5,0.01644107513129711,0.05001557245850563
test_2022_2023,15 Monte Cristi,2,2022,6,0.06576429307460785,0.015421156771481037
test_2022_2023,15 Monte Cristi,2,2022,7,0.049323223531246185,0.05041728913784027
test_2022_2023,15 Monte Cristi,2,2022,8,0.01644107513129711,0.03605733439326286
test_2022_2023,15 Monte Cristi,2,2022,9,0.032882146537303925,0.010129956528544426
test_2022_2023,15 Monte Cristi,2,2022,10,0.049323223531246185,0.02869543991982937
test_2022_2023,15 Monte Cristi,2,2022,11,0.0822053775191307,0.03720800206065178
test_2022_2023,15 Monte Cristi,2,2022,12,0.11508752405643463,0.06338761746883392
test_2022_2023,15 Monte Cristi,2,2022,13,0.0822053775191307,0.0918777585029602
test_2022_2023,15 Monte Cristi,2,2022,14,0.06576429307460785,0.06418577581644058
test_2022_2023,15 Monte Cristi,2,2022,15,0.19729287922382355,0.04521932825446129
test_2022_2023,15 Monte Cristi,2,2022,16,0.1315286010503769,0.15250399708747864
test_2022_2023,15 Monte Cristi,2,2022,17,0.09864644706249237,0.140443816781044
test_2022_2023,15 Monte Cristi,2,2022,18,0.09864644706249237,0.08349170535802841
test_2022_2023,15 Monte Cristi,2,2022,19,0.1315286010503769,0.06206841394305229
test_2022_2023,15 Monte Cristi,2,2022,20,0.09864644706249237,0.11115624755620956
test_2022_2023,15 Monte Cristi,2,2022,21,0.27949824929237366,0.09086977690458298
test_2022_2023,15 Monte Cristi,2,2022,22,0.213733971118927,0.2245137095451355
test_2022_2023,15 Monte Cristi,2,2022,23,0.09864644706249237,0.20894046127796173
test_2022_2023,15 Monte Cristi,2,2022,24,0.049323223531246185,0.10083957016468048
test_2022_2023,15 Monte Cristi,2,2022,25,0.09864644706249237,0.012538935989141464
test_2022_2023,15 Monte Cristi,2,2022,26,0.06576429307460785,0.0572587251663208
test_2022_2023,15 Monte Cristi,2,2022,27,0.06576429307460785,0.05597187578678131
test_2022_2023,15 Monte Cristi,2,2022,28,0.049323223531246185,0.0592794269323349
test_2022_2023,15 Monte Cristi,2,2022,29,0.06576429307460785,0.04425987973809242
test_2022_2023,15 Monte Cristi,2,2022,30,0.049323223531246185,0.054089415818452835
test_2022_2023,15 Monte Cristi,2,2022,31,0.049323223531246185,0.04220901057124138
test_2022_2023,15 Monte Cristi,2,2022,32,0.11508752405643463,0.04127611219882965
test_2022_2023,15 Monte Cristi,2,2022,33,0.1315286010503769,0.0948043242096901
test_2022_2023,15 Monte Cristi,2,2022,34,0.1808518022298813,0.11303478479385376
test_2022_2023,15 Monte Cristi,2,2022,35,0.14796967804431915,0.15523044764995575
test_2022_2023,15 Monte Cristi,2,2022,36,0.3288215100765228,0.11983228474855423
test_2022_2023,15 Monte Cristi,2,2022,37,0.19729287922382355,0.25542402267456055
test_2022_2023,15 Monte Cristi,2,2022,38,0.11508752405643463,0.10819828510284424
test_2022_2023,15 Monte Cristi,2,2022,39,0.2630571722984314,0.0817510262131691
test_2022_2023,15 Monte Cristi,2,2022,40,0.11508752405643463,0.1515354961156845
test_2022_2023,15 Monte Cristi,2,2022,41,0.213733971118927,0.037454284727573395
test_2022_2023,15 Monte Cristi,2,2022,42,0.1808518022298813,0.1667068749666214
test_2022_2023,15 Monte Cristi,2,2022,43,0.23017501831054688,0.07920173555612564
test_2022_2023,15 Monte Cristi,2,2022,44,0.213733971118927,0.15206895768642426
test_2022_2023,15 Monte Cristi,2,2022,45,0.06576429307460785,0.11033140122890472
test_2022_2023,15 Monte Cristi,2,2022,46,0.14796967804431915,0.0023553723003715277
test_2022_2023,15 Monte Cristi,2,2022,47,0.1315286010503769,0.08959388732910156
test_2022_2023,15 Monte Cristi,2,2022,48,0.14796967804431915,0.061051346361637115
test_2022_2023,15 Monte Cristi,2,2022,49,0.41102686524391174,0.10244641453027725
test_2022_2023,15 Monte Cristi,2,2022,50,0.1808518022298813,0.2924123704433441
test_2022_2023,15 Monte Cristi,2,2022,51,0.0822053775191307,0.09518733620643616
test_2022_2023,15 Monte Cristi,2,2022,52,0.049323223531246185,0.036425065249204636
test_2022_2023,15 Monte Cristi,2,2023,1,0.11449095606803894,-0.04425009712576866
test_2022_2023,15 Monte Cristi,2,2023,2,0.1635584980249405,0.07484452426433563
test_2022_2023,15 Monte Cristi,2,2023,3,0.08177925646305084,0.13046152889728546
test_2022_2023,15 Monte Cristi,2,2023,4,0.08177925646305084,0.058347076177597046
test_2022_2023,15 Monte Cristi,2,2023,5,0.08177925646305084,0.052305132150650024
test_2022_2023,15 Monte Cristi,2,2023,6,0.1308467984199524,0.04607166349887848
test_2022_2023,15 Monte Cristi,2,2023,7,0.0654233992099762,0.09058040380477905
test_2022_2023,15 Monte Cristi,2,2023,8,0.08177925646305084,0.041755545884370804
test_2022_2023,15 Monte Cristi,2,2023,9,0.1308467984199524,0.0579327829182148
test_2022_2023,15 Monte Cristi,2,2023,10,0.0654233992099762,0.09534049779176712
test_2022_2023,15 Monte Cristi,2,2023,11,0.049067553132772446,0.05211548134684563
test_2022_2023,15 Monte Cristi,2,2023,12,0.08177925646305084,0.03724510595202446
test_2022_2023,15 Monte Cristi,2,2023,13,0.049067553132772446,0.053535886108875275
test_2022_2023,15 Monte Cristi,2,2023,14,0.11449095606803894,0.03879329562187195
test_2022_2023,15 Monte Cristi,2,2023,15,0.1308467984199524,0.09419742226600647
test_2022_2023,15 Monte Cristi,2,2023,16,0.08177925646305084,0.11272318661212921
test_2022_2023,15 Monte Cristi,2,2023,17,0.1308467984199524,0.07400410622358322
test_2022_2023,15 Monte Cristi,2,2023,18,0.0981350988149643,0.10856013000011444
test_2022_2023,15 Monte Cristi,2,2023,19,0.08177925646305084,0.08512751758098602
test_2022_2023,15 Monte Cristi,2,2023,20,0.08177925646305084,0.08384000509977341
test_2022_2023,15 Monte Cristi,2,2023,21,0.14720265567302704,0.07848653942346573
test_2022_2023,15 Monte Cristi,2,2023,22,0.08177925646305084,0.12186304479837418
test_2022_2023,15 Monte Cristi,2,2023,23,0.14720265567302704,0.08497077226638794
test_2022_2023,15 Monte Cristi,2,2023,24,0.1635584980249405,0.12879009544849396
test_2022_2023,15 Monte Cristi,2,2023,25,0.0981350988149643,0.14817394316196442
test_2022_2023,15 Monte Cristi,2,2023,26,0.11449095606803894,0.1085372045636177
test_2022_2023,15 Monte Cristi,2,2023,27,0.24533775448799133,0.10678020864725113
test_2022_2023,15 Monte Cristi,2,2023,28,0.11449095606803894,0.2213762104511261
test_2022_2023,15 Monte Cristi,2,2023,29,0.08177925646305084,0.1560913324356079
test_2022_2023,15 Monte Cristi,2,2023,30,0.14720265567302704,0.10620123147964478
test_2022_2023,15 Monte Cristi,2,2023,31,0.0654233992099762,0.12057046592235565
test_2022_2023,15 Monte Cristi,2,2023,32,0.21262605488300323,0.07963276654481888
test_2022_2023,15 Monte Cristi,2,2023,33,0.1635584980249405,0.20503106713294983
test_2022_2023,15 Monte Cristi,2,2023,34,0.1962701976299286,0.1521715223789215
test_2022_2023,15 Monte Cristi,2,2023,35,0.2944053113460541,0.19477063417434692
test_2022_2023,15 Monte Cristi,2,2023,36,0.6869456768035889,0.22695419192314148
test_2022_2023,15 Monte Cristi,2,2023,37,0.8995718359947205,0.43980661034584045
test_2022_2023,15 Monte Cristi,2,2023,38,0.0163558516651392,0.036141254007816315
test_2022_2023,17 Peravia,3,2022,5,0.0292438343167305,0.017625771462917328
test_2022_2023,17 Peravia,3,2022,6,0.0097479447722435,0.02532263845205307
test_2022_2023,17 Peravia,3,2022,7,0.019495889544487,0.011437634006142616
test_2022_2023,17 Peravia,3,2022,8,0.019495889544487,0.018045300617814064
test_2022_2023,17 Peravia,3,2022,9,0.019495889544487,0.01835130713880062
test_2022_2023,17 Peravia,3,2022,10,0.0097479447722435,0.018838830292224884
test_2022_2023,17 Peravia,3,2022,11,0.0097479447722435,0.010278329253196716
test_2022_2023,17 Peravia,3,2022,12,0.0097479447722435,0.009520896710455418
test_2022_2023,17 Peravia,3,2022,13,0.038991779088974,0.010567686520516872
test_2022_2023,17 Peravia,3,2022,14,0.0292438343167305,0.03582846745848656
test_2022_2023,17 Peravia,3,2022,15,0.0097479447722435,0.03011360764503479
test_2022_2023,17 Peravia,3,2022,16,0.019495889544487,0.013316797092556953
test_2022_2023,17 Peravia,3,2022,17,0.0,0.020739581435918808
test_2022_2023,17 Peravia,3,2022,18,0.0,0.005576767958700657
test_2022_2023,17 Peravia,3,2022,19,0.0,0.004049610812216997
test_2022_2023,17 Peravia,3,2022,20,0.038991779088974,0.004504356533288956
test_2022_2023,17 Peravia,3,2022,21,0.0,0.02770930901169777
test_2022_2023,17 Peravia,3,2022,22,0.0682356134057045,0.004954122938215733
test_2022_2023,17 Peravia,3,2022,23,0.0097479447722435,0.06148819997906685
test_2022_2023,17 Peravia,3,2022,24,0.038991779088974,0.014823958277702332
test_2022_2023,17 Peravia,3,2022,25,0.0292438343167305,0.035642050206661224
test_2022_2023,17 Peravia,3,2022,26,0.019495889544487,0.02908528409898281
test_2022_2023,17 Peravia,3,2022,27,0.038991779088974,0.02084232121706009
test_2022_2023,17 Peravia,3,2022,28,0.097479447722435,0.03508344292640686
test_2022_2023,17 Peravia,3,2022,29,0.0682356134057045,0.08200626075267792
test_2022_2023,17 Peravia,3,2022,30,0.0292438343167305,0.05375603586435318
test_2022_2023,17 Peravia,3,2022,31,0.0097479447722435,0.023527702316641808
test_2022_2023,17 Peravia,3,2022,32,0.0097479447722435,0.0072234258987009525
test_2022_2023,17 Peravia,3,2022,33,0.019495889544487,0.0076378085650503635
test_2022_2023,17 Peravia,3,2022,34,0.0097479447722435,0.016016017645597458
test_2022_2023,17 Peravia,3,2022,35,0.0292438343167305,0.007384641095995903
test_2022_2023,17 Peravia,3,2022,36,0.0097479447722435,0.024717239663004875
test_2022_2023,17 Peravia,3,2022,37,0.0,0.011995657347142696
test_2022_2023,17 Peravia,3,2022,38,0.0,0.0012953504920005798
test_2022_2023,17 Peravia,3,2022,39,0.0292438343167305,0.0026852041482925415
test_2022_2023,17 Peravia,3,2022,40,0.038991779088974,0.025859743356704712
test_2022_2023,17 Peravia,3,2022,41,0.0097479447722435,0.03474905341863632
test_2022_2023,17 Peravia,3,2022,42,0.0487397238612175,0.007979372516274452
test_2022_2023,17 Peravia,3,2022,43,0.0097479447722435,0.04160282015800476
test_2022_2023,17 Peravia,3,2022,44,0.038991779088974,0.012212039902806282
test_2022_2023,17 Peravia,3,2022,45,0.0292438343167305,0.03442767634987831
test_2022_2023,17 Peravia,3,2022,46,0.0,0.027394255623221397
test_2022_2023,17 Peravia,3,2022,47,0.038991779088974,-0.0006580831250175834
test_2022_2023,17 Peravia,3,2022,48,0.019495889544487,0.03257888928055763
test_2022_2023,17 Peravia,3,2022,49,0.0097479447722435,0.020313503220677376
test_2022_2023,17 Peravia,3,2022,50,0.0097479447722435,0.009080914780497551
test_2022_2023,17 Peravia,3,2022,51,0.0,0.00903101172298193
test_2022_2023,17 Peravia,3,2022,52,0.0097479447722435,6.531392136821523e-05
test_2022_2023,17 Peravia,3,2023,1,0.029075538739562035,0.005784325301647186
test_2022_2023,17 Peravia,3,2023,2,0.04845923185348511,0.02080359123647213
test_2022_2023,17 Peravia,3,2023,3,0.009691847488284111,0.037244148552417755
test_2022_2023,17 Peravia,3,2023,4,0.038767386227846146,0.004401457030326128
test_2022_2023,17 Peravia,3,2023,5,0.009691847488284111,0.032285042107105255
test_2022_2023,17 Peravia,3,2023,6,0.019383693113923073,0.0067549170926213264
test_2022_2023,17 Peravia,3,2023,7,0.0,0.017467210069298744
test_2022_2023,17 Peravia,3,2023,8,0.009691847488284111,0.0015077136922627687
test_2022_2023,17 Peravia,3,2023,9,0.009691847488284111,0.008047928102314472
test_2022_2023,17 Peravia,3,2023,10,0.0,0.008965442888438702
test_2022_2023,17 Peravia,3,2023,11,0.019383693113923073,0.0007374620181508362
test_2022_2023,17 Peravia,3,2023,12,0.009691847488284111,0.017603421583771706
test_2022_2023,17 Peravia,3,2023,13,0.05815107747912407,0.010979284532368183
test_2022_2023,17 Peravia,3,2023,14,0.009691847488284111,0.05237564072012901
test_2022_2023,17 Peravia,3,2023,15,0.009691847488284111,0.017957597970962524
test_2022_2023,17 Peravia,3,2023,16,0.0,0.012054674327373505
test_2022_2023,17 Peravia,3,2023,17,0.029075538739562035,0.0048234430141747
test_2022_2023,17 Peravia,3,2023,18,0.029075538739562035,0.027550768107175827
test_2022_2023,17 Peravia,3,2023,19,0.05815107747912407,0.03040643222630024
test_2022_2023,17 Peravia,3,2023,20,0.009691847488284111,0.05845087021589279
test_2022_2023,17 Peravia,3,2023,21,0.009691847488284111,0.019408535212278366
test_2022_2023,17 Peravia,3,2023,22,0.019383693113923073,0.013291362673044205
test_2022_2023,17 Peravia,3,2023,23,0.009691847488284111,0.02222922444343567
test_2022_2023,17 Peravia,3,2023,24,0.029075538739562035,0.014864125289022923
test_2022_2023,17 Peravia,3,2023,25,0.0,0.030708210542798042
test_2022_2023,17 Peravia,3,2023,26,0.009691847488284111,0.007429671939462423
test_2022_2023,17 Peravia,3,2023,27,0.0,0.012399272993206978
test_2022_2023,17 Peravia,3,2023,28,0.019383693113923073,0.004671661648899317
test_2022_2023,17 Peravia,3,2023,29,0.029075538739562035,0.01851486973464489
test_2022_2023,17 Peravia,3,2023,30,0.038767386227846146,0.02706633321940899
test_2022_2023,17 Peravia,3,2023,31,0.06784292310476303,0.035172175616025925
test_2022_2023,17 Peravia,3,2023,32,0.038767386227846146,0.0603896863758564
test_2022_2023,17 Peravia,3,2023,33,0.08722661435604095,0.038186267018318176
test_2022_2023,17 Peravia,3,2023,34,0.11630215495824814,0.07730304449796677
test_2022_2023,17 Peravia,3,2023,35,0.26167985796928406,0.10441192984580994
test_2022_2023,17 Peravia,3,2023,36,0.11630215495824814,0.21900738775730133
test_2022_2023,17 Peravia,3,2023,37,0.09691846370697021,0.11398184299468994
test_2022_2023,17 Peravia,3,2023,38,0.0,0.10240519791841507
test_2022_2023,18 Puerto Plata,2,2022,5,0.011625760234892368,0.004461716860532761
test_2022_2023,18 Puerto Plata,2,2022,6,0.0,0.010058129206299782
test_2022_2023,18 Puerto Plata,2,2022,7,0.03487727418541908,-0.0020599167328327894
test_2022_2023,18 Puerto Plata,2,2022,8,0.005812878254801035,0.02214675210416317
test_2022_2023,18 Puerto Plata,2,2022,9,0.005812878254801035,0.005078078713268042
test_2022_2023,18 Puerto Plata,2,2022,10,0.023251516744494438,0.0016866527730599046
test_2022_2023,18 Puerto Plata,2,2022,11,0.011625760234892368,0.014339852146804333
test_2022_2023,18 Puerto Plata,2,2022,12,0.011625760234892368,0.007048384286463261
test_2022_2023,18 Puerto Plata,2,2022,13,0.005812878254801035,0.005417585838586092
test_2022_2023,18 Puerto Plata,2,2022,14,0.005812878254801035,0.0010098993079736829
test_2022_2023,18 Puerto Plata,2,2022,15,0.023251516744494438,0.00034461147151887417
test_2022_2023,18 Puerto Plata,2,2022,16,0.005812878254801035,0.013921203091740608
test_2022_2023,18 Puerto Plata,2,2022,17,0.0,0.0023859136272221804
test_2022_2023,18 Puerto Plata,2,2022,18,0.01743863895535469,-0.004058062098920345
test_2022_2023,18 Puerto Plata,2,2022,19,0.005812878254801035,0.007198001258075237
test_2022_2023,18 Puerto Plata,2,2022,20,0.023251516744494438,0.00550386868417263
test_2022_2023,18 Puerto Plata,2,2022,21,0.011625760234892368,0.01565793715417385
test_2022_2023,18 Puerto Plata,2,2022,22,0.011625760234892368,0.007386234123259783
test_2022_2023,18 Puerto Plata,2,2022,23,0.005812878254801035,0.0060827056877315044
test_2022_2023,18 Puerto Plata,2,2022,24,0.01743863895535469,0.003253510920330882
test_2022_2023,18 Puerto Plata,2,2022,25,0.005812878254801035,0.010432767681777477
test_2022_2023,18 Puerto Plata,2,2022,26,0.03487727418541908,0.003988455981016159
test_2022_2023,18 Puerto Plata,2,2022,27,0.029064398258924484,0.02300058864057064
test_2022_2023,18 Puerto Plata,2,2022,28,0.04069015756249428,0.02164512313902378
test_2022_2023,18 Puerto Plata,2,2022,29,0.023251516744494438,0.0310229305177927
test_2022_2023,18 Puerto Plata,2,2022,30,0.046503033488988876,0.02023681066930294
test_2022_2023,18 Puerto Plata,2,2022,31,0.06394167244434357,0.03337519243359566
test_2022_2023,18 Puerto Plata,2,2022,32,0.03487727418541908,0.04881773516535759
test_2022_2023,18 Puerto Plata,2,2022,33,0.05231591314077377,0.03127281740307808
test_2022_2023,18 Puerto Plata,2,2022,34,0.03487727418541908,0.04038219153881073
test_2022_2023,18 Puerto Plata,2,2022,35,0.05231591314077377,0.029734784737229347
test_2022_2023,18 Puerto Plata,2,2022,36,0.08719319105148315,0.041938405483961105
test_2022_2023,18 Puerto Plata,2,2022,37,0.12788334488868713,0.06902151554822922
test_2022_2023,18 Puerto Plata,2,2022,38,0.07556743174791336,0.10227039456367493
test_2022_2023,18 Puerto Plata,2,2022,39,0.05231591314077377,0.07093920558691025
test_2022_2023,18 Puerto Plata,2,2022,40,0.07556743174791336,0.04888603091239929
test_2022_2023,18 Puerto Plata,2,2022,41,0.12788334488868713,0.06269820034503937
test_2022_2023,18 Puerto Plata,2,2022,42,0.06394167244434357,0.10249415785074234
test_2022_2023,18 Puerto Plata,2,2022,43,0.06975454837083817,0.058626558631658554
test_2022_2023,18 Puerto Plata,2,2022,44,0.06975454837083817,0.05789927765727043
test_2022_2023,18 Puerto Plata,2,2022,45,0.09881895035505295,0.057159148156642914
test_2022_2023,18 Puerto Plata,2,2022,46,0.13369622826576233,0.07720701396465302
test_2022_2023,18 Puerto Plata,2,2022,47,0.046503033488988876,0.10333245992660522
test_2022_2023,18 Puerto Plata,2,2022,48,0.08138031512498856,0.041927654296159744
test_2022_2023,18 Puerto Plata,2,2022,49,0.06394167244434357,0.06226453185081482
test_2022_2023,18 Puerto Plata,2,2022,50,0.06394167244434357,0.048155948519706726
test_2022_2023,18 Puerto Plata,2,2022,51,0.06394167244434357,0.04746602103114128
test_2022_2023,18 Puerto Plata,2,2022,52,0.03487727418541908,0.04948832839727402
test_2022_2023,18 Puerto Plata,2,2023,1,0.05217989906668663,0.02695637382566929
test_2022_2023,18 Puerto Plata,2,2023,2,0.05217989906668663,0.03793411701917648
test_2022_2023,18 Puerto Plata,2,2023,3,0.06957320123910904,0.038328565657138824
test_2022_2023,18 Puerto Plata,2,2023,4,0.01739330030977726,0.04919829219579697
test_2022_2023,18 Puerto Plata,2,2023,5,0.040584366768598557,0.014836190268397331
test_2022_2023,18 Puerto Plata,2,2023,6,0.04638213291764259,0.025656426325440407
test_2022_2023,18 Puerto Plata,2,2023,7,0.028988832607865334,0.03042309172451496
test_2022_2023,18 Puerto Plata,2,2023,8,0.0057977670803666115,0.01918952912092209
test_2022_2023,18 Puerto Plata,2,2023,9,0.01739330030977726,0.003083226503804326
test_2022_2023,18 Puerto Plata,2,2023,10,0.011595532298088074,0.010452932678163052
test_2022_2023,18 Puerto Plata,2,2023,11,0.040584366768598557,0.00946514680981636
test_2022_2023,18 Puerto Plata,2,2023,12,0.011595532298088074,0.028972061350941658
test_2022_2023,18 Puerto Plata,2,2023,13,0.01739330030977726,0.010663808323442936
test_2022_2023,18 Puerto Plata,2,2023,14,0.0,0.012473339214920998
test_2022_2023,18 Puerto Plata,2,2023,15,0.011595532298088074,0.002115371637046337
test_2022_2023,18 Puerto Plata,2,2023,16,0.0057977670803666115,0.00805269181728363
test_2022_2023,18 Puerto Plata,2,2023,17,0.0,0.0051134810782969
test_2022_2023,18 Puerto Plata,2,2023,18,0.028988832607865334,0.001591285690665245
test_2022_2023,18 Puerto Plata,2,2023,19,0.0,0.020446302369236946
test_2022_2023,18 Puerto Plata,2,2023,20,0.0057977670803666115,0.007635719608515501
test_2022_2023,18 Puerto Plata,2,2023,21,0.0057977670803666115,0.007961406372487545
test_2022_2023,18 Puerto Plata,2,2023,22,0.01739330030977726,0.007985101081430912
test_2022_2023,18 Puerto Plata,2,2023,23,0.01739330030977726,0.016802068799734116
test_2022_2023,18 Puerto Plata,2,2023,24,0.023191066458821297,0.020059311762452126
test_2022_2023,18 Puerto Plata,2,2023,25,0.01739330030977726,0.02481413260102272
test_2022_2023,18 Puerto Plata,2,2023,26,0.063775435090065,0.02236146666109562
test_2022_2023,18 Puerto Plata,2,2023,27,0.028988832607865334,0.054940614849328995
test_2022_2023,18 Puerto Plata,2,2023,28,0.023191066458821297,0.03665266931056976
test_2022_2023,18 Puerto Plata,2,2023,29,0.04638213291764259,0.03080911375582218
test_2022_2023,18 Puerto Plata,2,2023,30,0.028988832607865334,0.04660249501466751
test_2022_2023,18 Puerto Plata,2,2023,31,0.040584366768598557,0.03563755005598068
test_2022_2023,18 Puerto Plata,2,2023,32,0.07537096738815308,0.042832016944885254
test_2022_2023,18 Puerto Plata,2,2023,33,0.09276426583528519,0.0697515681385994
test_2022_2023,18 Puerto Plata,2,2023,34,0.09276426583528519,0.09003608673810959
test_2022_2023,18 Puerto Plata,2,2023,35,0.17973075807094574,0.09397753328084946
test_2022_2023,18 Puerto Plata,2,2023,36,0.37105709314346313,0.16123400628566742
test_2022_2023,18 Puerto Plata,2,2023,37,0.3188771903514862,0.29587826132774353
test_2022_2023,18 Puerto Plata,2,2023,38,0.0,0.23520250618457794
test_2022_2023,19 Hermanas Mirabal,0,2022,5,0.0,-0.00016252492787316442
test_2022_2023,19 Hermanas Mirabal,0,2022,6,0.0,-0.006442646961659193
test_2022_2023,19 Hermanas Mirabal,0,2022,7,0.021160632371902466,-0.001656756503507495
test_2022_2023,19 Hermanas Mirabal,0,2022,8,0.0,0.015516032464802265
test_2022_2023,19 Hermanas Mirabal,0,2022,9,0.0,0.0029975606594234705
test_2022_2023,19 Hermanas Mirabal,0,2022,10,0.021160632371902466,-0.002421731362119317
test_2022_2023,19 Hermanas Mirabal,0,2022,11,0.04232126474380493,0.017524929717183113
test_2022_2023,19 Hermanas Mirabal,0,2022,12,0.0,0.035808369517326355
test_2022_2023,19 Hermanas Mirabal,0,2022,13,0.0,-0.0026631406508386135
test_2022_2023,19 Hermanas Mirabal,0,2022,14,0.021160632371902466,-0.0038818353787064552
test_2022_2023,19 Hermanas Mirabal,0,2022,15,0.0,0.017131835222244263
test_2022_2023,19 Hermanas Mirabal,0,2022,16,0.0634818971157074,-0.0009438780834898353
test_2022_2023,19 Hermanas Mirabal,0,2022,17,0.021160632371902466,0.05348516255617142
test_2022_2023,19 Hermanas Mirabal,0,2022,18,0.021160632371902466,0.01686117798089981
test_2022_2023,19 Hermanas Mirabal,0,2022,19,0.0,0.013412391766905785
test_2022_2023,19 Hermanas Mirabal,0,2022,20,0.0,0.00613780040293932
test_2022_2023,19 Hermanas Mirabal,0,2022,21,0.021160632371902466,0.0024711573496460915
test_2022_2023,19 Hermanas Mirabal,0,2022,22,0.08464252948760986,0.021803060546517372
test_2022_2023,19 Hermanas Mirabal,0,2022,23,0.08464252948760986,0.07624660432338715
test_2022_2023,19 Hermanas Mirabal,0,2022,24,0.04232126474380493,0.07506881654262543
test_2022_2023,19 Hermanas Mirabal,0,2022,25,0.04232126474380493,0.03690798580646515
test_2022_2023,19 Hermanas Mirabal,0,2022,26,0.0,0.040453407913446426
test_2022_2023,19 Hermanas Mirabal,0,2022,27,0.04232126474380493,0.0028424947522580624
test_2022_2023,19 Hermanas Mirabal,0,2022,28,0.0,0.0435640774667263
test_2022_2023,19 Hermanas Mirabal,0,2022,29,0.04232126474380493,-0.00036703390651382506
test_2022_2023,19 Hermanas Mirabal,0,2022,30,0.021160632371902466,0.03935232013463974
test_2022_2023,19 Hermanas Mirabal,0,2022,31,0.10580316185951233,0.0180180873721838
test_2022_2023,19 Hermanas Mirabal,0,2022,32,0.021160632371902466,0.09507634490728378
test_2022_2023,19 Hermanas Mirabal,0,2022,33,0.08464252948760986,0.019669925794005394
test_2022_2023,19 Hermanas Mirabal,0,2022,34,0.04232126474380493,0.07780589908361435
test_2022_2023,19 Hermanas Mirabal,0,2022,35,0.10580316185951233,0.0389256589114666
test_2022_2023,19 Hermanas Mirabal,0,2022,36,0.0634818971157074,0.09578194469213486
test_2022_2023,19 Hermanas Mirabal,0,2022,37,0.2539275884628296,0.06257780641317368
test_2022_2023,19 Hermanas Mirabal,0,2022,38,0.1269637942314148,0.23540402948856354
test_2022_2023,19 Hermanas Mirabal,0,2022,39,0.14812442660331726,0.11407151073217392
test_2022_2023,19 Hermanas Mirabal,0,2022,40,0.1269637942314148,0.1468961238861084
test_2022_2023,19 Hermanas Mirabal,0,2022,41,0.2539275884628296,0.11865661293268204
test_2022_2023,19 Hermanas Mirabal,0,2022,42,0.2962488532066345,0.24421145021915436
test_2022_2023,19 Hermanas Mirabal,0,2022,43,0.2962488532066345,0.2646065950393677
test_2022_2023,19 Hermanas Mirabal,0,2022,44,0.16928504407405853,0.26178738474845886
test_2022_2023,19 Hermanas Mirabal,0,2022,45,0.16928504407405853,0.15468524396419525
test_2022_2023,19 Hermanas Mirabal,0,2022,46,0.1269637942314148,0.1484057605266571
test_2022_2023,19 Hermanas Mirabal,0,2022,47,0.16928504407405853,0.10834337770938873
test_2022_2023,19 Hermanas Mirabal,0,2022,48,0.14812442660331726,0.15967655181884766
test_2022_2023,19 Hermanas Mirabal,0,2022,49,0.04232126474380493,0.1343550682067871
test_2022_2023,19 Hermanas Mirabal,0,2022,50,0.08464252948760986,0.033847272396087646
test_2022_2023,19 Hermanas Mirabal,0,2022,51,0.1269637942314148,0.07458014786243439
test_2022_2023,19 Hermanas Mirabal,0,2022,52,0.04232126474380493,0.1205609068274498
test_2022_2023,19 Hermanas Mirabal,0,2023,1,0.02117605321109295,0.046783607453107834
test_2022_2023,19 Hermanas Mirabal,0,2023,2,0.0847042128443718,0.014790108427405357
test_2022_2023,19 Hermanas Mirabal,0,2023,3,0.02117605321109295,0.07328865677118301
test_2022_2023,19 Hermanas Mirabal,0,2023,4,0.0,0.014503967948257923
test_2022_2023,19 Hermanas Mirabal,0,2023,5,0.02117605321109295,-0.0030478264670819044
test_2022_2023,19 Hermanas Mirabal,0,2023,6,0.0,0.01770685985684395
test_2022_2023,19 Hermanas Mirabal,0,2023,7,0.02117605321109295,0.0005424599512480199
test_2022_2023,19 Hermanas Mirabal,0,2023,8,0.02117605321109295,0.016664640977978706
test_2022_2023,19 Hermanas Mirabal,0,2023,9,0.02117605321109295,0.020008238032460213
test_2022_2023,19 Hermanas Mirabal,0,2023,10,0.02117605321109295,0.018094565719366074
test_2022_2023,19 Hermanas Mirabal,0,2023,11,0.0423521064221859,0.020917098969221115
test_2022_2023,19 Hermanas Mirabal,0,2023,12,0.02117605321109295,0.038141556084156036
test_2022_2023,19 Hermanas Mirabal,0,2023,13,0.02117605321109295,0.020512210205197334
test_2022_2023,19 Hermanas Mirabal,0,2023,14,0.02117605321109295,0.02299041487276554
test_2022_2023,19 Hermanas Mirabal,0,2023,15,0.0,0.024052836000919342
test_2022_2023,19 Hermanas Mirabal,0,2023,16,0.0423521064221859,0.0024186219088733196
test_2022_2023,19 Hermanas Mirabal,0,2023,17,0.02117605321109295,0.041143741458654404
test_2022_2023,19 Hermanas Mirabal,0,2023,18,0.02117605321109295,0.025974135845899582
test_2022_2023,19 Hermanas Mirabal,0,2023,19,0.0,0.021084662526845932
test_2022_2023,19 Hermanas Mirabal,0,2023,20,0.0,0.011633866466581821
test_2022_2023,19 Hermanas Mirabal,0,2023,21,0.0,0.0054937382228672504
test_2022_2023,19 Hermanas Mirabal,0,2023,22,0.02117605321109295,0.003955034539103508
test_2022_2023,19 Hermanas Mirabal,0,2023,23,0.0,0.024198584258556366
test_2022_2023,19 Hermanas Mirabal,0,2023,24,0.0,0.011274058371782303
test_2022_2023,19 Hermanas Mirabal,0,2023,25,0.0,0.006853044964373112
test_2022_2023,19 Hermanas Mirabal,0,2023,26,0.02117605321109295,0.006392547860741615
test_2022_2023,19 Hermanas Mirabal,0,2023,27,0.02117605321109295,0.02427048422396183
test_2022_2023,19 Hermanas Mirabal,0,2023,28,0.02117605321109295,0.028173498809337616
test_2022_2023,19 Hermanas Mirabal,0,2023,29,0.0423521064221859,0.024939361959695816
test_2022_2023,19 Hermanas Mirabal,0,2023,30,0.0635281577706337,0.045663557946681976
test_2022_2023,19 Hermanas Mirabal,0,2023,31,0.0,0.06408070772886276
test_2022_2023,19 Hermanas Mirabal,0,2023,32,0.1270563155412674,0.007403165102005005
test_2022_2023,19 Hermanas Mirabal,0,2023,33,0.0847042128443718,0.12539371848106384
test_2022_2023,19 Hermanas Mirabal,0,2023,34,0.02117605321109295,0.08861661702394485
test_2022_2023,19 Hermanas Mirabal,0,2023,35,0.40234503149986267,0.03279795125126839
test_2022_2023,19 Hermanas Mirabal,0,2023,36,0.6776337027549744,0.37226271629333496
test_2022_2023,19 Hermanas Mirabal,0,2023,37,0.3811689615249634,0.5329410433769226
test_2022_2023,19 Hermanas Mirabal,0,2023,38,0.0,0.27455273270606995
test_2022_2023,20 Samaná,2,2022,5,0.01707168109714985,0.0037837165873497725
test_2022_2023,20 Samaná,2,2022,6,0.01707168109714985,0.013856245204806328
test_2022_2023,20 Samaná,2,2022,7,0.0,0.007711585145443678
test_2022_2023,20 Samaná,2,2022,8,0.034143365919589996,-0.005985236261039972
test_2022_2023,20 Samaná,2,2022,9,0.034143365919589996,0.0240474883466959
test_2022_2023,20 Samaná,2,2022,10,0.08535841107368469,0.02509942837059498
test_2022_2023,20 Samaná,2,2022,11,0.01707168109714985,0.0591462142765522
test_2022_2023,20 Samaná,2,2022,12,0.01707168109714985,0.00757171306759119
test_2022_2023,20 Samaná,2,2022,13,0.051215048879384995,0.0058728051371872425
test_2022_2023,20 Samaná,2,2022,14,0.11950177699327469,0.0345391109585762
test_2022_2023,20 Samaná,2,2022,15,0.034143365919589996,0.08891751617193222
test_2022_2023,20 Samaná,2,2022,16,0.01707168109714985,0.024600263684988022
test_2022_2023,20 Samaná,2,2022,17,0.01707168109714985,0.004972456488758326
test_2022_2023,20 Samaná,2,2022,18,0.01707168109714985,0.006852489896118641
test_2022_2023,20 Samaná,2,2022,19,0.034143365919589996,0.010212517343461514
test_2022_2023,20 Samaná,2,2022,20,0.034143365919589996,0.025552086532115936
test_2022_2023,20 Samaná,2,2022,21,0.01707168109714985,0.025228753685951233
test_2022_2023,20 Samaná,2,2022,22,0.034143365919589996,0.008641689084470272
test_2022_2023,20 Samaná,2,2022,23,0.0,0.023082053288817406
test_2022_2023,20 Samaná,2,2022,24,0.08535841107368469,-0.0011863557156175375
test_2022_2023,20 Samaná,2,2022,25,0.01707168109714985,0.06304191797971725
test_2022_2023,20 Samaná,2,2022,26,0.034143365919589996,0.02020636573433876
test_2022_2023,20 Samaná,2,2022,27,0.01707168109714985,0.025420190766453743
test_2022_2023,20 Samaná,2,2022,28,0.08535841107368469,0.014981517568230629
test_2022_2023,20 Samaná,2,2022,29,0.1365734487771988,0.07159087061882019
test_2022_2023,20 Samaná,2,2022,30,0.01707168109714985,0.11721407622098923
test_2022_2023,20 Samaná,2,2022,31,0.051215048879384995,0.023091111332178116
test_2022_2023,20 Samaná,2,2022,32,0.08535841107368469,0.03927066922187805
test_2022_2023,20 Samaná,2,2022,33,0.08535841107368469,0.06793143600225449
test_2022_2023,20 Samaná,2,2022,34,0.01707168109714985,0.07415318489074707
test_2022_2023,20 Samaná,2,2022,35,0.08535841107368469,0.0203993059694767
test_2022_2023,20 Samaná,2,2022,36,0.034143365919589996,0.06876566261053085
test_2022_2023,20 Samaná,2,2022,37,0.10243009030818939,0.02865362912416458
test_2022_2023,20 Samaná,2,2022,38,0.11950177699327469,0.08146237581968307
test_2022_2023,20 Samaná,2,2022,39,0.2048601657152176,0.10141060501337051
test_2022_2023,20 Samaná,2,2022,40,0.06828673183917999,0.166206955909729
test_2022_2023,20 Samaná,2,2022,41,0.08535841107368469,0.05732689052820206
test_2022_2023,20 Samaná,2,2022,42,0.18778851628303528,0.06245187669992447
test_2022_2023,20 Samaná,2,2022,43,0.08535841107368469,0.13730353116989136
test_2022_2023,20 Samaná,2,2022,44,0.18778851628303528,0.06342672556638718
test_2022_2023,20 Samaná,2,2022,45,0.11950177699327469,0.14114579558372498
test_2022_2023,20 Samaná,2,2022,46,0.22193187475204468,0.07962508499622345
test_2022_2023,20 Samaná,2,2022,47,0.11950177699327469,0.1593255251646042
test_2022_2023,20 Samaná,2,2022,48,0.051215048879384995,0.07251274585723877
test_2022_2023,20 Samaná,2,2022,49,0.051215048879384995,0.026394523680210114
test_2022_2023,20 Samaná,2,2022,50,0.051215048879384995,0.020051458850502968
test_2022_2023,20 Samaná,2,2022,51,0.034143365919589996,0.03229318559169769
test_2022_2023,20 Samaná,2,2022,52,0.01707168109714985,0.02483503893017769
test_2022_2023,20 Samaná,2,2023,1,0.03386039659380913,0.013127162121236324
test_2022_2023,20 Samaná,2,2023,2,0.05079059675335884,0.02945302240550518
test_2022_2023,20 Samaná,2,2023,3,0.03386039659380913,0.041972316801548004
test_2022_2023,20 Samaná,2,2023,4,0.016930200159549713,0.02415398880839348
test_2022_2023,20 Samaná,2,2023,5,0.0,0.009091381914913654
test_2022_2023,20 Samaná,2,2023,6,0.0,-0.004838583990931511
test_2022_2023,20 Samaná,2,2023,7,0.0,-0.005840775556862354
test_2022_2023,20 Samaná,2,2023,8,0.0,-0.003148899879306555
test_2022_2023,20 Samaná,2,2023,9,0.0,-0.0003503990010358393
test_2022_2023,20 Samaná,2,2023,10,0.0,0.000887884758412838
test_2022_2023,20 Samaná,2,2023,11,0.016930200159549713,0.001789246452972293
test_2022_2023,20 Samaná,2,2023,12,0.016930200159549713,0.015489056706428528
test_2022_2023,20 Samaná,2,2023,13,0.0,0.013989830389618874
test_2022_2023,20 Samaná,2,2023,14,0.0,0.0008760837954469025
test_2022_2023,20 Samaná,2,2023,15,0.0,0.0006549676763825119
test_2022_2023,20 Samaná,2,2023,16,0.03386039659380913,0.0011194127146154642
test_2022_2023,20 Samaná,2,2023,17,0.0,0.028020104393363
test_2022_2023,20 Samaná,2,2023,18,0.0,0.003324479330331087
test_2022_2023,20 Samaná,2,2023,19,0.016930200159549713,0.0010745221516117454
test_2022_2023,20 Samaná,2,2023,20,0.0,0.014656302519142628
test_2022_2023,20 Samaná,2,2023,21,0.0,0.0054200561717152596
test_2022_2023,20 Samaná,2,2023,22,0.0,0.00308976205997169
test_2022_2023,20 Samaná,2,2023,23,0.0,0.0031565483659505844
test_2022_2023,20 Samaná,2,2023,24,0.0,0.002944179344922304
test_2022_2023,20 Samaná,2,2023,25,0.016930200159549713,0.0023606522008776665
test_2022_2023,20 Samaná,2,2023,26,0.016930200159549713,0.017048370093107224
test_2022_2023,20 Samaná,2,2023,27,0.0,0.01938476227223873
test_2022_2023,20 Samaná,2,2023,28,0.03386039659380913,0.006801242008805275
test_2022_2023,20 Samaná,2,2023,29,0.016930200159549713,0.03641800209879875
test_2022_2023,20 Samaná,2,2023,30,0.0,0.026304244995117188
test_2022_2023,20 Samaná,2,2023,31,0.03386039659380913,0.007796137128025293
test_2022_2023,20 Samaná,2,2023,32,0.016930200159549713,0.03453366458415985
test_2022_2023,20 Samaná,2,2023,33,0.08465100079774857,0.02434277907013893
test_2022_2023,20 Samaná,2,2023,34,0.06772079318761826,0.07743827998638153
test_2022_2023,20 Samaná,2,2023,35,0.1354415863752365,0.07150376588106155
test_2022_2023,20 Samaná,2,2023,36,0.3893945813179016,0.12719875574111938
test_2022_2023,20 Samaná,2,2023,37,0.1185113862156868,0.3312121331691742
test_2022_2023,20 Samaná,2,2023,38,0.016930200159549713,0.13554146885871887
test_2022_2023,21 San Cristóbal,4,2022,5,0.01796843856573105,0.012233599089086056
test_2022_2023,21 San Cristóbal,4,2022,6,0.01197895873337984,0.014257634989917278
test_2022_2023,21 San Cristóbal,4,2022,7,0.01197895873337984,0.009715914726257324
test_2022_2023,21 San Cristóbal,4,2022,8,0.01796843856573105,0.009896375238895416
test_2022_2023,21 San Cristóbal,4,2022,9,0.029947398230433464,0.013595995493233204
test_2022_2023,21 San Cristóbal,4,2022,10,0.032942138612270355,0.0222658459097147
test_2022_2023,21 San Cristóbal,4,2022,11,0.005989479832351208,0.026267804205417633
test_2022_2023,21 San Cristóbal,4,2022,12,0.026952657848596573,0.008791781961917877
test_2022_2023,21 San Cristóbal,4,2022,13,0.029947398230433464,0.018483996391296387
test_2022_2023,21 San Cristóbal,4,2022,14,0.03893161565065384,0.023774852976202965
test_2022_2023,21 San Cristóbal,4,2022,15,0.02395791932940483,0.030173294246196747
test_2022_2023,21 San Cristóbal,4,2022,16,0.02395791932940483,0.023620491847395897
test_2022_2023,21 San Cristóbal,4,2022,17,0.03893161565065384,0.022405320778489113
test_2022_2023,21 San Cristóbal,4,2022,18,0.04791583865880966,0.03076750598847866
test_2022_2023,21 San Cristóbal,4,2022,19,0.04791583865880966,0.03970436379313469
test_2022_2023,21 San Cristóbal,4,2022,20,0.035936880856752396,0.046569161117076874
test_2022_2023,21 San Cristóbal,4,2022,21,0.04192635789513588,0.03866211697459221
test_2022_2023,21 San Cristóbal,4,2022,22,0.026952657848596573,0.0396345816552639
test_2022_2023,21 San Cristóbal,4,2022,23,0.032942138612270355,0.030781904235482216
test_2022_2023,21 San Cristóbal,4,2022,24,0.06288953870534897,0.03216690197587013
test_2022_2023,21 San Cristóbal,4,2022,25,0.032942138612270355,0.052846748381853104
test_2022_2023,21 San Cristóbal,4,2022,26,0.056900057941675186,0.04158049449324608
test_2022_2023,21 San Cristóbal,4,2022,27,0.0718737542629242,0.05354789271950722
test_2022_2023,21 San Cristóbal,4,2022,28,0.029947398230433464,0.0665643960237503
test_2022_2023,21 San Cristóbal,4,2022,29,0.029947398230433464,0.04533170908689499
test_2022_2023,21 San Cristóbal,4,2022,30,0.06288953870534897,0.034502189606428146
test_2022_2023,21 San Cristóbal,4,2022,31,0.02395791932940483,0.05283447727560997
test_2022_2023,21 San Cristóbal,4,2022,32,0.04791583865880966,0.03383134305477142
test_2022_2023,21 San Cristóbal,4,2022,33,0.04492109641432762,0.04344522953033447
test_2022_2023,21 San Cristóbal,4,2022,34,0.032942138612270355,0.04385220631957054
test_2022_2023,21 San Cristóbal,4,2022,35,0.03893161565065384,0.036008499562740326
test_2022_2023,21 San Cristóbal,4,2022,36,0.053905315697193146,0.03708980232477188
test_2022_2023,21 San Cristóbal,4,2022,37,0.032942138612270355,0.047435399144887924
test_2022_2023,21 San Cristóbal,4,2022,38,0.04192635789513588,0.03720811754465103
test_2022_2023,21 San Cristóbal,4,2022,39,0.04192635789513588,0.040145691484212875
test_2022_2023,21 San Cristóbal,4,2022,40,0.04791583865880966,0.03870753198862076
test_2022_2023,21 San Cristóbal,4,2022,41,0.035936880856752396,0.0432308129966259
test_2022_2023,21 San Cristóbal,4,2022,42,0.03893161565065384,0.03500057011842728
test_2022_2023,21 San Cristóbal,4,2022,43,0.04492109641432762,0.03446602821350098
test_2022_2023,21 San Cristóbal,4,2022,44,0.032942138612270355,0.03819068893790245
test_2022_2023,21 San Cristóbal,4,2022,45,0.01197895873337984,0.031111279502511024
test_2022_2023,21 San Cristóbal,4,2022,46,0.01796843856573105,0.013976790942251682
test_2022_2023,21 San Cristóbal,4,2022,47,0.02096317894756794,0.01451159082353115
test_2022_2023,21 San Cristóbal,4,2022,48,0.02096317894756794,0.017319459468126297
test_2022_2023,21 San Cristóbal,4,2022,49,0.005989479832351208,0.01844072714447975
test_2022_2023,21 San Cristóbal,4,2022,50,0.008984219282865524,0.005415331106632948
test_2022_2023,21 San Cristóbal,4,2022,51,0.01197895873337984,0.0057523371651768684
test_2022_2023,21 San Cristóbal,4,2022,52,0.008984219282865524,0.009513351134955883
test_2022_2023,21 San Cristóbal,4,2023,1,0.002965782769024372,0.007706622593104839
test_2022_2023,21 San Cristóbal,4,2023,2,0.01779470220208168,0.003431034740060568
test_2022_2023,21 San Cristóbal,4,2023,3,0.002965782769024372,0.010766340419650078
test_2022_2023,21 San Cristóbal,4,2023,4,0.00889735110104084,0.002095007337629795
test_2022_2023,21 San Cristóbal,4,2023,5,0.01779470220208168,0.00495326379314065
test_2022_2023,21 San Cristóbal,4,2023,6,0.005931567866355181,0.011319044977426529
test_2022_2023,21 San Cristóbal,4,2023,7,0.005931567866355181,0.004175813402980566
test_2022_2023,21 San Cristóbal,4,2023,8,0.0,0.004215961322188377
test_2022_2023,21 San Cristóbal,4,2023,9,0.005931567866355181,-0.0001493543531978503
test_2022_2023,21 San Cristóbal,4,2023,10,0.011863134801387787,0.002401933539658785
test_2022_2023,21 San Cristóbal,4,2023,11,0.005931567866355181,0.007143471855670214
test_2022_2023,21 San Cristóbal,4,2023,12,0.005931567866355181,0.004328068345785141
test_2022_2023,21 San Cristóbal,4,2023,13,0.011863134801387787,0.0036719152703881264
test_2022_2023,21 San Cristóbal,4,2023,14,0.002965782769024372,0.007860465906560421
test_2022_2023,21 San Cristóbal,4,2023,15,0.005931567866355181,0.004095053765922785
test_2022_2023,21 San Cristóbal,4,2023,16,0.011863134801387787,0.004756955895572901
test_2022_2023,21 San Cristóbal,4,2023,17,0.020760485902428627,0.00931449607014656
test_2022_2023,21 San Cristóbal,4,2023,18,0.005931567866355181,0.017037102952599525
test_2022_2023,21 San Cristóbal,4,2023,19,0.011863134801387787,0.009672722779214382
test_2022_2023,21 San Cristóbal,4,2023,20,0.014828918501734734,0.01432324294000864
test_2022_2023,21 San Cristóbal,4,2023,21,0.00889735110104084,0.016744570806622505
test_2022_2023,21 San Cristóbal,4,2023,22,0.023726269602775574,0.012673385441303253
test_2022_2023,21 San Cristóbal,4,2023,23,0.005931567866355181,0.021178703755140305
test_2022_2023,21 San Cristóbal,4,2023,24,0.020760485902428627,0.013697469606995583
test_2022_2023,21 San Cristóbal,4,2023,25,0.014828918501734734,0.020680483430624008
test_2022_2023,21 San Cristóbal,4,2023,26,0.03558940440416336,0.02041400596499443
test_2022_2023,21 San Cristóbal,4,2023,27,0.011863134801387787,0.03358997032046318
test_2022_2023,21 San Cristóbal,4,2023,28,0.00889735110104084,0.023171979933977127
test_2022_2023,21 San Cristóbal,4,2023,29,0.05338410660624504,0.01724502630531788
test_2022_2023,21 San Cristóbal,4,2023,30,0.029657837003469467,0.04350908100605011
test_2022_2023,21 San Cristóbal,4,2023,31,0.0949050784111023,0.03843295946717262
test_2022_2023,21 San Cristóbal,4,2023,32,0.0919393002986908,0.08017007261514664
test_2022_2023,21 San Cristóbal,4,2023,33,0.09787086397409439,0.09466800838708878
test_2022_2023,21 San Cristóbal,4,2023,34,0.12159712612628937,0.1043430045247078
test_2022_2023,21 San Cristóbal,4,2023,35,0.23429688811302185,0.12061405181884766
test_2022_2023,21 San Cristóbal,4,2023,36,0.3529282808303833,0.1982250064611435
test_2022_2023,21 San Cristóbal,4,2023,37,0.1927759200334549,0.2993852496147156
test_2022_2023,21 San Cristóbal,4,2023,38,0.005931567866355181,0.22007626295089722
test_2022_2023,22 San Juan,0,2022,5,0.0,-0.0030210819095373154
test_2022_2023,22 San Juan,0,2022,6,0.0,-0.004962028469890356
test_2022_2023,22 San Juan,0,2022,7,0.008884316310286522,-0.004341167397797108
test_2022_2023,22 San Juan,0,2022,8,0.0,0.0032767353113740683
test_2022_2023,22 San Juan,0,2022,9,0.008884316310286522,-0.001697814674116671
test_2022_2023,22 San Juan,0,2022,10,0.0,0.0037069872487336397
test_2022_2023,22 San Juan,0,2022,11,0.026652952656149864,-0.004195165820419788
test_2022_2023,22 San Juan,0,2022,12,0.008884316310286522,0.015816662460565567
test_2022_2023,22 San Juan,0,2022,13,0.05330590531229973,0.004576378967612982
test_2022_2023,22 San Juan,0,2022,14,0.008884316310286522,0.035465776920318604
test_2022_2023,22 San Juan,0,2022,15,0.017768636345863342,0.005812129005789757
test_2022_2023,22 San Juan,0,2022,16,0.008884316310286522,0.009333847090601921
test_2022_2023,22 San Juan,0,2022,17,0.0,0.0038706946652382612
test_2022_2023,22 San Juan,0,2022,18,0.008884316310286522,-0.0026948656886816025
test_2022_2023,22 San Juan,0,2022,19,0.026652952656149864,-0.00016380622400902212
test_2022_2023,22 San Juan,0,2022,20,0.05330590531229973,0.01929677091538906
test_2022_2023,22 San Juan,0,2022,21,0.017768636345863342,0.04044712707400322
test_2022_2023,22 San Juan,0,2022,22,0.008884316310286522,0.01308143325150013
test_2022_2023,22 San Juan,0,2022,23,0.008884316310286522,0.002109070075675845
test_2022_2023,22 San Juan,0,2022,24,0.017768636345863342,0.0035865919198840857
test_2022_2023,22 San Juan,0,2022,25,0.008884316310286522,0.011717771179974079
test_2022_2023,22 San Juan,0,2022,26,0.0,0.005496753379702568
test_2022_2023,22 San Juan,0,2022,27,0.017768636345863342,-0.002430498134344816
test_2022_2023,22 San Juan,0,2022,28,0.035537272691726685,0.010738433338701725
test_2022_2023,22 San Juan,0,2022,29,0.008884316310286522,0.026479538530111313
test_2022_2023,22 San Juan,0,2022,30,0.035537272691726685,0.006025613285601139
test_2022_2023,22 San Juan,0,2022,31,0.008884316310286522,0.026502911001443863
test_2022_2023,22 San Juan,0,2022,32,0.035537272691726685,0.006729853339493275
test_2022_2023,22 San Juan,0,2022,33,0.07107454538345337,0.02863273024559021
test_2022_2023,22 San Juan,0,2022,34,0.017768636345863342,0.05868944525718689
test_2022_2023,22 San Juan,0,2022,35,0.08884317427873611,0.015402590855956078
test_2022_2023,22 San Juan,0,2022,36,0.11549612879753113,0.07357235997915268
test_2022_2023,22 San Juan,0,2022,37,0.08884317427873611,0.10056919604539871
test_2022_2023,22 San Juan,0,2022,38,0.1599177122116089,0.0832822248339653
test_2022_2023,22 San Juan,0,2022,39,0.2132236212491989,0.14116884768009186
test_2022_2023,22 San Juan,0,2022,40,0.13326476514339447,0.18681812286376953
test_2022_2023,22 San Juan,0,2022,41,0.19545498490333557,0.12806083261966705
test_2022_2023,22 San Juan,0,2022,42,0.23099227249622345,0.16711080074310303
test_2022_2023,22 San Juan,0,2022,43,0.2576451897621155,0.1865054965019226
test_2022_2023,22 San Juan,0,2022,44,0.17768633365631104,0.21443891525268555
test_2022_2023,22 San Juan,0,2022,45,0.11549612879753113,0.1428394615650177
test_2022_2023,22 San Juan,0,2022,46,0.1243804395198822,0.08117887377738953
test_2022_2023,22 San Juan,0,2022,47,0.07995885610580444,0.08015243709087372
test_2022_2023,22 San Juan,0,2022,48,0.05330590531229973,0.052270323038101196
test_2022_2023,22 San Juan,0,2022,49,0.09772749990224838,0.04062474146485329
test_2022_2023,22 San Juan,0,2022,50,0.04442158713936806,0.07380330562591553
test_2022_2023,22 San Juan,0,2022,51,0.017768636345863342,0.034486155956983566
test_2022_2023,22 San Juan,0,2022,52,0.026652952656149864,0.01072122622281313
test_2022_2023,22 San Juan,0,2023,1,0.1072273924946785,0.015898145735263824
test_2022_2023,22 San Juan,0,2023,2,0.008935616351664066,0.07964880764484406
test_2022_2023,22 San Juan,0,2023,3,0.008935616351664066,0.0015616603195667267
test_2022_2023,22 San Juan,0,2023,4,0.03574246168136597,-0.004345603287220001
test_2022_2023,22 San Juan,0,2023,5,0.03574246168136597,0.021874068304896355
test_2022_2023,22 San Juan,0,2023,6,0.017871230840682983,0.023021114990115166
test_2022_2023,22 San Juan,0,2023,7,0.0,0.007594412192702293
test_2022_2023,22 San Juan,0,2023,8,0.017871230840682983,-0.007653448265045881
test_2022_2023,22 San Juan,0,2023,9,0.008935616351664066,0.006715650670230389
test_2022_2023,22 San Juan,0,2023,10,0.008935616351664066,0.002889784751459956
test_2022_2023,22 San Juan,0,2023,11,0.017871230840682983,0.00345298508182168
test_2022_2023,22 San Juan,0,2023,12,0.008935616351664066,0.011722084134817123
test_2022_2023,22 San Juan,0,2023,13,0.008935616351664066,0.007868836633861065
test_2022_2023,22 San Juan,0,2023,14,0.017871230840682983,0.007165900897234678
test_2022_2023,22 San Juan,0,2023,15,0.008935616351664066,0.015000981278717518
test_2022_2023,22 San Juan,0,2023,16,0.0,0.007307011634111404
test_2022_2023,22 San Juan,0,2023,17,0.0,0.0006276400526985526
test_2022_2023,22 San Juan,0,2023,18,0.008935616351664066,0.0012920419685542583
test_2022_2023,22 San Juan,0,2023,19,0.008935616351664066,0.006002628244459629
test_2022_2023,22 San Juan,0,2023,20,0.0,0.01119301375001669
test_2022_2023,22 San Juan,0,2023,21,0.017871230840682983,0.0003595588786993176
test_2022_2023,22 San Juan,0,2023,22,0.026806848123669624,0.014165975153446198
test_2022_2023,22 San Juan,0,2023,23,0.0,0.02606065385043621
test_2022_2023,22 San Juan,0,2023,24,0.0,0.004204674623906612
test_2022_2023,22 San Juan,0,2023,25,0.026806848123669624,0.0037626640405505896
test_2022_2023,22 San Juan,0,2023,26,0.0,0.027218017727136612
test_2022_2023,22 San Juan,0,2023,27,0.008935616351664066,0.007045692298561335
test_2022_2023,22 San Juan,0,2023,28,0.026806848123669624,0.01277234684675932
test_2022_2023,22 San Juan,0,2023,29,0.05361369252204895,0.029955243691802025
test_2022_2023,22 San Juan,0,2023,30,0.05361369252204895,0.05357150733470917
test_2022_2023,22 San Juan,0,2023,31,0.12509861588478088,0.057191573083400726
test_2022_2023,22 San Juan,0,2023,32,0.08935615420341492,0.11950679123401642
test_2022_2023,22 San Juan,0,2023,33,0.16977670788764954,0.09711573272943497
test_2022_2023,22 San Juan,0,2023,34,0.12509861588478088,0.16862475872039795
test_2022_2023,22 San Juan,0,2023,35,0.2144547700881958,0.1294487714767456
test_2022_2023,22 San Juan,0,2023,36,0.411038339138031,0.20943790674209595
test_2022_2023,22 San Juan,0,2023,37,0.2233903706073761,0.3837618827819824
test_2022_2023,22 San Juan,0,2023,38,0.008935616351664066,0.23448212444782257
test_2022_2023,23 San Pedro de Macorís,2,2022,5,0.006335224024951458,0.00015519272710662335
test_2022_2023,23 San Pedro de Macorís,2,2022,6,0.006335224024951458,0.005107740871608257
test_2022_2023,23 San Pedro de Macorís,2,2022,7,0.025340894237160683,3.519716119626537e-05
test_2022_2023,23 San Pedro de Macorís,2,2022,8,0.0190056711435318,0.014555524103343487
test_2022_2023,23 San Pedro de Macorís,2,2022,9,0.012670446187257767,0.01376588549464941
test_2022_2023,23 San Pedro de Macorís,2,2022,10,0.0,0.00911727175116539
test_2022_2023,23 San Pedro de Macorís,2,2022,11,0.006335224024951458,-0.0010786530328914523
test_2022_2023,23 San Pedro de Macorís,2,2022,12,0.0190056711435318,0.0021682833321392536
test_2022_2023,23 San Pedro de Macorís,2,2022,13,0.012670446187257767,0.012705793604254723
test_2022_2023,23 San Pedro de Macorís,2,2022,14,0.006335224024951458,0.008346152491867542
test_2022_2023,23 San Pedro de Macorís,2,2022,15,0.0,0.0013736151158809662
test_2022_2023,23 San Pedro de Macorís,2,2022,16,0.0,-0.0021825942676514387
test_2022_2023,23 San Pedro de Macorís,2,2022,17,0.0190056711435318,-0.0006783798453398049
test_2022_2023,23 San Pedro de Macorís,2,2022,18,0.0,0.012117816135287285
test_2022_2023,23 San Pedro de Macorís,2,2022,19,0.0,-0.0018207301618531346
test_2022_2023,23 San Pedro de Macorís,2,2022,20,0.0190056711435318,-0.0016244666185230017
test_2022_2023,23 San Pedro de Macorís,2,2022,21,0.04434656351804733,0.012067299336194992
test_2022_2023,23 San Pedro de Macorís,2,2022,22,0.0190056711435318,0.03403719514608383
test_2022_2023,23 San Pedro de Macorís,2,2022,23,0.0570170097053051,0.018957428634166718
test_2022_2023,23 San Pedro de Macorís,2,2022,24,0.025340894237160683,0.041854508221149445
test_2022_2023,23 San Pedro de Macorís,2,2022,25,0.0380113422870636,0.025694862008094788
test_2022_2023,23 San Pedro de Macorís,2,2022,26,0.0380113422870636,0.03194050490856171
test_2022_2023,23 San Pedro de Macorís,2,2022,27,0.0380113422870636,0.03402506187558174
test_2022_2023,23 San Pedro de Macorís,2,2022,28,0.0380113422870636,0.03411215543746948
test_2022_2023,23 San Pedro de Macorís,2,2022,29,0.025340894237160683,0.03546934947371483
test_2022_2023,23 San Pedro de Macorís,2,2022,30,0.05068178474903107,0.02663247659802437
test_2022_2023,23 San Pedro de Macorís,2,2022,31,0.0570170097053051,0.042200908064842224
test_2022_2023,23 San Pedro de Macorís,2,2022,32,0.04434656351804733,0.050731804221868515
test_2022_2023,23 San Pedro de Macorís,2,2022,33,0.04434656351804733,0.04380182921886444
test_2022_2023,23 San Pedro de Macorís,2,2022,34,0.0760226845741272,0.04130376875400543
test_2022_2023,23 San Pedro de Macorís,2,2022,35,0.08235790580511093,0.06344351917505264
test_2022_2023,23 San Pedro de Macorís,2,2022,36,0.0760226845741272,0.07307655364274979
test_2022_2023,23 San Pedro de Macorís,2,2022,37,0.06335223466157913,0.06724611669778824
test_2022_2023,23 San Pedro de Macorís,2,2022,38,0.10769879817962646,0.056843917816877365
test_2022_2023,23 San Pedro de Macorís,2,2022,39,0.08869313448667526,0.08945219963788986
test_2022_2023,23 San Pedro de Macorís,2,2022,40,0.08869313448667526,0.07328139990568161
test_2022_2023,23 San Pedro de Macorís,2,2022,41,0.06335223466157913,0.07454857975244522
test_2022_2023,23 San Pedro de Macorís,2,2022,42,0.031676117330789566,0.05580431967973709
test_2022_2023,23 San Pedro de Macorís,2,2022,43,0.025340894237160683,0.028653625398874283
test_2022_2023,23 San Pedro de Macorís,2,2022,44,0.0380113422870636,0.022386664524674416
test_2022_2023,23 San Pedro de Macorís,2,2022,45,0.05068178474903107,0.029656516388058662
test_2022_2023,23 San Pedro de Macorís,2,2022,46,0.05068178474903107,0.03663702681660652
test_2022_2023,23 San Pedro de Macorís,2,2022,47,0.06335223466157913,0.04071639105677605
test_2022_2023,23 San Pedro de Macorís,2,2022,48,0.06968745589256287,0.05010220780968666
test_2022_2023,23 San Pedro de Macorís,2,2022,49,0.006335224024951458,0.05474313348531723
test_2022_2023,23 San Pedro de Macorís,2,2022,50,0.012670446187257767,0.005768798291683197
test_2022_2023,23 San Pedro de Macorís,2,2022,51,0.012670446187257767,0.0061118146404623985
test_2022_2023,23 San Pedro de Macorís,2,2022,52,0.012670446187257767,0.008614754304289818
test_2022_2023,23 San Pedro de Macorís,2,2023,1,0.012621326372027397,0.00753750978037715
test_2022_2023,23 San Pedro de Macorís,2,2023,2,0.012621326372027397,0.008843273855745792
test_2022_2023,23 San Pedro de Macorís,2,2023,3,0.012621326372027397,0.007470611948519945
test_2022_2023,23 San Pedro de Macorís,2,2023,4,0.0,0.0070330910384655
test_2022_2023,23 San Pedro de Macorís,2,2023,5,0.012621326372027397,1.759097540343646e-05
test_2022_2023,23 San Pedro de Macorís,2,2023,6,0.006310663186013699,0.007237016689032316
test_2022_2023,23 San Pedro de Macorís,2,2023,7,0.006310663186013699,0.0014293415006250143
test_2022_2023,23 San Pedro de Macorís,2,2023,8,0.006310663186013699,0.0016473077703267336
test_2022_2023,23 San Pedro de Macorís,2,2023,9,0.0,0.0028782926965504885
test_2022_2023,23 San Pedro de Macorís,2,2023,10,0.018931986764073372,-0.001229245332069695
test_2022_2023,23 San Pedro de Macorís,2,2023,11,0.006310663186013699,0.012499013915657997
test_2022_2023,23 San Pedro de Macorís,2,2023,12,0.0,0.0052034989930689335
test_2022_2023,23 San Pedro de Macorís,2,2023,13,0.012621326372027397,-0.0010387267684563994
test_2022_2023,23 San Pedro de Macorís,2,2023,14,0.006310663186013699,0.009238858707249165
test_2022_2023,23 San Pedro de Macorís,2,2023,15,0.0,0.0067591420374810696
test_2022_2023,23 San Pedro de Macorís,2,2023,16,0.0,0.0007204996072687209
test_2022_2023,23 San Pedro de Macorís,2,2023,17,0.0,0.000770388578530401
test_2022_2023,23 San Pedro de Macorís,2,2023,18,0.0,0.0026470564771443605
test_2022_2023,23 San Pedro de Macorís,2,2023,19,0.0,0.0023463433608412743
test_2022_2023,23 San Pedro de Macorís,2,2023,20,0.0,0.002285562688484788
test_2022_2023,23 San Pedro de Macorís,2,2023,21,0.012621326372027397,0.003371638711541891
test_2022_2023,23 San Pedro de Macorís,2,2023,22,0.018931986764073372,0.010723406448960304
test_2022_2023,23 San Pedro de Macorís,2,2023,23,0.0,0.019646471366286278
test_2022_2023,23 San Pedro de Macorís,2,2023,24,0.006310663186013699,0.0071402546018362045
test_2022_2023,23 San Pedro de Macorís,2,2023,25,0.025242650881409645,0.009323504753410816
test_2022_2023,23 San Pedro de Macorís,2,2023,26,0.018931986764073372,0.025373071432113647
test_2022_2023,23 San Pedro de Macorís,2,2023,27,0.0,0.02347376197576523
test_2022_2023,23 San Pedro de Macorís,2,2023,28,0.018931986764073372,0.008970201015472412
test_2022_2023,23 San Pedro de Macorís,2,2023,29,0.018931986764073372,0.023484006524086
test_2022_2023,23 San Pedro de Macorís,2,2023,30,0.025242650881409645,0.025042807683348656
test_2022_2023,23 San Pedro de Macorís,2,2023,31,0.006310663186013699,0.029142778366804123
test_2022_2023,23 San Pedro de Macorís,2,2023,32,0.03155331313610077,0.016853097826242447
test_2022_2023,23 San Pedro de Macorís,2,2023,33,0.025242650881409645,0.03318978473544121
test_2022_2023,23 San Pedro de Macorís,2,2023,34,0.08203861862421036,0.03285907208919525
test_2022_2023,23 San Pedro de Macorís,2,2023,35,0.15776656568050385,0.07536086440086365
test_2022_2023,23 San Pedro de Macorís,2,2023,36,0.29660114645957947,0.1349782645702362
test_2022_2023,23 San Pedro de Macorís,2,2023,37,0.20194119215011597,0.23078596591949463
test_2022_2023,23 San Pedro de Macorís,2,2023,38,0.006310663186013699,0.1319226771593094
test_2022_2023,24 Sánchez Ramírez,0,2022,5,0.0,0.017340369522571564
test_2022_2023,24 Sánchez Ramírez,0,2022,6,0.03845216706395149,-0.005641646683216095
test_2022_2023,24 Sánchez Ramírez,0,2022,7,0.012817390263080597,0.03739986568689346
test_2022_2023,24 Sánchez Ramírez,0,2022,8,0.025634778663516045,0.01145440898835659
test_2022_2023,24 Sánchez Ramírez,0,2022,9,0.025634778663516045,0.016561586409807205
test_2022_2023,24 Sánchez Ramírez,0,2022,10,0.03845216706395149,0.017878878861665726
test_2022_2023,24 Sánchez Ramírez,0,2022,11,0.03845216706395149,0.030164124444127083
test_2022_2023,24 Sánchez Ramírez,0,2022,12,0.025634778663516045,0.029722530394792557
test_2022_2023,24 Sánchez Ramírez,0,2022,13,0.012817390263080597,0.01889239251613617
test_2022_2023,24 Sánchez Ramírez,0,2022,14,0.0,0.011129286140203476
test_2022_2023,24 Sánchez Ramírez,0,2022,15,0.07690433412790298,-0.0007929524872452021
test_2022_2023,24 Sánchez Ramírez,0,2022,16,0.0,0.06431090086698532
test_2022_2023,24 Sánchez Ramírez,0,2022,17,0.025634778663516045,-0.00032763773924671113
test_2022_2023,24 Sánchez Ramírez,0,2022,18,0.03845216706395149,0.021621251478791237
test_2022_2023,24 Sánchez Ramírez,0,2022,19,0.07690433412790298,0.02819790318608284
test_2022_2023,24 Sánchez Ramírez,0,2022,20,0.07690433412790298,0.062221527099609375
test_2022_2023,24 Sánchez Ramírez,0,2022,21,0.0,0.07388561964035034
test_2022_2023,24 Sánchez Ramírez,0,2022,22,0.03845216706395149,0.011402598582208157
test_2022_2023,24 Sánchez Ramírez,0,2022,23,0.05126955732703209,0.03635772690176964
test_2022_2023,24 Sánchez Ramírez,0,2022,24,0.025634778663516045,0.05181064456701279
test_2022_2023,24 Sánchez Ramírez,0,2022,25,0.05126955732703209,0.02487567439675331
test_2022_2023,24 Sánchez Ramírez,0,2022,26,0.012817390263080597,0.050254736095666885
test_2022_2023,24 Sánchez Ramírez,0,2022,27,0.05126955732703209,0.021263424307107925
test_2022_2023,24 Sánchez Ramírez,0,2022,28,0.07690433412790298,0.04768136516213417
test_2022_2023,24 Sánchez Ramírez,0,2022,29,0.06408695131540298,0.06816928833723068
test_2022_2023,24 Sánchez Ramírez,0,2022,30,0.06408695131540298,0.05728127434849739
test_2022_2023,24 Sánchez Ramírez,0,2022,31,0.10253911465406418,0.06029238924384117
test_2022_2023,24 Sánchez Ramírez,0,2022,32,0.06408695131540298,0.09459968656301498
test_2022_2023,24 Sánchez Ramírez,0,2022,33,0.025634778663516045,0.06388374418020248
test_2022_2023,24 Sánchez Ramírez,0,2022,34,0.06408695131540298,0.026501258835196495
test_2022_2023,24 Sánchez Ramírez,0,2022,35,0.12817390263080597,0.05670909956097603
test_2022_2023,24 Sánchez Ramírez,0,2022,36,0.12817390263080597,0.11184851825237274
test_2022_2023,24 Sánchez Ramírez,0,2022,37,0.19226084649562836,0.122763991355896
test_2022_2023,24 Sánchez Ramírez,0,2022,38,0.3588869273662567,0.18068285286426544
test_2022_2023,24 Sánchez Ramírez,0,2022,39,0.4486086368560791,0.3250454068183899
test_2022_2023,24 Sánchez Ramírez,0,2022,40,0.26916515827178955,0.40305137634277344
test_2022_2023,24 Sánchez Ramírez,0,2022,41,0.3845216929912567,0.2292812317609787
test_2022_2023,24 Sánchez Ramírez,0,2022,42,0.4614260196685791,0.3232387602329254
test_2022_2023,24 Sánchez Ramírez,0,2022,43,0.3332521319389343,0.36134985089302063
test_2022_2023,24 Sánchez Ramírez,0,2022,44,0.24353039264678955,0.23360410332679749
test_2022_2023,24 Sánchez Ramírez,0,2022,45,0.15380866825580597,0.17958296835422516
test_2022_2023,24 Sánchez Ramírez,0,2022,46,0.17944344878196716,0.10799666494131088
test_2022_2023,24 Sánchez Ramírez,0,2022,47,0.15380866825580597,0.14320947229862213
test_2022_2023,24 Sánchez Ramírez,0,2022,48,0.08972172439098358,0.12089939415454865
test_2022_2023,24 Sánchez Ramírez,0,2022,49,0.19226084649562836,0.07375326752662659
test_2022_2023,24 Sánchez Ramírez,0,2022,50,0.05126955732703209,0.15960414707660675
test_2022_2023,24 Sánchez Ramírez,0,2022,51,0.05126955732703209,0.023978181183338165
test_2022_2023,24 Sánchez Ramírez,0,2022,52,0.05126955732703209,0.036730799823999405
test_2022_2023,24 Sánchez Ramírez,0,2023,1,0.10256410390138626,0.04036010056734085
test_2022_2023,24 Sánchez Ramírez,0,2023,2,0.038461536169052124,0.07339577376842499
test_2022_2023,24 Sánchez Ramírez,0,2023,3,0.05128205195069313,0.012631176970899105
test_2022_2023,24 Sánchez Ramírez,0,2023,4,0.05128205195069313,0.0341830775141716
test_2022_2023,24 Sánchez Ramírez,0,2023,5,0.025641025975346565,0.037327952682971954
test_2022_2023,24 Sánchez Ramírez,0,2023,6,0.012820512056350708,0.012782278470695019
test_2022_2023,24 Sánchez Ramírez,0,2023,7,0.038461536169052124,0.011327792890369892
test_2022_2023,24 Sánchez Ramírez,0,2023,8,0.038461536169052124,0.0350537933409214
test_2022_2023,24 Sánchez Ramírez,0,2023,9,0.012820512056350708,0.03027866594493389
test_2022_2023,24 Sánchez Ramírez,0,2023,10,0.07692307978868484,0.009073115885257721
test_2022_2023,24 Sánchez Ramírez,0,2023,11,0.012820512056350708,0.0673440545797348
test_2022_2023,24 Sánchez Ramírez,0,2023,12,0.038461536169052124,0.01444134209305048
test_2022_2023,24 Sánchez Ramírez,0,2023,13,0.0,0.0368850938975811
test_2022_2023,24 Sánchez Ramírez,0,2023,14,0.0,0.005657568108290434
test_2022_2023,24 Sánchez Ramírez,0,2023,15,0.038461536169052124,0.004758978728204966
test_2022_2023,24 Sánchez Ramírez,0,2023,16,0.012820512056350708,0.03679772466421127
test_2022_2023,24 Sánchez Ramírez,0,2023,17,0.038461536169052124,0.016227174550294876
test_2022_2023,24 Sánchez Ramírez,0,2023,18,0.05128205195069313,0.035336073487997055
test_2022_2023,24 Sánchez Ramírez,0,2023,19,0.025641025975346565,0.04779939725995064
test_2022_2023,24 Sánchez Ramírez,0,2023,20,0.05128205195069313,0.03579007461667061
test_2022_2023,24 Sánchez Ramírez,0,2023,21,0.038461536169052124,0.05330423265695572
test_2022_2023,24 Sánchez Ramírez,0,2023,22,0.07692307978868484,0.048286933451890945
test_2022_2023,24 Sánchez Ramírez,0,2023,23,0.025641025975346565,0.07831710577011108
test_2022_2023,24 Sánchez Ramírez,0,2023,24,0.08974359184503555,0.03570204973220825
test_2022_2023,24 Sánchez Ramírez,0,2023,25,0.07692307978868484,0.08945799618959427
test_2022_2023,24 Sánchez Ramírez,0,2023,26,0.038461536169052124,0.09390011429786682
test_2022_2023,24 Sánchez Ramírez,0,2023,27,0.07692307978868484,0.057778965681791306
test_2022_2023,24 Sánchez Ramírez,0,2023,28,0.1666666716337204,0.08583398163318634
test_2022_2023,24 Sánchez Ramírez,0,2023,29,0.14102564752101898,0.163885235786438
test_2022_2023,24 Sánchez Ramírez,0,2023,30,0.1666666716337204,0.15579739212989807
test_2022_2023,24 Sánchez Ramírez,0,2023,31,0.11538461595773697,0.1799461990594864
test_2022_2023,24 Sánchez Ramírez,0,2023,32,0.1794871687889099,0.1369478702545166
test_2022_2023,24 Sánchez Ramírez,0,2023,33,0.25641024112701416,0.1838938444852829
test_2022_2023,24 Sánchez Ramírez,0,2023,34,0.3205128312110901,0.2595023810863495
test_2022_2023,24 Sánchez Ramírez,0,2023,35,0.7564103007316589,0.3202820122241974
test_2022_2023,24 Sánchez Ramírez,0,2023,36,1.0,0.6910820007324219
test_2022_2023,24 Sánchez Ramírez,0,2023,37,0.6923077702522278,0.7397540211677551
test_2022_2023,24 Sánchez Ramírez,0,2023,38,0.0,0.3380031883716583
test_2022_2023,25 Santiago,4,2022,5,0.01469818502664566,0.01207741815596819
test_2022_2023,25 Santiago,4,2022,6,0.03490819036960602,0.010777832008898258
test_2022_2023,25 Santiago,4,2022,7,0.02204727753996849,0.022660043090581894
test_2022_2023,25 Santiago,4,2022,8,0.01102363783866167,0.01776808686554432
test_2022_2023,25 Santiago,4,2022,9,0.023884549736976624,0.011584758758544922
test_2022_2023,25 Santiago,4,2022,10,0.023884549736976624,0.01907784305512905
test_2022_2023,25 Santiago,4,2022,11,0.03674546256661415,0.019790226593613625
test_2022_2023,25 Santiago,4,2022,12,0.055118195712566376,0.028262797743082047
test_2022_2023,25 Santiago,4,2022,13,0.025721823796629906,0.04407843202352524
test_2022_2023,25 Santiago,4,2022,14,0.02939636819064617,0.02868962287902832
test_2022_2023,25 Santiago,4,2022,15,0.02939636819064617,0.02642122097313404
test_2022_2023,25 Santiago,4,2022,16,0.04225728288292885,0.026974892243742943
test_2022_2023,25 Santiago,4,2022,17,0.05144364759325981,0.037209153175354004
test_2022_2023,25 Santiago,4,2022,18,0.062467288225889206,0.04641837626695633
test_2022_2023,25 Santiago,4,2022,19,0.06614182889461517,0.05497494712471962
test_2022_2023,25 Santiago,4,2022,20,0.08267728984355927,0.06325647234916687
test_2022_2023,25 Santiago,4,2022,21,0.05695546790957451,0.07513220608234406
test_2022_2023,25 Santiago,4,2022,22,0.06430456042289734,0.05949575826525688
test_2022_2023,25 Santiago,4,2022,23,0.0845145657658577,0.060868244618177414
test_2022_2023,25 Santiago,4,2022,24,0.09921275079250336,0.07589180767536163
test_2022_2023,25 Santiago,4,2022,25,0.10472457110881805,0.09312418103218079
test_2022_2023,25 Santiago,4,2022,26,0.12860912084579468,0.10369414836168289
test_2022_2023,25 Santiago,4,2022,27,0.08818911015987396,0.12363911420106888
test_2022_2023,25 Santiago,4,2022,28,0.11942274868488312,0.1002890020608902
test_2022_2023,25 Santiago,4,2022,29,0.13963276147842407,0.1160672977566719
test_2022_2023,25 Santiago,4,2022,30,0.11942274868488312,0.1309322714805603
test_2022_2023,25 Santiago,4,2022,31,0.08267728984355927,0.1223670095205307
test_2022_2023,25 Santiago,4,2022,32,0.11574821174144745,0.09198667109012604
test_2022_2023,25 Santiago,4,2022,33,0.13963276147842407,0.10568313300609589
test_2022_2023,25 Santiago,4,2022,34,0.10656183958053589,0.128884419798851
test_2022_2023,25 Santiago,4,2022,35,0.18740184605121613,0.11550398916006088
test_2022_2023,25 Santiago,4,2022,36,0.17086640000343323,0.16841113567352295
test_2022_2023,25 Santiago,4,2022,37,0.17821547389030457,0.16855354607105255
test_2022_2023,25 Santiago,4,2022,38,0.20026277005672455,0.17871373891830444
test_2022_2023,25 Santiago,4,2022,39,0.16168004274368286,0.19092722237110138
test_2022_2023,25 Santiago,4,2022,40,0.12860912084579468,0.1612505465745926
test_2022_2023,25 Santiago,4,2022,41,0.158005490899086,0.12805518507957458
test_2022_2023,25 Santiago,4,2022,42,0.1469818502664566,0.136749267578125
test_2022_2023,25 Santiago,4,2022,43,0.16168004274368286,0.13337494432926178
test_2022_2023,25 Santiago,4,2022,44,0.11207365989685059,0.14889487624168396
test_2022_2023,25 Santiago,4,2022,45,0.079002745449543,0.11415885388851166
test_2022_2023,25 Santiago,4,2022,46,0.11942274868488312,0.08083216100931168
test_2022_2023,25 Santiago,4,2022,47,0.09370092302560806,0.09963144361972809
test_2022_2023,25 Santiago,4,2022,48,0.07532819360494614,0.08877293020486832
test_2022_2023,25 Santiago,4,2022,49,0.06614182889461517,0.07812049239873886
test_2022_2023,25 Santiago,4,2022,50,0.047769103199243546,0.06495106965303421
test_2022_2023,25 Santiago,4,2022,51,0.05879274010658264,0.049053456634283066
test_2022_2023,25 Santiago,4,2022,52,0.038582734763622284,0.0559990294277668
test_2022_2023,25 Santiago,4,2023,1,0.07481426000595093,0.043381959199905396
test_2022_2023,25 Santiago,4,2023,2,0.06021635979413986,0.06608214974403381
test_2022_2023,25 Santiago,4,2023,3,0.03284528851509094,0.05860476568341255
test_2022_2023,25 Santiago,4,2023,4,0.03284528851509094,0.034582991153001785
test_2022_2023,25 Santiago,4,2023,5,0.01642264425754547,0.02896900661289692
test_2022_2023,25 Santiago,4,2023,6,0.04196897894144058,0.014711792580783367
test_2022_2023,25 Santiago,4,2023,7,0.021896859630942345,0.028112489730119705
test_2022_2023,25 Santiago,4,2023,8,0.01642264425754547,0.019262850284576416
test_2022_2023,25 Santiago,4,2023,9,0.012773169204592705,0.014382006600499153
test_2022_2023,25 Santiago,4,2023,10,0.020072121173143387,0.010738749988377094
test_2022_2023,25 Santiago,4,2023,11,0.012773169204592705,0.016381761059165
test_2022_2023,25 Santiago,4,2023,12,0.0054742153733968735,0.013607555069029331
test_2022_2023,25 Santiago,4,2023,13,0.01824738085269928,0.007043004501610994
test_2022_2023,25 Santiago,4,2023,14,0.0054742153733968735,0.014555981382727623
test_2022_2023,25 Santiago,4,2023,15,0.020072121173143387,0.008537721820175648
test_2022_2023,25 Santiago,4,2023,16,0.014597904868423939,0.017435580492019653
test_2022_2023,25 Santiago,4,2023,17,0.010948430746793747,0.01588355004787445
test_2022_2023,25 Santiago,4,2023,18,0.012773169204592705,0.014006347395479679
test_2022_2023,25 Santiago,4,2023,19,0.020072121173143387,0.01370232179760933
test_2022_2023,25 Santiago,4,2023,20,0.023721596226096153,0.0214256439357996
test_2022_2023,25 Santiago,4,2023,21,0.01642264425754547,0.026030801236629486
test_2022_2023,25 Santiago,4,2023,22,0.02554633468389511,0.019645903259515762
test_2022_2023,25 Santiago,4,2023,23,0.03284528851509094,0.025405067950487137
test_2022_2023,25 Santiago,4,2023,24,0.029195811599493027,0.03399602696299553
test_2022_2023,25 Santiago,4,2023,25,0.031020550057291985,0.03361646085977554
test_2022_2023,25 Santiago,4,2023,26,0.031020550057291985,0.035928793251514435
test_2022_2023,25 Santiago,4,2023,27,0.04196897894144058,0.03702281042933464
test_2022_2023,25 Santiago,4,2023,28,0.05109266936779022,0.04654570668935776
test_2022_2023,25 Santiago,4,2023,29,0.049267929047346115,0.055820170789957047
test_2022_2023,25 Santiago,4,2023,30,0.03467002883553505,0.055842187255620956
test_2022_2023,25 Santiago,4,2023,31,0.06204110011458397,0.04378335922956467
test_2022_2023,25 Santiago,4,2023,32,0.091236911714077,0.06110827997326851
test_2022_2023,25 Santiago,4,2023,33,0.10218533873558044,0.08859297633171082
test_2022_2023,25 Santiago,4,2023,34,0.07663900405168533,0.10611874610185623
test_2022_2023,25 Santiago,4,2023,35,0.1642264425754547,0.09328115731477737
test_2022_2023,25 Santiago,4,2023,36,0.3156796991825104,0.15213730931282043
test_2022_2023,25 Santiago,4,2023,37,0.22079333662986755,0.27862441539764404
test_2022_2023,25 Santiago,4,2023,38,0.0054742153733968735,0.25110211968421936
test_2022_2023,26 Santiago Rodríguez,1,2022,5,0.0,0.027276789769530296
test_2022_2023,26 Santiago Rodríguez,1,2022,6,0.0,-0.010586775839328766
test_2022_2023,26 Santiago Rodríguez,1,2022,7,0.0,-0.000644245243165642
test_2022_2023,26 Santiago Rodríguez,1,2022,8,0.0,0.0028015729039907455
test_2022_2023,26 Santiago Rodríguez,1,2022,9,0.0,0.002630158793181181
test_2022_2023,26 Santiago Rodríguez,1,2022,10,0.034052588045597076,-0.0003256081254221499
test_2022_2023,26 Santiago Rodríguez,1,2022,11,0.0,0.02266835980117321
test_2022_2023,26 Santiago Rodríguez,1,2022,12,0.0,0.000420356955146417
test_2022_2023,26 Santiago Rodríguez,1,2022,13,0.034052588045597076,-0.0015400400152429938
test_2022_2023,26 Santiago Rodríguez,1,2022,14,0.034052588045597076,0.02149224281311035
test_2022_2023,26 Santiago Rodríguez,1,2022,15,0.034052588045597076,0.01948653906583786
test_2022_2023,26 Santiago Rodríguez,1,2022,16,0.0,0.021214688196778297
test_2022_2023,26 Santiago Rodríguez,1,2022,17,0.034052588045597076,-0.0044190967455506325
test_2022_2023,26 Santiago Rodríguez,1,2022,18,0.0,0.021174568682909012
test_2022_2023,26 Santiago Rodríguez,1,2022,19,0.06810517609119415,-0.005314623937010765
test_2022_2023,26 Santiago Rodríguez,1,2022,20,0.034052588045597076,0.04556536301970482
test_2022_2023,26 Santiago Rodríguez,1,2022,21,0.034052588045597076,0.02691320888698101
test_2022_2023,26 Santiago Rodríguez,1,2022,22,0.06810517609119415,0.025948816910386086
test_2022_2023,26 Santiago Rodríguez,1,2022,23,0.20431549847126007,0.05205966904759407
test_2022_2023,26 Santiago Rodríguez,1,2022,24,0.1362103372812271,0.1593034416437149
test_2022_2023,26 Santiago Rodríguez,1,2022,25,0.17026293277740479,0.1046600416302681
test_2022_2023,26 Santiago Rodríguez,1,2022,26,0.034052588045597076,0.13440726697444916
test_2022_2023,26 Santiago Rodríguez,1,2022,27,0.0,0.010065063834190369
test_2022_2023,26 Santiago Rodríguez,1,2022,28,0.06810517609119415,-0.004827236291021109
test_2022_2023,26 Santiago Rodríguez,1,2022,29,0.06810517609119415,0.03937038779258728
test_2022_2023,26 Santiago Rodríguez,1,2022,30,0.06810517609119415,0.046918515115976334
test_2022_2023,26 Santiago Rodríguez,1,2022,31,0.0,0.045991018414497375
test_2022_2023,26 Santiago Rodríguez,1,2022,32,0.06810517609119415,-0.009059659205377102
test_2022_2023,26 Santiago Rodríguez,1,2022,33,0.10215776413679123,0.05285809189081192
test_2022_2023,26 Santiago Rodríguez,1,2022,34,0.23836810886859894,0.06954433023929596
test_2022_2023,26 Santiago Rodríguez,1,2022,35,0.10215776413679123,0.17190609872341156
test_2022_2023,26 Santiago Rodríguez,1,2022,36,0.034052588045597076,0.05359387770295143
test_2022_2023,26 Santiago Rodríguez,1,2022,37,0.20431549847126007,0.022594988346099854
test_2022_2023,26 Santiago Rodríguez,1,2022,38,0.17026293277740479,0.1393325924873352
test_2022_2023,26 Santiago Rodríguez,1,2022,39,0.5448414087295532,0.12533774971961975
test_2022_2023,26 Santiago Rodríguez,1,2022,40,0.2724206745624542,0.4321727156639099
test_2022_2023,26 Santiago Rodríguez,1,2022,41,0.2724206745624542,0.22840803861618042
test_2022_2023,26 Santiago Rodríguez,1,2022,42,0.20431549847126007,0.22145669162273407
test_2022_2023,26 Santiago Rodríguez,1,2022,43,0.20431549847126007,0.009021866135299206
test_2022_2023,26 Santiago Rodríguez,1,2022,44,0.1362103372812271,0.10747244209051132
test_2022_2023,26 Santiago Rodríguez,1,2022,45,0.034052588045597076,0.046707190573215485
test_2022_2023,26 Santiago Rodríguez,1,2022,46,0.1362103372812271,-0.0005238732555881143
test_2022_2023,26 Santiago Rodríguez,1,2022,47,0.034052588045597076,0.0917033851146698
test_2022_2023,26 Santiago Rodríguez,1,2022,48,0.0,0.006774871610105038
test_2022_2023,26 Santiago Rodríguez,1,2022,49,0.10215776413679123,-0.003789965994656086
test_2022_2023,26 Santiago Rodríguez,1,2022,50,0.0,0.07726624608039856
test_2022_2023,26 Santiago Rodríguez,1,2022,51,0.10215776413679123,-0.012130818329751492
test_2022_2023,26 Santiago Rodríguez,1,2022,52,0.034052588045597076,0.07651184499263763
test_2022_2023,26 Santiago Rodríguez,1,2023,1,0.0,0.012658859603106976
test_2022_2023,26 Santiago Rodríguez,1,2023,2,0.0,-0.012243220582604408
test_2022_2023,26 Santiago Rodríguez,1,2023,3,0.0,-0.008270799182355404
test_2022_2023,26 Santiago Rodríguez,1,2023,4,0.0,-0.008499273099005222
test_2022_2023,26 Santiago Rodríguez,1,2023,5,0.034080009907484055,-0.004137972369790077
test_2022_2023,26 Santiago Rodríguez,1,2023,6,0.034080009907484055,0.02426345832645893
test_2022_2023,26 Santiago Rodríguez,1,2023,7,0.0,0.023254292085766792
test_2022_2023,26 Santiago Rodríguez,1,2023,8,0.0,-0.0044440156780183315
test_2022_2023,26 Santiago Rodríguez,1,2023,9,0.034080009907484055,-0.004319105297327042
test_2022_2023,26 Santiago Rodríguez,1,2023,10,0.10224002599716187,0.02408025972545147
test_2022_2023,26 Santiago Rodríguez,1,2023,11,0.0,0.07449355721473694
test_2022_2023,26 Santiago Rodríguez,1,2023,12,0.06816001236438751,-0.004533455241471529
test_2022_2023,26 Santiago Rodríguez,1,2023,13,0.0,0.051474954932928085
test_2022_2023,26 Santiago Rodríguez,1,2023,14,0.034080009907484055,0.005851006135344505
test_2022_2023,26 Santiago Rodríguez,1,2023,15,0.06816001236438751,0.02991567924618721
test_2022_2023,26 Santiago Rodríguez,1,2023,16,0.0,0.05625511705875397
test_2022_2023,26 Santiago Rodríguez,1,2023,17,0.06816001236438751,0.004469630774110556
test_2022_2023,26 Santiago Rodríguez,1,2023,18,0.0,0.057089269161224365
test_2022_2023,26 Santiago Rodríguez,1,2023,19,0.0,0.011817190796136856
test_2022_2023,26 Santiago Rodríguez,1,2023,20,0.06816001236438751,0.010582279413938522
test_2022_2023,26 Santiago Rodríguez,1,2023,21,0.0,0.06560651957988739
test_2022_2023,26 Santiago Rodríguez,1,2023,22,0.034080009907484055,0.008972452953457832
test_2022_2023,26 Santiago Rodríguez,1,2023,23,0.0,0.04475344717502594
test_2022_2023,26 Santiago Rodríguez,1,2023,24,0.034080009907484055,0.01528776716440916
test_2022_2023,26 Santiago Rodríguez,1,2023,25,0.06816001236438751,0.04072079062461853
test_2022_2023,26 Santiago Rodríguez,1,2023,26,0.13632002472877502,0.07408177107572556
test_2022_2023,26 Santiago Rodríguez,1,2023,27,0.034080009907484055,0.12813082337379456
test_2022_2023,26 Santiago Rodríguez,1,2023,28,0.0,0.05098119005560875
test_2022_2023,26 Santiago Rodríguez,1,2023,29,0.20448003709316254,0.020462699234485626
test_2022_2023,26 Santiago Rodríguez,1,2023,30,0.034080009907484055,0.181825190782547
test_2022_2023,26 Santiago Rodríguez,1,2023,31,0.17040006816387177,0.030783552676439285
test_2022_2023,26 Santiago Rodríguez,1,2023,32,0.27264007925987244,0.16883979737758636
test_2022_2023,26 Santiago Rodríguez,1,2023,33,0.13632002472877502,0.21119298040866852
test_2022_2023,26 Santiago Rodríguez,1,2023,34,0.17040006816387177,0.12698869407176971
test_2022_2023,26 Santiago Rodríguez,1,2023,35,0.47712013125419617,0.16276861727237701
test_2022_2023,26 Santiago Rodríguez,1,2023,36,0.8179201483726501,0.3803173303604126
test_2022_2023,26 Santiago Rodríguez,1,2023,37,0.6816002726554871,0.9151872992515564
test_2022_2023,26 Santiago Rodríguez,1,2023,38,0.034080009907484055,1.188742756843567
test_2022_2023,27 Valverde,1,2022,5,0.04347449541091919,-0.0027728755958378315
test_2022_2023,27 Valverde,1,2022,6,0.03260587155818939,0.03270059823989868
test_2022_2023,27 Valverde,1,2022,7,0.0,0.023675063624978065
test_2022_2023,27 Valverde,1,2022,8,0.0,-0.0018208305118605494
test_2022_2023,27 Valverde,1,2022,9,0.010868622921407223,0.0019506366224959493
test_2022_2023,27 Valverde,1,2022,10,0.03260587155818939,0.009686131961643696
test_2022_2023,27 Valverde,1,2022,11,0.021737247705459595,0.02545458823442459
test_2022_2023,27 Valverde,1,2022,12,0.0,0.01799265667796135
test_2022_2023,27 Valverde,1,2022,13,0.0,1.9580316802603193e-05
test_2022_2023,27 Valverde,1,2022,14,0.010868622921407223,-0.0014883108669891953
test_2022_2023,27 Valverde,1,2022,15,0.04347449541091919,0.009248201735317707
test_2022_2023,27 Valverde,1,2022,16,0.0,0.03666357323527336
test_2022_2023,27 Valverde,1,2022,17,0.010868622921407223,-0.0004023658693768084
test_2022_2023,27 Valverde,1,2022,18,0.021737247705459595,0.00859578512609005
test_2022_2023,27 Valverde,1,2022,19,0.03260587155818939,0.01708408258855343
test_2022_2023,27 Valverde,1,2022,20,0.021737247705459595,0.0309468861669302
test_2022_2023,27 Valverde,1,2022,21,0.010868622921407223,0.020101534202694893
test_2022_2023,27 Valverde,1,2022,22,0.021737247705459595,0.012577460147440434
test_2022_2023,27 Valverde,1,2022,23,0.021737247705459595,0.022276008501648903
test_2022_2023,27 Valverde,1,2022,24,0.021737247705459595,0.023370731621980667
test_2022_2023,27 Valverde,1,2022,25,0.010868622921407223,0.023227542638778687
test_2022_2023,27 Valverde,1,2022,26,0.03260587155818939,0.014498396776616573
test_2022_2023,27 Valverde,1,2022,27,0.04347449541091919,0.03358916938304901
test_2022_2023,27 Valverde,1,2022,28,0.010868622921407223,0.04534587264060974
test_2022_2023,27 Valverde,1,2022,29,0.03260587155818939,0.014797281473875046
test_2022_2023,27 Valverde,1,2022,30,0.021737247705459595,0.030265988782048225
test_2022_2023,27 Valverde,1,2022,31,0.021737247705459595,0.02014876715838909
test_2022_2023,27 Valverde,1,2022,32,0.010868622921407223,0.01980345882475376
test_2022_2023,27 Valverde,1,2022,33,0.021737247705459595,0.011701956391334534
test_2022_2023,27 Valverde,1,2022,34,0.03260587155818939,0.020395958796143532
test_2022_2023,27 Valverde,1,2022,35,0.04347449541091919,0.030196212232112885
test_2022_2023,27 Valverde,1,2022,36,0.03260587155818939,0.041947465389966965
test_2022_2023,27 Valverde,1,2022,37,0.021737247705459595,0.035659320652484894
test_2022_2023,27 Valverde,1,2022,38,0.010868622921407223,0.02772013656795025
test_2022_2023,27 Valverde,1,2022,39,0.09781761467456818,0.020147552713751793
test_2022_2023,27 Valverde,1,2022,40,0.03260587155818939,0.09507687389850616
test_2022_2023,27 Valverde,1,2022,41,0.05434311926364899,0.042824991047382355
test_2022_2023,27 Valverde,1,2022,42,0.03260587155818939,0.058910299092531204
test_2022_2023,27 Valverde,1,2022,43,0.05434311926364899,0.0364360474050045
test_2022_2023,27 Valverde,1,2022,44,0.03260587155818939,0.05633959546685219
test_2022_2023,27 Valverde,1,2022,45,0.09781761467456818,0.03488777577877045
test_2022_2023,27 Valverde,1,2022,46,0.021737247705459595,0.09436778724193573
test_2022_2023,27 Valverde,1,2022,47,0.021737247705459595,0.024883102625608444
test_2022_2023,27 Valverde,1,2022,48,0.010868622921407223,0.02620587684214115
test_2022_2023,27 Valverde,1,2022,49,0.03260587155818939,0.012373244389891624
test_2022_2023,27 Valverde,1,2022,50,0.021737247705459595,0.032941289246082306
test_2022_2023,27 Valverde,1,2022,51,0.010868622921407223,0.020388012751936913
test_2022_2023,27 Valverde,1,2022,52,0.021737247705459595,0.01474427618086338
test_2022_2023,27 Valverde,1,2023,1,0.03238673135638237,0.022798730060458183
test_2022_2023,27 Valverde,1,2023,2,0.021591154858469963,0.02660376764833927
test_2022_2023,27 Valverde,1,2023,3,0.021591154858469963,0.012249602936208248
test_2022_2023,27 Valverde,1,2023,4,0.021591154858469963,0.011873017996549606
test_2022_2023,27 Valverde,1,2023,5,0.03238673135638237,0.01591465435922146
test_2022_2023,27 Valverde,1,2023,6,0.03238673135638237,0.02420332282781601
test_2022_2023,27 Valverde,1,2023,7,0.0,0.024482442066073418
test_2022_2023,27 Valverde,1,2023,8,0.021591154858469963,-0.0021103338804095984
test_2022_2023,27 Valverde,1,2023,9,0.010795577429234982,0.018027551472187042
test_2022_2023,27 Valverde,1,2023,10,0.021591154858469963,0.010547474026679993
test_2022_2023,27 Valverde,1,2023,11,0.010795577429234982,0.019475776702165604
test_2022_2023,27 Valverde,1,2023,12,0.010795577429234982,0.012336160987615585
test_2022_2023,27 Valverde,1,2023,13,0.0,0.011394605971872807
test_2022_2023,27 Valverde,1,2023,14,0.0,0.005700491368770599
test_2022_2023,27 Valverde,1,2023,15,0.0,0.0012679569190368056
test_2022_2023,27 Valverde,1,2023,16,0.010795577429234982,-0.0006169933476485312
test_2022_2023,27 Valverde,1,2023,17,0.010795577429234982,0.009057802148163319
test_2022_2023,27 Valverde,1,2023,18,0.0,0.010882495902478695
test_2022_2023,27 Valverde,1,2023,19,0.0,0.0037062133196741343
test_2022_2023,27 Valverde,1,2023,20,0.0,0.004533421713858843
test_2022_2023,27 Valverde,1,2023,21,0.0,0.00602509593591094
test_2022_2023,27 Valverde,1,2023,22,0.0,0.001268878229893744
test_2022_2023,27 Valverde,1,2023,23,0.021591154858469963,0.005204322747886181
test_2022_2023,27 Valverde,1,2023,24,0.05397788807749748,0.020054584369063377
test_2022_2023,27 Valverde,1,2023,25,0.043182309716939926,0.05858146771788597
test_2022_2023,27 Valverde,1,2023,26,0.010795577429234982,0.05167664587497711
test_2022_2023,27 Valverde,1,2023,27,0.0755690410733223,0.02427130751311779
test_2022_2023,27 Valverde,1,2023,28,0.1511380821466446,0.07873721420764923
test_2022_2023,27 Valverde,1,2023,29,0.1511380821466446,0.15162409842014313
test_2022_2023,27 Valverde,1,2023,30,0.18352481722831726,0.16059480607509613
test_2022_2023,27 Valverde,1,2023,31,0.16193366050720215,0.19148384034633636
test_2022_2023,27 Valverde,1,2023,32,0.10795577615499496,0.17012833058834076
test_2022_2023,27 Valverde,1,2023,33,0.14034251868724823,0.11778378486633301
test_2022_2023,27 Valverde,1,2023,34,0.16193366050720215,0.14146466553211212
test_2022_2023,27 Valverde,1,2023,35,0.1511380821466446,0.16463005542755127
test_2022_2023,27 Valverde,1,2023,36,0.4426186978816986,0.1616252362728119
test_2022_2023,27 Valverde,1,2023,37,0.2482982873916626,0.42524880170822144
test_2022_2023,27 Valverde,1,2023,38,0.010795577429234982,0.2545956075191498
test_2022_2023,28 Monseñor Nouel,0,2022,5,0.05537284165620804,0.027804778888821602
test_2022_2023,28 Monseñor Nouel,0,2022,6,0.022149136289954185,0.0372539684176445
test_2022_2023,28 Monseñor Nouel,0,2022,7,0.0,0.01123657263815403
test_2022_2023,28 Monseñor Nouel,0,2022,8,0.0,-0.008906419388949871
test_2022_2023,28 Monseñor Nouel,0,2022,9,0.033223707228899,-0.003969280980527401
test_2022_2023,28 Monseñor Nouel,0,2022,10,0.011074568144977093,0.024883920326828957
test_2022_2023,28 Monseñor Nouel,0,2022,11,0.022149136289954185,0.006323184352368116
test_2022_2023,28 Monseñor Nouel,0,2022,12,0.0,0.01342440489679575
test_2022_2023,28 Monseñor Nouel,0,2022,13,0.04429827257990837,-0.0022545820102095604
test_2022_2023,28 Monseñor Nouel,0,2022,14,0.022149136289954185,0.03214287385344505
test_2022_2023,28 Monseñor Nouel,0,2022,15,0.011074568144977093,0.01580861769616604
test_2022_2023,28 Monseñor Nouel,0,2022,16,0.011074568144977093,0.005599284078925848
test_2022_2023,28 Monseñor Nouel,0,2022,17,0.011074568144977093,0.002471755025908351
test_2022_2023,28 Monseñor Nouel,0,2022,18,0.022149136289954185,0.005925992038100958
test_2022_2023,28 Monseñor Nouel,0,2022,19,0.04429827257990837,0.014383611269295216
test_2022_2023,28 Monseñor Nouel,0,2022,20,0.022149136289954185,0.033971622586250305
test_2022_2023,28 Monseñor Nouel,0,2022,21,0.011074568144977093,0.015518139116466045
test_2022_2023,28 Monseñor Nouel,0,2022,22,0.05537284165620804,0.005607977043837309
test_2022_2023,28 Monseñor Nouel,0,2022,23,0.033223707228899,0.04191721975803375
test_2022_2023,28 Monseñor Nouel,0,2022,24,0.022149136289954185,0.028419511392712593
test_2022_2023,28 Monseñor Nouel,0,2022,25,0.04429827257990837,0.015401206910610199
test_2022_2023,28 Monseñor Nouel,0,2022,26,0.033223707228899,0.035792794078588486
test_2022_2023,28 Monseñor Nouel,0,2022,27,0.033223707228899,0.027959926053881645
test_2022_2023,28 Monseñor Nouel,0,2022,28,0.05537284165620804,0.030115583911538124
test_2022_2023,28 Monseñor Nouel,0,2022,29,0.022149136289954185,0.04958275705575943
test_2022_2023,28 Monseñor Nouel,0,2022,30,0.07752197235822678,0.022328035905957222
test_2022_2023,28 Monseñor Nouel,0,2022,31,0.09967111051082611,0.06524776667356491
test_2022_2023,28 Monseñor Nouel,0,2022,32,0.033223707228899,0.09194916486740112
test_2022_2023,28 Monseñor Nouel,0,2022,33,0.14396938681602478,0.036925915628671646
test_2022_2023,28 Monseñor Nouel,0,2022,34,0.11074568331241608,0.12528671324253082
test_2022_2023,28 Monseñor Nouel,0,2022,35,0.1661185324192047,0.10573213547468185
test_2022_2023,28 Monseñor Nouel,0,2022,36,0.08859654515981674,0.14700424671173096
test_2022_2023,28 Monseñor Nouel,0,2022,37,0.08859654515981674,0.07890596985816956
test_2022_2023,28 Monseñor Nouel,0,2022,38,0.1661185324192047,0.07156262546777725
test_2022_2023,28 Monseñor Nouel,0,2022,39,0.18826766312122345,0.1362507939338684
test_2022_2023,28 Monseñor Nouel,0,2022,40,0.22149135172367096,0.16430892050266266
test_2022_2023,28 Monseñor Nouel,0,2022,41,0.14396938681602478,0.18678420782089233
test_2022_2023,28 Monseñor Nouel,0,2022,42,0.1661185324192047,0.11708693206310272
test_2022_2023,28 Monseñor Nouel,0,2022,43,0.07752197235822678,0.13235153257846832
test_2022_2023,28 Monseñor Nouel,0,2022,44,0.07752197235822678,0.05129658058285713
test_2022_2023,28 Monseñor Nouel,0,2022,45,0.09967111051082611,0.05597078427672386
test_2022_2023,28 Monseñor Nouel,0,2022,46,0.09967111051082611,0.07446791976690292
test_2022_2023,28 Monseñor Nouel,0,2022,47,0.033223707228899,0.07658346742391586
test_2022_2023,28 Monseñor Nouel,0,2022,48,0.033223707228899,0.021642303094267845
test_2022_2023,28 Monseñor Nouel,0,2022,49,0.09967111051082611,0.0238183606415987
test_2022_2023,28 Monseñor Nouel,0,2022,50,0.033223707228899,0.07958760112524033
test_2022_2023,28 Monseñor Nouel,0,2022,51,0.011074568144977093,0.02150334045290947
test_2022_2023,28 Monseñor Nouel,0,2022,52,0.022149136289954185,0.0024650776758790016
test_2022_2023,28 Monseñor Nouel,0,2023,1,0.044104333966970444,0.012214366346597672
test_2022_2023,28 Monseñor Nouel,0,2023,2,0.011026084423065186,0.028991175815463066
test_2022_2023,28 Monseñor Nouel,0,2023,3,0.05513041839003563,0.006126171909272671
test_2022_2023,28 Monseñor Nouel,0,2023,4,0.0,0.04237954691052437
test_2022_2023,28 Monseñor Nouel,0,2023,5,0.02205216884613037,-0.002702218247577548
test_2022_2023,28 Monseñor Nouel,0,2023,6,0.02205216884613037,0.010672816075384617
test_2022_2023,28 Monseñor Nouel,0,2023,7,0.05513041839003563,0.011289728805422783
test_2022_2023,28 Monseñor Nouel,0,2023,8,0.011026084423065186,0.0347561277449131
test_2022_2023,28 Monseñor Nouel,0,2023,9,0.011026084423065186,0.0029333929996937513
test_2022_2023,28 Monseñor Nouel,0,2023,10,0.02205216884613037,0.0028686574660241604
test_2022_2023,28 Monseñor Nouel,0,2023,11,0.0,0.014141466468572617
test_2022_2023,28 Monseñor Nouel,0,2023,12,0.0,-0.003206889145076275
test_2022_2023,28 Monseñor Nouel,0,2023,13,0.0,-0.0020917910151183605
test_2022_2023,28 Monseñor Nouel,0,2023,14,0.011026084423065186,-0.0008289505494758487
test_2022_2023,28 Monseñor Nouel,0,2023,15,0.0,0.006757577881217003
test_2022_2023,28 Monseñor Nouel,0,2023,16,0.02205216884613037,-0.001515725045464933
test_2022_2023,28 Monseñor Nouel,0,2023,17,0.0,0.01778625138103962
test_2022_2023,28 Monseñor Nouel,0,2023,18,0.011026084423065186,0.002797149820253253
test_2022_2023,28 Monseñor Nouel,0,2023,19,0.02205216884613037,0.00849844515323639
test_2022_2023,28 Monseñor Nouel,0,2023,20,0.0,0.021892234683036804
test_2022_2023,28 Monseñor Nouel,0,2023,21,0.0,-0.00046948122326284647
test_2022_2023,28 Monseñor Nouel,0,2023,22,0.0,-0.00019919750047847629
test_2022_2023,28 Monseñor Nouel,0,2023,23,0.0,0.0038951956667006016
test_2022_2023,28 Monseñor Nouel,0,2023,24,0.02205216884613037,0.004643511492758989
test_2022_2023,28 Monseñor Nouel,0,2023,25,0.02205216884613037,0.022316651418805122
test_2022_2023,28 Monseñor Nouel,0,2023,26,0.011026084423065186,0.021384164690971375
test_2022_2023,28 Monseñor Nouel,0,2023,27,0.011026084423065186,0.011533591896295547
test_2022_2023,28 Monseñor Nouel,0,2023,28,0.02205216884613037,0.012899715453386307
test_2022_2023,28 Monseñor Nouel,0,2023,29,0.011026084423065186,0.024399347603321075
test_2022_2023,28 Monseñor Nouel,0,2023,30,0.03307825326919556,0.01876174658536911
test_2022_2023,28 Monseñor Nouel,0,2023,31,0.044104333966970444,0.03457087650895119
test_2022_2023,28 Monseñor Nouel,0,2023,32,0.1653912514448166,0.046497736126184464
test_2022_2023,28 Monseñor Nouel,0,2023,33,0.09923474490642548,0.1526067554950714
test_2022_2023,28 Monseñor Nouel,0,2023,34,0.319756418466568,0.10800588876008987
test_2022_2023,28 Monseñor Nouel,0,2023,35,0.5182259678840637,0.2927304804325104
test_2022_2023,28 Monseñor Nouel,0,2023,36,0.5292520523071289,0.436078280210495
test_2022_2023,28 Monseñor Nouel,0,2023,37,0.3748868703842163,0.39245325326919556
test_2022_2023,28 Monseñor Nouel,0,2023,38,0.011026084423065186,0.23829913139343262
test_2022_2023,29 Monte Plata,0,2022,5,0.060862865298986435,0.00603947788476944
test_2022_2023,29 Monte Plata,0,2022,6,0.04057524353265762,0.04455649107694626
test_2022_2023,29 Monte Plata,0,2022,7,0.02028762362897396,0.0349280945956707
test_2022_2023,29 Monte Plata,0,2022,8,0.010143812745809555,0.013554360717535019
test_2022_2023,29 Monte Plata,0,2022,9,0.0,0.006263024639338255
test_2022_2023,29 Monte Plata,0,2022,10,0.010143812745809555,-0.0013861688785254955
test_2022_2023,29 Monte Plata,0,2022,11,0.030431434512138367,0.005997106432914734
test_2022_2023,29 Monte Plata,0,2022,12,0.04057524353265762,0.021374208852648735
test_2022_2023,29 Monte Plata,0,2022,13,0.010143812745809555,0.03054027259349823
test_2022_2023,29 Monte Plata,0,2022,14,0.02028762362897396,0.009855635464191437
test_2022_2023,29 Monte Plata,0,2022,15,0.010143812745809555,0.015317169018089771
test_2022_2023,29 Monte Plata,0,2022,16,0.08115048706531525,0.008630206808447838
test_2022_2023,29 Monte Plata,0,2022,17,0.010143812745809555,0.05875709652900696
test_2022_2023,29 Monte Plata,0,2022,18,0.04057524353265762,0.016479309648275375
test_2022_2023,29 Monte Plata,0,2022,19,0.05071905627846718,0.028865760192275047
test_2022_2023,29 Monte Plata,0,2022,20,0.030431434512138367,0.04241720587015152
test_2022_2023,29 Monte Plata,0,2022,21,0.05071905627846718,0.03062724880874157
test_2022_2023,29 Monte Plata,0,2022,22,0.0710066705942154,0.04255226254463196
test_2022_2023,29 Monte Plata,0,2022,23,0.030431434512138367,0.06314917653799057
test_2022_2023,29 Monte Plata,0,2022,24,0.04057524353265762,0.03681660443544388
test_2022_2023,29 Monte Plata,0,2022,25,0.04057524353265762,0.03870849311351776
test_2022_2023,29 Monte Plata,0,2022,26,0.060862865298986435,0.040903490036726
test_2022_2023,29 Monte Plata,0,2022,27,0.05071905627846718,0.05621267855167389
test_2022_2023,29 Monte Plata,0,2022,28,0.060862865298986435,0.05055294558405876
test_2022_2023,29 Monte Plata,0,2022,29,0.060862865298986435,0.0557747446000576
test_2022_2023,29 Monte Plata,0,2022,30,0.08115048706531525,0.05885271355509758
test_2022_2023,29 Monte Plata,0,2022,31,0.11158192157745361,0.07351670414209366
test_2022_2023,29 Monte Plata,0,2022,32,0.060862865298986435,0.09890738129615784
test_2022_2023,29 Monte Plata,0,2022,33,0.0710066705942154,0.06499549746513367
test_2022_2023,29 Monte Plata,0,2022,34,0.12172573804855347,0.06476614624261856
test_2022_2023,29 Monte Plata,0,2022,35,0.11158192157745361,0.10135279595851898
test_2022_2023,29 Monte Plata,0,2022,36,0.1623009741306305,0.1011287197470665
test_2022_2023,29 Monte Plata,0,2022,37,0.14201335608959198,0.14131762087345123
test_2022_2023,29 Monte Plata,0,2022,38,0.17244480550289154,0.12341780215501785
test_2022_2023,29 Monte Plata,0,2022,39,0.08115048706531525,0.1418667435646057
test_2022_2023,29 Monte Plata,0,2022,40,0.17244480550289154,0.07434779405593872
test_2022_2023,29 Monte Plata,0,2022,41,0.0912942960858345,0.13348962366580963
test_2022_2023,29 Monte Plata,0,2022,42,0.08115048706531525,0.07303285598754883
test_2022_2023,29 Monte Plata,0,2022,43,0.11158192157745361,0.0669713094830513
test_2022_2023,29 Monte Plata,0,2022,44,0.10143811255693436,0.08213136345148087
test_2022_2023,29 Monte Plata,0,2022,45,0.08115048706531525,0.08141544461250305
test_2022_2023,29 Monte Plata,0,2022,46,0.05071905627846718,0.0665627270936966
test_2022_2023,29 Monte Plata,0,2022,47,0.04057524353265762,0.039929162710905075
test_2022_2023,29 Monte Plata,0,2022,48,0.05071905627846718,0.03194379061460495
test_2022_2023,29 Monte Plata,0,2022,49,0.060862865298986435,0.04225759953260422
test_2022_2023,29 Monte Plata,0,2022,50,0.0710066705942154,0.050279401242733
test_2022_2023,29 Monte Plata,0,2022,51,0.02028762362897396,0.05598750337958336
test_2022_2023,29 Monte Plata,0,2022,52,0.0,0.017662014812231064
test_2022_2023,29 Monte Plata,0,2023,1,0.02024069055914879,-0.003481575520709157
test_2022_2023,29 Monte Plata,0,2023,2,0.0,0.010551605373620987
test_2022_2023,29 Monte Plata,0,2023,3,0.030361037701368332,0.0006071532261557877
test_2022_2023,29 Monte Plata,0,2023,4,0.0,0.019633622840046883
test_2022_2023,29 Monte Plata,0,2023,5,0.030361037701368332,-7.92366063251393e-06
test_2022_2023,29 Monte Plata,0,2023,6,0.010120346210896969,0.020684704184532166
test_2022_2023,29 Monte Plata,0,2023,7,0.010120346210896969,0.010008670389652252
test_2022_2023,29 Monte Plata,0,2023,8,0.010120346210896969,0.004392716102302074
test_2022_2023,29 Monte Plata,0,2023,9,0.010120346210896969,0.007063128054141998
test_2022_2023,29 Monte Plata,0,2023,10,0.0,0.007483252324163914
test_2022_2023,29 Monte Plata,0,2023,11,0.02024069055914879,6.864083115942776e-05
test_2022_2023,29 Monte Plata,0,2023,12,0.02024069055914879,0.015770599246025085
test_2022_2023,29 Monte Plata,0,2023,13,0.0,0.018858401104807854
test_2022_2023,29 Monte Plata,0,2023,14,0.0,0.0038489485159516335
test_2022_2023,29 Monte Plata,0,2023,15,0.0,0.000955486495513469
test_2022_2023,29 Monte Plata,0,2023,16,0.0,0.0022466571535915136
test_2022_2023,29 Monte Plata,0,2023,17,0.0,0.001780364429578185
test_2022_2023,29 Monte Plata,0,2023,18,0.010120346210896969,0.001581304706633091
test_2022_2023,29 Monte Plata,0,2023,19,0.0,0.0084829181432724
test_2022_2023,29 Monte Plata,0,2023,20,0.0,0.004132837988436222
test_2022_2023,29 Monte Plata,0,2023,21,0.010120346210896969,0.002536326413974166
test_2022_2023,29 Monte Plata,0,2023,22,0.010120346210896969,0.01346449926495552
test_2022_2023,29 Monte Plata,0,2023,23,0.010120346210896969,0.011949059553444386
test_2022_2023,29 Monte Plata,0,2023,24,0.08096276223659515,0.013351223431527615
test_2022_2023,29 Monte Plata,0,2023,25,0.0,0.06810469180345535
test_2022_2023,29 Monte Plata,0,2023,26,0.02024069055914879,0.019711049273610115
test_2022_2023,29 Monte Plata,0,2023,27,0.10120344907045364,0.024583231657743454
test_2022_2023,29 Monte Plata,0,2023,28,0.04048138111829758,0.08509152382612228
test_2022_2023,29 Monte Plata,0,2023,29,0.12144415080547333,0.05226357281208038
test_2022_2023,29 Monte Plata,0,2023,30,0.08096276223659515,0.11101897805929184
test_2022_2023,29 Monte Plata,0,2023,31,0.13156449794769287,0.08863719552755356
test_2022_2023,29 Monte Plata,0,2023,32,0.07084241509437561,0.12462739646434784
test_2022_2023,29 Monte Plata,0,2023,33,0.13156449794769287,0.08021827787160873
test_2022_2023,29 Monte Plata,0,2023,34,0.13156449794769287,0.12220512330532074
test_2022_2023,29 Monte Plata,0,2023,35,0.23276792466640472,0.12097104638814926
test_2022_2023,29 Monte Plata,0,2023,36,0.26312896609306335,0.20600807666778564
test_2022_2023,29 Monte Plata,0,2023,37,0.31373071670532227,0.22478064894676208
test_2022_2023,29 Monte Plata,0,2023,38,0.010120346210896969,0.24692323803901672
test_2022_2023,30 Hato Mayor,2,2022,5,0.0,0.01599925383925438
test_2022_2023,30 Hato Mayor,2,2022,6,0.0,-0.006916802376508713
test_2022_2023,30 Hato Mayor,2,2022,7,0.0,-0.005550710018724203
test_2022_2023,30 Hato Mayor,2,2022,8,0.02269153855741024,0.0023470940068364143
test_2022_2023,30 Hato Mayor,2,2022,9,0.0,0.02079451084136963
test_2022_2023,30 Hato Mayor,2,2022,10,0.0,-0.0009388201870024204
test_2022_2023,30 Hato Mayor,2,2022,11,0.02269153855741024,-0.0021610641852021217
test_2022_2023,30 Hato Mayor,2,2022,12,0.0,0.018728533759713173
test_2022_2023,30 Hato Mayor,2,2022,13,0.04538307711482048,-0.003154670586809516
test_2022_2023,30 Hato Mayor,2,2022,14,0.09076615422964096,0.03859862685203552
test_2022_2023,30 Hato Mayor,2,2022,15,0.13614922761917114,0.0711713656783104
test_2022_2023,30 Hato Mayor,2,2022,16,0.0,0.10782322287559509
test_2022_2023,30 Hato Mayor,2,2022,17,0.02269153855741024,-0.0025678519159555435
test_2022_2023,30 Hato Mayor,2,2022,18,0.02269153855741024,0.025331925600767136
test_2022_2023,30 Hato Mayor,2,2022,19,0.02269153855741024,0.014182611368596554
test_2022_2023,30 Hato Mayor,2,2022,20,0.04538307711482048,0.018044235184788704
test_2022_2023,30 Hato Mayor,2,2022,21,0.02269153855741024,0.03361515328288078
test_2022_2023,30 Hato Mayor,2,2022,22,0.02269153855741024,0.02108185738325119
test_2022_2023,30 Hato Mayor,2,2022,23,0.06807461380958557,0.014868979342281818
test_2022_2023,30 Hato Mayor,2,2022,24,0.02269153855741024,0.06324047595262527
test_2022_2023,30 Hato Mayor,2,2022,25,0.04538307711482048,0.020113464444875717
test_2022_2023,30 Hato Mayor,2,2022,26,0.2722984254360199,0.04230000078678131
test_2022_2023,30 Hato Mayor,2,2022,27,0.6126714944839478,0.24132993817329407
test_2022_2023,30 Hato Mayor,2,2022,28,0.6807461977005005,0.5673392415046692
test_2022_2023,30 Hato Mayor,2,2022,29,0.5219053626060486,0.7686235308647156
test_2022_2023,30 Hato Mayor,2,2022,30,0.34037306904792786,0.5845082402229309
test_2022_2023,30 Hato Mayor,2,2022,31,0.11345768719911575,0.4075518250465393
test_2022_2023,30 Hato Mayor,2,2022,32,0.15884077548980713,0.17639529705047607
test_2022_2023,30 Hato Mayor,2,2022,33,0.2042238414287567,0.1746109426021576
test_2022_2023,30 Hato Mayor,2,2022,34,0.2949899733066559,0.2064157873392105
test_2022_2023,30 Hato Mayor,2,2022,35,0.09076615422964096,0.27547487616539
test_2022_2023,30 Hato Mayor,2,2022,36,0.13614922761917114,0.08121669292449951
test_2022_2023,30 Hato Mayor,2,2022,37,0.09076615422964096,0.1269194334745407
test_2022_2023,30 Hato Mayor,2,2022,38,0.18153229355812073,0.10084725171327591
test_2022_2023,30 Hato Mayor,2,2022,39,0.15884077548980713,0.1787075251340866
test_2022_2023,30 Hato Mayor,2,2022,40,0.38575613498687744,0.13866207003593445
test_2022_2023,30 Hato Mayor,2,2022,41,0.15884077548980713,0.33385661244392395
test_2022_2023,30 Hato Mayor,2,2022,42,0.13614922761917114,0.10884897410869598
test_2022_2023,30 Hato Mayor,2,2022,43,0.02269153855741024,0.1224464401602745
test_2022_2023,30 Hato Mayor,2,2022,44,0.06807461380958557,0.03465530276298523
test_2022_2023,30 Hato Mayor,2,2022,45,0.04538307711482048,0.062285806983709335
test_2022_2023,30 Hato Mayor,2,2022,46,0.06807461380958557,0.042666755616664886
test_2022_2023,30 Hato Mayor,2,2022,47,0.0,0.053946807980537415
test_2022_2023,30 Hato Mayor,2,2022,48,0.0,-0.003715346334502101
test_2022_2023,30 Hato Mayor,2,2022,49,0.02269153855741024,-0.0002543677110224962
test_2022_2023,30 Hato Mayor,2,2022,50,0.02269153855741024,0.025194186717271805
test_2022_2023,30 Hato Mayor,2,2022,51,0.0,0.016217855736613274
test_2022_2023,30 Hato Mayor,2,2022,52,0.0,-0.003523772582411766
test_2022_2023,30 Hato Mayor,2,2023,1,0.0,-0.004917568061500788
test_2022_2023,30 Hato Mayor,2,2023,2,0.0,-0.001858546631410718
test_2022_2023,30 Hato Mayor,2,2023,3,0.0,-0.010101638734340668
test_2022_2023,30 Hato Mayor,2,2023,4,0.0,-0.008122698403894901
test_2022_2023,30 Hato Mayor,2,2023,5,0.0,-0.00596062233671546
test_2022_2023,30 Hato Mayor,2,2023,6,0.0,-0.00635042879730463
test_2022_2023,30 Hato Mayor,2,2023,7,0.022685457020998,-0.00680480757728219
test_2022_2023,30 Hato Mayor,2,2023,8,0.0,0.018915023654699326
test_2022_2023,30 Hato Mayor,2,2023,9,0.0,-0.004413043614476919
test_2022_2023,30 Hato Mayor,2,2023,10,0.0,-0.0015772273764014244
test_2022_2023,30 Hato Mayor,2,2023,11,0.0,0.0010289587080478668
test_2022_2023,30 Hato Mayor,2,2023,12,0.0,0.00027346998103894293
test_2022_2023,30 Hato Mayor,2,2023,13,0.022685457020998,5.1998955314047635e-05
test_2022_2023,30 Hato Mayor,2,2023,14,0.0,0.02091023698449135
test_2022_2023,30 Hato Mayor,2,2023,15,0.0,0.0033929708879441023
test_2022_2023,30 Hato Mayor,2,2023,16,0.0,0.0018295448971912265
test_2022_2023,30 Hato Mayor,2,2023,17,0.0,0.0034792497754096985
test_2022_2023,30 Hato Mayor,2,2023,18,0.0,0.005493872798979282
test_2022_2023,30 Hato Mayor,2,2023,19,0.022685457020998,0.004466173239052296
test_2022_2023,30 Hato Mayor,2,2023,20,0.022685457020998,0.022591235116124153
test_2022_2023,30 Hato Mayor,2,2023,21,0.0,0.031495969742536545
test_2022_2023,30 Hato Mayor,2,2023,22,0.0,0.0006265888805501163
test_2022_2023,30 Hato Mayor,2,2023,23,0.0680563673377037,0.007689864840358496
test_2022_2023,30 Hato Mayor,2,2023,24,0.1361127495765686,0.06697671860456467
test_2022_2023,30 Hato Mayor,2,2023,25,0.0,0.1291012167930603
test_2022_2023,30 Hato Mayor,2,2023,26,0.0680563673377037,0.017402008175849915
test_2022_2023,30 Hato Mayor,2,2023,27,0.0,0.07228323817253113
test_2022_2023,30 Hato Mayor,2,2023,28,0.022685457020998,0.02205941453576088
test_2022_2023,30 Hato Mayor,2,2023,29,0.0,0.02812778204679489
test_2022_2023,30 Hato Mayor,2,2023,30,0.090741828083992,0.009215633384883404
test_2022_2023,30 Hato Mayor,2,2023,31,0.0680563673377037,0.08698148280382156
test_2022_2023,30 Hato Mayor,2,2023,32,0.022685457020998,0.07564204186201096
test_2022_2023,30 Hato Mayor,2,2023,33,0.0680563673377037,0.029657814651727676
test_2022_2023,30 Hato Mayor,2,2023,34,0.0,0.07171191275119781
test_2022_2023,30 Hato Mayor,2,2023,35,0.11342728137969971,0.01738346926867962
test_2022_2023,30 Hato Mayor,2,2023,36,0.090741828083992,0.10714621096849442
test_2022_2023,30 Hato Mayor,2,2023,37,0.1361127495765686,0.10801119357347488
test_2022_2023,30 Hato Mayor,2,2023,38,0.0,0.15824690461158752
test_2022_2023,31 San José de Ocoa,3,2022,5,0.1461055874824524,-0.0052600703202188015
test_2022_2023,31 San José de Ocoa,3,2022,6,0.0,0.12787815928459167
test_2022_2023,31 San José de Ocoa,3,2022,7,0.10957919806241989,-0.031645797193050385
test_2022_2023,31 San José de Ocoa,3,2022,8,0.0365264005959034,0.09626936167478561
test_2022_2023,31 San José de Ocoa,3,2022,9,0.0730528011918068,0.01577184721827507
test_2022_2023,31 San José de Ocoa,3,2022,10,0.0,0.061632245779037476
test_2022_2023,31 San José de Ocoa,3,2022,11,0.0365264005959034,-0.013875479809939861
test_2022_2023,31 San José de Ocoa,3,2022,12,0.0,0.035900674760341644
test_2022_2023,31 San José de Ocoa,3,2022,13,0.0,0.0011077357921749353
test_2022_2023,31 San José de Ocoa,3,2022,14,0.0,0.002722569042816758
test_2022_2023,31 San José de Ocoa,3,2022,15,0.0,0.0029252555686980486
test_2022_2023,31 San José de Ocoa,3,2022,16,0.0,0.005309199448674917
test_2022_2023,31 San José de Ocoa,3,2022,17,0.0,0.009437589906156063
test_2022_2023,31 San José de Ocoa,3,2022,18,0.1461055874824524,0.0029053043108433485
test_2022_2023,31 San José de Ocoa,3,2022,19,0.10957919806241989,0.12811188399791718
test_2022_2023,31 San José de Ocoa,3,2022,20,0.0365264005959034,0.095316082239151
test_2022_2023,31 San José de Ocoa,3,2022,21,0.10957919806241989,0.023303616791963577
test_2022_2023,31 San José de Ocoa,3,2022,22,0.2191583812236786,0.09607506543397903
test_2022_2023,31 San José de Ocoa,3,2022,23,0.0730528011918068,0.1864907592535019
test_2022_2023,31 San José de Ocoa,3,2022,24,0.0730528011918068,0.04879516735672951
test_2022_2023,31 San José de Ocoa,3,2022,25,0.10957919806241989,0.0687519907951355
test_2022_2023,31 San José de Ocoa,3,2022,26,0.1461055874824524,0.09781157225370407
test_2022_2023,31 San José de Ocoa,3,2022,27,0.10957919806241989,0.13411708176136017
test_2022_2023,31 San José de Ocoa,3,2022,28,0.0365264005959034,0.0981728807091713
test_2022_2023,31 San José de Ocoa,3,2022,29,0.3287375867366791,0.04194071516394615
test_2022_2023,31 San José de Ocoa,3,2022,30,0.2191583812236786,0.29335683584213257
test_2022_2023,31 San José de Ocoa,3,2022,31,0.36526399850845337,0.19810709357261658
test_2022_2023,31 San José de Ocoa,3,2022,32,0.10957919806241989,0.35096853971481323
test_2022_2023,31 San José de Ocoa,3,2022,33,0.3287375867366791,0.11152755469083786
test_2022_2023,31 San José de Ocoa,3,2022,34,0.0365264005959034,0.30539804697036743
test_2022_2023,31 San José de Ocoa,3,2022,35,0.2556847929954529,0.027384422719478607
test_2022_2023,31 San José de Ocoa,3,2022,36,0.47484317421913147,0.2416577935218811
test_2022_2023,31 San José de Ocoa,3,2022,37,0.5844224095344543,0.37195563316345215
test_2022_2023,31 San José de Ocoa,3,2022,38,0.6209487318992615,0.5103178024291992
test_2022_2023,31 San José de Ocoa,3,2022,39,0.36526399850845337,0.5359251499176025
test_2022_2023,31 San José de Ocoa,3,2022,40,0.0730528011918068,0.2847000062465668
test_2022_2023,31 San José de Ocoa,3,2022,41,0.0730528011918068,0.05254171043634415
test_2022_2023,31 San José de Ocoa,3,2022,42,0.3287375867366791,0.024416130036115646
test_2022_2023,31 San José de Ocoa,3,2022,43,0.1461055874824524,0.25348567962646484
test_2022_2023,31 San José de Ocoa,3,2022,44,0.0365264005959034,0.1077502891421318
test_2022_2023,31 San José de Ocoa,3,2022,45,0.36526399850845337,0.03472883254289627
test_2022_2023,31 San José de Ocoa,3,2022,46,0.8401072025299072,0.29093682765960693
test_2022_2023,31 San José de Ocoa,3,2022,47,0.2922111749649048,0.577610433101654
test_2022_2023,31 San José de Ocoa,3,2022,48,0.36526399850845337,0.11779278516769409
test_2022_2023,31 San José de Ocoa,3,2022,49,0.36526399850845337,0.2808658182621002
test_2022_2023,31 San José de Ocoa,3,2022,50,0.2556847929954529,0.1313895583152771
test_2022_2023,31 San José de Ocoa,3,2022,51,0.10957919806241989,0.171319842338562
test_2022_2023,31 San José de Ocoa,3,2022,52,0.2191583812236786,0.05151275172829628
test_2022_2023,31 San José de Ocoa,3,2023,1,0.29525241255760193,0.14366401731967926
test_2022_2023,31 San José de Ocoa,3,2023,2,0.2583458125591278,0.2006329447031021
test_2022_2023,31 San José de Ocoa,3,2023,3,0.14762620627880096,0.16118691861629486
test_2022_2023,31 San José de Ocoa,3,2023,4,0.11071965098381042,0.06487388163805008
test_2022_2023,31 San José de Ocoa,3,2023,5,0.03690655156970024,0.046011291444301605
test_2022_2023,31 San José de Ocoa,3,2023,6,0.1845327466726303,-0.008250962942838669
test_2022_2023,31 San José de Ocoa,3,2023,7,0.07381309568881989,0.15097692608833313
test_2022_2023,31 San José de Ocoa,3,2023,8,0.0,0.028931740671396255
test_2022_2023,31 San José de Ocoa,3,2023,9,0.03690655156970024,-0.02041240781545639
test_2022_2023,31 San José de Ocoa,3,2023,10,0.0,0.03385533019900322
test_2022_2023,31 San José de Ocoa,3,2023,11,0.0,-0.003708116477355361
test_2022_2023,31 San José de Ocoa,3,2023,12,0.03690655156970024,0.0020251674577593803
test_2022_2023,31 San José de Ocoa,3,2023,13,0.0,0.037836574018001556
test_2022_2023,31 San José de Ocoa,3,2023,14,0.03690655156970024,0.003771170973777771
test_2022_2023,31 San José de Ocoa,3,2023,15,0.03690655156970024,0.04611149802803993
test_2022_2023,31 San José de Ocoa,3,2023,16,0.07381309568881989,0.040160492062568665
test_2022_2023,31 San José de Ocoa,3,2023,17,0.0,0.0728960707783699
test_2022_2023,31 San José de Ocoa,3,2023,18,0.03690655156970024,0.004845637362450361
test_2022_2023,31 San José de Ocoa,3,2023,19,0.0,0.04492240399122238
test_2022_2023,31 San José de Ocoa,3,2023,20,0.0,0.017702337354421616
test_2022_2023,31 San José de Ocoa,3,2023,21,0.0,0.02083517611026764
test_2022_2023,31 San José de Ocoa,3,2023,22,0.0,0.014894886873662472
test_2022_2023,31 San José de Ocoa,3,2023,23,0.07381309568881989,0.012971058487892151
test_2022_2023,31 San José de Ocoa,3,2023,24,0.0,0.0893951877951622
test_2022_2023,31 San José de Ocoa,3,2023,25,0.03690655156970024,0.010158278048038483
test_2022_2023,31 San José de Ocoa,3,2023,26,0.0,0.05742868781089783
test_2022_2023,31 San José de Ocoa,3,2023,27,0.0,0.021311026066541672
test_2022_2023,31 San José de Ocoa,3,2023,28,0.03690655156970024,0.013097727671265602
test_2022_2023,31 San José de Ocoa,3,2023,29,0.11071965098381042,0.04476511478424072
test_2022_2023,31 San José de Ocoa,3,2023,30,0.22143928706645966,0.11336920410394669
test_2022_2023,31 San José de Ocoa,3,2023,31,0.2583458125591278,0.21991345286369324
test_2022_2023,31 San José de Ocoa,3,2023,32,0.29525241255760193,0.2810930013656616
test_2022_2023,31 San José de Ocoa,3,2023,33,0.11071965098381042,0.3303910493850708
test_2022_2023,31 San José de Ocoa,3,2023,34,0.4428786039352417,0.16994239389896393
test_2022_2023,31 San José de Ocoa,3,2023,35,0.7750375866889954,0.4460467994213104
test_2022_2023,31 San José de Ocoa,3,2023,36,0.9964768886566162,0.6564977169036865
test_2022_2023,31 San José de Ocoa,3,2023,37,0.6274113655090332,0.785306453704834
test_2022_2023,31 San José de Ocoa,3,2023,38,0.0,0.5288344025611877
test_2022_2023,32 Santo Domingo,4,2022,5,0.013597643002867699,0.019564859569072723
test_2022_2023,32 Santo Domingo,4,2022,6,0.016187669709324837,0.012588358484208584
test_2022_2023,32 Santo Domingo,4,2022,7,0.01100761629641056,0.011572820134460926
test_2022_2023,32 Santo Domingo,4,2022,8,0.010360108688473701,0.008973157964646816
test_2022_2023,32 Santo Domingo,4,2022,9,0.016835177317261696,0.00838160328567028
test_2022_2023,32 Santo Domingo,4,2022,10,0.014245148748159409,0.011502875946462154
test_2022_2023,32 Santo Domingo,4,2022,11,0.014245148748159409,0.010753707028925419
test_2022_2023,32 Santo Domingo,4,2022,12,0.016835177317261696,0.009699810296297073
test_2022_2023,32 Santo Domingo,4,2022,13,0.016835177317261696,0.011421210132539272
test_2022_2023,32 Santo Domingo,4,2022,14,0.021367724984884262,0.013322167098522186
test_2022_2023,32 Santo Domingo,4,2022,15,0.020720217376947403,0.015402375720441341
test_2022_2023,32 Santo Domingo,4,2022,16,0.017482684925198555,0.0165379848331213
test_2022_2023,32 Santo Domingo,4,2022,17,0.012950136326253414,0.015781590715050697
test_2022_2023,32 Santo Domingo,4,2022,18,0.020072709769010544,0.013464325107634068
test_2022_2023,32 Santo Domingo,4,2022,19,0.012950136326253414,0.015118539333343506
test_2022_2023,32 Santo Domingo,4,2022,20,0.020072709769010544,0.013563567772507668
test_2022_2023,32 Santo Domingo,4,2022,21,0.0239577516913414,0.016222544014453888
test_2022_2023,32 Santo Domingo,4,2022,22,0.031727831810712814,0.01900273561477661
test_2022_2023,32 Santo Domingo,4,2022,23,0.02266273833811283,0.02475295588374138
test_2022_2023,32 Santo Domingo,4,2022,24,0.02266273833811283,0.023022376000881195
test_2022_2023,32 Santo Domingo,4,2022,25,0.016835177317261696,0.02247321605682373
test_2022_2023,32 Santo Domingo,4,2022,26,0.0239577516913414,0.02007845602929592
test_2022_2023,32 Santo Domingo,4,2022,27,0.02460525743663311,0.023110896348953247
test_2022_2023,32 Santo Domingo,4,2022,28,0.016835177317261696,0.024645695462822914
test_2022_2023,32 Santo Domingo,4,2022,29,0.026547778397798538,0.019779030233621597
test_2022_2023,32 Santo Domingo,4,2022,30,0.0239577516913414,0.02304425835609436
test_2022_2023,32 Santo Domingo,4,2022,31,0.03885040804743767,0.023324359208345413
test_2022_2023,32 Santo Domingo,4,2022,32,0.03431785851716995,0.03140433877706528
test_2022_2023,32 Santo Domingo,4,2022,33,0.04597298428416252,0.03332473710179329
test_2022_2023,32 Santo Domingo,4,2022,34,0.05050553008913994,0.04038099944591522
test_2022_2023,32 Santo Domingo,4,2022,35,0.053095556795597076,0.04540589824318886
test_2022_2023,32 Santo Domingo,4,2022,36,0.04014541953802109,0.04990670457482338
test_2022_2023,32 Santo Domingo,4,2022,37,0.04921051859855652,0.04522004723548889
test_2022_2023,32 Santo Domingo,4,2022,38,0.06216065213084221,0.04782899096608162
test_2022_2023,32 Santo Domingo,4,2022,39,0.0511530376970768,0.057569973170757294
test_2022_2023,32 Santo Domingo,4,2022,40,0.055038079619407654,0.05358482524752617
test_2022_2023,32 Santo Domingo,4,2022,41,0.04985802248120308,0.05381794273853302
test_2022_2023,32 Santo Domingo,4,2022,42,0.053095556795597076,0.04961809888482094
test_2022_2023,32 Santo Domingo,4,2022,43,0.05762810632586479,0.049554355442523956
test_2022_2023,32 Santo Domingo,4,2022,44,0.04856301099061966,0.05154241994023323
test_2022_2023,32 Santo Domingo,4,2022,45,0.043382953852415085,0.04717393219470978
test_2022_2023,32 Santo Domingo,4,2022,46,0.03690788894891739,0.0414772629737854
test_2022_2023,32 Santo Domingo,4,2022,47,0.028490299358963966,0.03517747297883034
test_2022_2023,32 Santo Domingo,4,2022,48,0.029137805104255676,0.028655100613832474
test_2022_2023,32 Santo Domingo,4,2022,49,0.02460525743663311,0.02803037501871586
test_2022_2023,32 Santo Domingo,4,2022,50,0.018777696415781975,0.022387640550732613
test_2022_2023,32 Santo Domingo,4,2022,51,0.017482684925198555,0.016784723848104477
test_2022_2023,32 Santo Domingo,4,2022,52,0.020072709769010544,0.01582946628332138
test_2022_2023,32 Santo Domingo,4,2023,1,0.046487174928188324,0.016984470188617706
test_2022_2023,32 Santo Domingo,4,2023,2,0.024198804050683975,0.03145537152886391
test_2022_2023,32 Santo Domingo,4,2023,3,0.018467508256435394,0.023166893050074577
test_2022_2023,32 Santo Domingo,4,2023,4,0.01018897071480751,0.01529571134597063
test_2022_2023,32 Santo Domingo,4,2023,5,0.012099402956664562,0.009363912977278233
test_2022_2023,32 Santo Domingo,4,2023,6,0.011462591588497162,0.007791541516780853
test_2022_2023,32 Santo Domingo,4,2023,7,0.013373021967709064,0.007127490360289812
test_2022_2023,32 Santo Domingo,4,2023,8,0.01018897071480751,0.008200918324291706
test_2022_2023,32 Santo Domingo,4,2023,9,0.01400983426719904,0.007201087661087513
test_2022_2023,32 Santo Domingo,4,2023,10,0.006368105765432119,0.00852690078318119
test_2022_2023,32 Santo Domingo,4,2023,11,0.009552158415317535,0.00570071442052722
test_2022_2023,32 Santo Domingo,4,2023,12,0.006368105765432119,0.006836950313299894
test_2022_2023,32 Santo Domingo,4,2023,13,0.007004918064922094,0.005369716323912144
test_2022_2023,32 Santo Domingo,4,2023,14,0.0012736228527501225,0.00542426249012351
test_2022_2023,32 Santo Domingo,4,2023,15,0.0076417275704443455,0.002816373948007822
test_2022_2023,32 Santo Domingo,4,2023,16,0.006368105765432119,0.005008356645703316
test_2022_2023,32 Santo Domingo,4,2023,17,0.008278537541627884,0.005733946338295937
test_2022_2023,32 Santo Domingo,4,2023,18,0.004457675386220217,0.007563132327049971
test_2022_2023,32 Santo Domingo,4,2023,19,0.013373021967709064,0.005405057221651077
test_2022_2023,32 Santo Domingo,4,2023,20,0.00891534797847271,0.011619237251579762
test_2022_2023,32 Santo Domingo,4,2023,21,0.00891534797847271,0.011837487109005451
test_2022_2023,32 Santo Domingo,4,2023,22,0.015283455140888691,0.010858017019927502
test_2022_2023,32 Santo Domingo,4,2023,23,0.021014750003814697,0.014142218977212906
test_2022_2023,32 Santo Domingo,4,2023,24,0.01592026650905609,0.019888902083039284
test_2022_2023,32 Santo Domingo,4,2023,25,0.02228837087750435,0.020172638818621635
test_2022_2023,32 Santo Domingo,4,2023,26,0.031203720718622208,0.024297522380948067
test_2022_2023,32 Santo Domingo,4,2023,27,0.0445767417550087,0.03189559280872345
test_2022_2023,32 Santo Domingo,4,2023,28,0.054765716195106506,0.043162811547517776
test_2022_2023,32 Santo Domingo,4,2023,29,0.06431787461042404,0.05448035150766373
test_2022_2023,32 Santo Domingo,4,2023,30,0.08023814111948013,0.06559794396162033
test_2022_2023,32 Santo Domingo,4,2023,31,0.0993424654006958,0.07957242429256439
test_2022_2023,32 Santo Domingo,4,2023,32,0.1388247162103653,0.09830258786678314
test_2022_2023,32 Santo Domingo,4,2023,33,0.17767015099525452,0.1296156942844391
test_2022_2023,32 Santo Domingo,4,2023,34,0.23434630036354065,0.16758202016353607
test_2022_2023,32 Santo Domingo,4,2023,35,0.35725077986717224,0.21408069133758545
test_2022_2023,32 Santo Domingo,4,2023,36,0.5075380802154541,0.2959922254085541
test_2022_2023,32 Santo Domingo,4,2023,37,0.3578875660896301,0.4076267182826996
test_2022_2023,32 Santo Domingo,4,2023,38,0.01400983426719904,0.3543859124183655
